INSERT INTO Restaurants (res_id,rname,address,min_amount) VALUES (1,'Non Lacinia','2366 Urna. Ave','15');
INSERT INTO Restaurants (res_id,rname,address,min_amount) VALUES (2,'Dignissim','Ap #353-9417 Nonummy Ave','15');
INSERT INTO Restaurants (res_id,rname,address,min_amount) VALUES (3,'Rhoncus Donec Est','407-5208 Sit Ave','15');
INSERT INTO Restaurants (res_id,rname,address,min_amount) VALUES (4,'Muthusamy Pizza','P.O. Box 990, 9455 Quis Ave','10');
INSERT INTO Restaurants (res_id,rname,address,min_amount) VALUES (5,'Molestie','P.O. Box 364, 6762 A Rd.','20');
INSERT INTO Restaurants (res_id,rname,address,min_amount) VALUES (6,'Din Tai Fung','P.O. Box 697, 2304 Luctus, Ave','10');
INSERT INTO Restaurants (res_id,rname,address,min_amount) VALUES (7,'McDonald','1651 Neque Rd.','10');
INSERT INTO Restaurants (res_id,rname,address,min_amount) VALUES (8,'KFC','P.O. Box 283, 3197 Turpis. St.','5');
INSERT INTO Restaurants (res_id,rname,address,min_amount) VALUES (9,'Italian Delights','P.O. Box 579, 2667 Tempor Ave','15');
INSERT INTO Restaurants (res_id,rname,address,min_amount) VALUES (10,'Marche','Ap #295-1811 Cras St.','15');
INSERT INTO Restaurants (res_id,rname,address,min_amount) VALUES (11,'Pezzo','P.O. Box 643, 7481 Fusce Road','5');
INSERT INTO Restaurants (res_id,rname,address,min_amount) VALUES (12,'Ameens','Ap #738-644 Purus Road','5');
INSERT INTO Restaurants (res_id,rname,address,min_amount) VALUES (13,'Yakiniku','8688 Libero. Avenue','15');
INSERT INTO Restaurants (res_id,rname,address,min_amount) VALUES (14,'Sukiya','P.O. Box 308, 8807 Sit St.','15');
INSERT INTO Restaurants (res_id,rname,address,min_amount) VALUES (15,'Mala Xiang Guo','P.O. Box 165, 9910 Risus. Street','10');
INSERT INTO Restaurants (res_id,rname,address,min_amount) VALUES (16,'Encik Tan','Ap #167-3036 Augue Avenue','10');
INSERT INTO Restaurants (res_id,rname,address,min_amount) VALUES (17,'Lau Pasat','Ap #260-9884 Diam. St.','10');
INSERT INTO Restaurants (res_id,rname,address,min_amount) VALUES (18,'Tauke Chicken Rice','P.O. Box 748, 2727 Integer St.','5');
INSERT INTO Restaurants (res_id,rname,address,min_amount) VALUES (19,'Old Chang Kee','Ap #443-5419 Tristique Av.','10');
INSERT INTO Restaurants (res_id,rname,address,min_amount) VALUES (20,'Lemens Bak Kut Teh','Ap #387-587 Velit Av.','20');
INSERT INTO Restaurants (res_id,rname,address,min_amount) VALUES (21,'Smoking Duck','Ap #335-2794 Semper. St.','10');
INSERT INTO Restaurants (res_id,rname,address,min_amount) VALUES (22,'Chicken Heaven','663-7253 Ante Ave','5');
INSERT INTO Restaurants (res_id,rname,address,min_amount) VALUES (23,'Food Hell','555-5009 Purus Avenue','15');
INSERT INTO Restaurants (res_id,rname,address,min_amount) VALUES (24,'Subway','P.O. Box 317, 9309 Eu Av.','20');
INSERT INTO Restaurants (res_id,rname,address,min_amount) VALUES (25,'GongCha','P.O. Box 544, 5557 Dis Road','5');
INSERT INTO Restaurants (res_id,rname,address,min_amount) VALUES (26,'TeaLive','Ap #888-2107 Nunc Road','5');
INSERT INTO Restaurants (res_id,rname,address,min_amount) VALUES (27,'LiHo','Ap #445-3848 Nonummy Avenue','15');
INSERT INTO Restaurants (res_id,rname,address,min_amount) VALUES (28,'ShareTea','P.O. Box 759, 6424 Nulla Road','10');
INSERT INTO Restaurants (res_id,rname,address,min_amount) VALUES (29,'Koi','8475 Facilisis Av.','15');
INSERT INTO Restaurants (res_id,rname,address,min_amount) VALUES (30,'Domino Pizza','5428 Sem. Rd.','10');
INSERT INTO Restaurants (res_id,rname,address,min_amount) VALUES (31,'Malaysian Street','722-6134 Vel, Avenue','5');
INSERT INTO Restaurants (res_id,rname,address,min_amount) VALUES (32,'Burmese Heaven','Ap #170-5953 Sodales Av.','10');
INSERT INTO Restaurants (res_id,rname,address,min_amount) VALUES (33,'Kim Gary','3402 Vitae Avenue','20');
INSERT INTO Restaurants (res_id,rname,address,min_amount) VALUES (34,'Dim Sum Ling Long','P.O. Box 821, 4790 Odio Avenue','20');
INSERT INTO Restaurants (res_id,rname,address,min_amount) VALUES (35,'Formosa Heaven','P.O. Box 639, 6419 Tempor Rd.','5');
INSERT INTO Restaurants (res_id,rname,address,min_amount) VALUES (36,'Nandos','P.O. Box 909, 987 Et Av.','10');
INSERT INTO Restaurants (res_id,rname,address,min_amount) VALUES (37,'Vel Venenatis','P.O. Box 953, 1593 Nonummy Street','5');
INSERT INTO Restaurants (res_id,rname,address,min_amount) VALUES (38,'Nulla Aliquet','549-245 Sed St.','10');
INSERT INTO Restaurants (res_id,rname,address,min_amount) VALUES (39,'Hong Kong Delights','Ap #984-2611 Nec Avenue','20');
INSERT INTO Restaurants (res_id,rname,address,min_amount) VALUES (40,'Pedro Branca','264-2286 Amet, Street','10');
INSERT INTO Restaurants (res_id,rname,address,min_amount) VALUES (41,'Korean BBQ Plate','P.O. Box 298, 3376 Phasellus St.','15');
INSERT INTO Restaurants (res_id,rname,address,min_amount) VALUES (42,'Western Food','1712 Curae; St.','15');
INSERT INTO Restaurants (res_id,rname,address,min_amount) VALUES (43,'GreenDot','P.O. Box 921, 6490 Luctus St.','15');
INSERT INTO Restaurants (res_id,rname,address,min_amount) VALUES (44,'Organic Matters','358-5044 Morbi St.','10');
INSERT INTO Restaurants (res_id,rname,address,min_amount) VALUES (45,'Iaculis','P.O. Box 205, 6363 Netus Av.','10');
INSERT INTO Restaurants (res_id,rname,address,min_amount) VALUES (46,'Vietnamese Boat','Ap #705-269 Eget, St.','10');
INSERT INTO Restaurants (res_id,rname,address,min_amount) VALUES (47,'Food Paradise','Ap #741-7352 Vel Road','20');
INSERT INTO Restaurants (res_id,rname,address,min_amount) VALUES (48,'Him Heang','Ap #909-7863 Donec St.','10');
INSERT INTO Restaurants (res_id,rname,address,min_amount) VALUES (49,'Secret Recipe','P.O. Box 661, 4602 Interdum. Ave','10');
INSERT INTO Restaurants (res_id,rname,address,min_amount) VALUES (50,'Aliquam Erat Volutpat','224-2003 Sem. St.','5');

--FoodItems
INSERT INTO FoodItems (food_id,name,description,imagepath) VALUES (1,'Flaxseed salad with tangerine dressing','A mouth-watering flaxseed salad served with tangerine dressing','dictum eu, placerat eget, venenatis a, magna. Lorem ipsum dolor sit amet,');
INSERT INTO FoodItems (food_id,name,description,imagepath) VALUES (2,'Nutmeg scones with tangerine jam','Fluffy, all-butter scones served with tangerine jam and fresh clotted cream','pellentesque massa lobortis ultrices. Vivamus rhoncus. Donec est. Nunc ullamcorper, velit in aliquet lobortis, nisi nibh lacinia orci, consectetuer euismod est arcu ac orci. Ut');
INSERT INTO FoodItems (food_id,name,description,imagepath) VALUES (3,'Potato and lime kebab','Skewer-cooked baby new potato and tangy lime served in warm pitta pockets','porta elit, a feugiat tellus lorem eu metus. In lorem. Donec elementum, lorem ut aliquam iaculis, lacus pede sagittis augue, eu tempor');
INSERT INTO FoodItems (food_id,name,description,imagepath) VALUES (4,'Potato and hazelnut cake','Moist cake made with baby new potato and hazelnut','ac arcu. Nunc mauris. Morbi non sapien molestie orci tincidunt adipiscing. Mauris molestie pharetra nibh. Aliquam ornare, libero at auctor ullamcorper, nisl arcu iaculis enim, sit amet');
INSERT INTO FoodItems (food_id,name,description,imagepath) VALUES (5,'Guava and lemon cheesecake','A velvety cheesecake layered with fresh guava and tangy lemon','rutrum magna. Cras convallis convallis dolor. Quisque tincidunt pede ac urna. Ut tincidunt vehicula risus. Nulla eget metus eu erat semper rutrum.');
INSERT INTO FoodItems (food_id,name,description,imagepath) VALUES (6,'Ricotta and chicken dumplings','Thin pastry cases stuffed with ricotta and free range chicken','libero at auctor ullamcorper, nisl arcu iaculis enim, sit amet ornare lectus justo eu arcu. Morbi sit');
INSERT INTO FoodItems (food_id,name,description,imagepath) VALUES (7,'Asafoetida and quorn vindaloo','Hot vindaloo made with asafoetida and quorn','augue malesuada malesuada. Integer id magna et ipsum cursus vestibulum. Mauris magna. Duis dignissim tempor arcu. Vestibulum ut eros non enim commodo hendrerit. Donec porttitor tellus');
INSERT INTO FoodItems (food_id,name,description,imagepath) VALUES (8,'Lancashire cheese and peanut salad','A crunchy salad featuring lancashire cheese and peanut','sed, facilisis vitae, orci. Phasellus dapibus quam quis diam. Pellentesque habitant morbi tristique senectus et netus et malesuada fames ac turpis egestas. Fusce aliquet');
INSERT INTO FoodItems (food_id,name,description,imagepath) VALUES (9,'Kiwi fruit and paneer salad','A crisp salad featuring fresh kiwi fruit and fried paneer','Phasellus vitae mauris sit amet lorem semper auctor. Mauris vel turpis. Aliquam adipiscing lobortis risus. In mi');
INSERT INTO FoodItems (food_id,name,description,imagepath) VALUES (10,'Bresaola and sausage penne','Fresh egg tubular pasta in a sauce made from bresaola and Cumberland sausage','magna et ipNam ligula elit, pretium et, rutrum non,');
INSERT INTO FoodItems (food_id,name,description,imagepath) VALUES (11,'Milk chocolate and treacle cookies','Crunchy cookies made with milk chocolate and black treacle','libero et tristique pellentesque, tellus sem mollis dui, in sodales elit');
INSERT INTO FoodItems (food_id,name,description,imagepath) VALUES (12,'Salmon and pepper fusilli','Fresh egg pasta in a sauce made from smoked salmon and green pepper','congue turpis. In condimentum. Donec at arcu. Vestibulum aae; Donec');
INSERT INTO FoodItems (food_id,name,description,imagepath) VALUES (13,'Spinach and mushroom wontons','Thin wonton cases stuffed with fresh spinach and shitake mushroom','neque non quam. Pellentesque habitant morbi tristique senectus et netus et malesuada fames ac turpis egestas. Aliquam fringilla cursus purus. Nullam scelerisque neque sed sem');
INSERT INTO FoodItems (food_id,name,description,imagepath) VALUES (14,' Chorizo and sage burgers','Tasty burgers made from Spanish chorizo and fresh sage, served in a roll','rutrum. Fusce dolor quam, elementum at, egestas a, scelerisque sed, sapien. Nunc pulvinar');
INSERT INTO FoodItems (food_id,name,description,imagepath) VALUES (15,'Lamb and caper penne','Fresh egg tubular pasta in a sauce made from minced lamb and caper','r conubia no In faucibus. Morbi');
INSERT INTO FoodItems (food_id,name,description,imagepath) VALUES (16,'Pork sausage meat and cranberry salad','Pork sausage meat and fresh cranberries served on a bed of lettuce','natoque penatibus et magnis dis parturient montes, nascetur ridiculus mus. Aenean eget magna. Suspendisse tristique neque venenatis lacus. Etiam bibendum fermentum metus. Aenean');
INSERT INTO FoodItems (food_id,name,description,imagepath) VALUES (17,'Lamb and chard curry','Hot curry made with minced lamb and fresh chard','luctus aliquet odio. Etiam ligula tortor, dictum eu, placerat eget, venenatis a, magna. Lorem ipsum dolor sit amet, consectetuer adipiscing elit. Etiam laoreet, libero');
INSERT INTO FoodItems (food_id,name,description,imagepath) VALUES (18,'Black pepper and turkey salad','Crushed black pepper and smoked turkey served on a bed of lettuce','aec non justo. Proin non massa non ante bibendum ullamcorper. Duis cursus, diam at pretium aliquet, metus urna convallis erat, eget tincidunt dui augue');
INSERT INTO FoodItems (food_id,name,description,imagepath) VALUES (19,'Bacon and chickpea pie','A shortcrust pasty case filled with back bacon and fresh chickpea','tristique pellentesque, tellus sem mollis dui, in sodales elit erat');
INSERT INTO FoodItems (food_id,name,description,imagepath) VALUES (20,'Fish and scallop dumplings','Thin pastry cases stuffed with fish and scallop','ultrices sit amet, risus. Donec nibh enim, gravida sit amet, dapibus id, blandit');
INSERT INTO FoodItems (food_id,name,description,imagepath) VALUES (21,'Paneer and tofu skewers','Bamboo skewers loaded with fried paneer and marinaded tofu','nunc. Quisque ornare tortor at risus. Nunc ac sem ut dolor dapibus gravida. Aliquam tincidunt, nunc ac mattis ornare, lectus ante dictum mi, ac mattis');
INSERT INTO FoodItems (food_id,name,description,imagepath) VALUES (22,'Rabbit and beef casserole','Rabbit and beef stewed','hendrerit id, ante. Nunc mauris sapien, cursus in, hendrerit consectetuer, cursus et, magna. Praesent interdum ligula eu enim.');
INSERT INTO FoodItems (food_id,name,description,imagepath) VALUES (23,'Turkey and wensleydale salad','Free-range turkey and wensleydale served on a bed of lettuce','in consectetuer ipsum nunc id enim. Curabitur massa. Vestibulum accumsan neque et nunc. Quisque ornare tortor at risus. Nunc ac');
INSERT INTO FoodItems (food_id,name,description,imagepath) VALUES (24,'Apple and chestnut cake','Rich cake made with fresh apple and roasted chestnut','lobortis quam a felis ullamcorper viverra. Maecenas iaculis aliquet diam. Sed diam lorem, auctor quis, tristique ac, eleifend vitae, erat. Vivamus nisi. Mauris nulla. Integer urna. Vivamus molestie dapibus');
INSERT INTO FoodItems (food_id,name,description,imagepath) VALUES (25,'Swede and mushroom soup','Swede and wild mushroom combined into creamy soup','sapien. Cras dolor dolor, tempus non, lacinia at, iaculis quis, pede. Praesent eu dui. Cum sociis natoque penatibus et');
INSERT INTO FoodItems (food_id,name,description,imagepath) VALUES (26,'Stilton and cinnamon muffins','Rich muffins made with stilton and cinnamon','tellus. Phasellus elit pede, malesuada vel, venenatis vel, faucibus id,');
INSERT INTO FoodItems (food_id,name,description,imagepath) VALUES (27,'Turkey and pepper ciabatta','Warm ciabatta filled with free-range turkey and red pepper','dui. Cum sociis natoque penatibus et magnis dis parturient montes, nascetur ridiculus mus. Aenean eget magna. Suspendisse tristique neque venenatis lacus.');
INSERT INTO FoodItems (food_id,name,description,imagepath) VALUES (28,'Salmon and fish toastie','Crisp slices of bread filled with smoked salmon and fish','hendrerit consectetuer, cursus et, magna. Praesent interdum ligula eu enim. Etiam imperdiet dictum magna. Ut tincidunt orci quis lectus. Nullam suscipit, est');
INSERT INTO FoodItems (food_id,name,description,imagepath) VALUES (29,'Bacon and peppercorn fusilli','Fresh egg pasta in a sauce made from thick bacon and pink peppercorn','odio. Aliquam vulputate ullamcorper magna. Sed eu eros. Nam consequat dolor vitae dolor. Donec fringilla. Donec feugiat metus sit amet ante. Vivamus non lorem vitae');
INSERT INTO FoodItems (food_id,name,description,imagepath) VALUES (30,'Rocket and pepper spaghetti','Spagetti topped with a blend of fresh rocket and green pepper','magnis dis parturient montes, nascetur ridiculus mus. Aenean eget magna. Suspendisse tristique neque venenatis lacus. Etiam bibendum fermentum metus.');
INSERT INTO FoodItems (food_id,name,description,imagepath) VALUES (31,'Shiitake Mushroom Rice Noodles','Blanched Chinese broccoli, panfried shiitakes, and tender rice noodles with tamari, Asian fish sauce, vinegar, and chicken stock.','hymenaeos. Mauris ut quam vel sapien imperdiet ornare. In faucibus. Morbi vehicula. Pellentesque tincidunt tempus risus. Donec egestas. Duis ac arcu. Nunc mauris. Morbi');
INSERT INTO FoodItems (food_id,name,description,imagepath) VALUES (32,'Chicken Biryani','Long-grained rice (like basmati) flavored with exotic spices, such as saffron, is layered with lamb, chicken, fish, or vegetables, and a thick gravy.','dui. Cras pellentesque. Sed dictum. Proin eget odio. Aliquam vulputate ullamcorper magna. Sed eu eros. Nam');
INSERT INTO FoodItems (food_id,name,description,imagepath) VALUES (33,'Singapore Noodles','Stir-fried rice vermicelli seasoned with curry powder, vegetables, scrambled eggs and meat','Aliquam nisl. Nulla eu neque pellentesque massa lobortis ultrices. Vivamus rhoncus. Donec est. Nunc');
INSERT INTO FoodItems (food_id,name,description,imagepath) VALUES (34,'Hokkien mee','Thick yellow noodles braised in thick dark soy sauce with pork, squid, fish cake and cabbage.','non, dapibus rutrum, justo. Praesent luctus. Curabitur egestas nunc sed libero. Proin sed turpis nec mauris blandit mattis. Cras eget nisi dictum augue malesuada malesuada. Integer id');
INSERT INTO FoodItems (food_id,name,description,imagepath) VALUES (35,'HotPlate Dry Chili Chicken','Fresh Chicken Meal fried with Dry Chili','aliquet molestie tellus. Aenean egestas hendrerit neque. In ornare sagittis felis. Donec tempor,');
INSERT INTO FoodItems (food_id,name,description,imagepath) VALUES (36,'Chicken tikka masala','Chunks of roasted marinated chicken in a spiced curry sauce','ridiculus mus. Donec dignissim magna a tortor. Nunc commodo auctor velit. Aliquam nisl. Nulla eu neque pellentesque massa lobortis ultrices. Vivamus rhoncus. Donec');
INSERT INTO FoodItems (food_id,name,description,imagepath) VALUES (37,'Mala','Spicy noodles bound to give you the flames','libero. Morbi accumsan laoreet ipsum. Curabitur consequat, lectus sit amet luctus vulputate, nisi sem semper erat, in consectetuer ipsum nunc id enim.');
INSERT INTO FoodItems (food_id,name,description,imagepath) VALUES (38,'Rice Noodle Salad With Spring Vegetables','Rice Noodle Salad With Spring Vegetables','ipsum dolor sit amet, consectetuer adipiscing elit. Etiam laoreet, libero et tristique');
INSERT INTO FoodItems (food_id,name,description,imagepath) VALUES (39,'Sesame Chicken','Crispy chicken pieces tossed in a sweet and savory honey sesame sauce','ut aliquam iaculis, lacus pede sagittis augue, eu tempor erat neque non quam. Pellentesque habitant morbi tristique senectus et');
INSERT INTO FoodItems (food_id,name,description,imagepath) VALUES (40,'Hainanese chicken rice','Poached chicken and seasoned rice, served with chilli sauce and  with cucumber garnishes','Duis cursus, diam at pretium aliquet, metus urna convallis erat, eget tincidunt dui');
INSERT INTO FoodItems (food_id,name,description,imagepath) VALUES (41,'Char kway teow','stir-fried rice cake strips','auctor. Mauris vel turpis. Aliquam adipiscing lobortis risus. In mi pede, nonummy ut, molestie in, tempus eu, ligula. Aenean euismod mauris eu elit. Nulla facilisi. Sed neque.');
INSERT INTO FoodItems (food_id,name,description,imagepath) VALUES (42,'Yakiniku chicken','Japanese grilled meat','fringilla euismod enim. Etiam gravida molestie arcu. Sed eu nibh vulputate mauris sagittis placerat. Cras dictum ultricies ligula.');
INSERT INTO FoodItems (food_id,name,description,imagepath) VALUES (43,'Shrimp With Szechuan Sauce','Spicy','enim. Etiam gravida molestie arcu. Sed eu nibh vulputate mauris sagittis placerat. Cras dictum ultricies ligula. Nullam enim. Sed nulla ante, iaculis nec, eleifend non, dapibus rutrum,');
INSERT INTO FoodItems (food_id,name,description,imagepath) VALUES (44,'Ultimate Cheesy Thigh Burger','Juicy boneless thigh and melted cheddar cheese, generously smothered with cheese sauce and chutney. Deliciously messy!','Fusce feugiat. Lorem ipsum dolor sit amet, consectetuer adipiscing elit. Aliquam auctor, velit eget laoreet posuere,');
INSERT INTO FoodItems (food_id,name,description,imagepath) VALUES (45,'Classic Thigh Burger','Juicy boneless thigh, crispy oven-baked cheddar slice, fresh lettuce and tomatoes, and creamy mayo.','vel arcu eu odio tristique pharetra. Quisque ac libero nec ligula consectetuer rhoncus. Nullam velit dui, semper et, lacinia vitae, sodales at,');
INSERT INTO FoodItems (food_id,name,description,imagepath) VALUES (46,'Saucy Chicken Rice Bowl','Juicy tenders in our special sauce, served with Mediterranean Rice.','Suspendisse commodo tincidunt nibh. Phasellus nulla. Integer vulputate, risus a ultricies adipiscing, enim mi tempor lorem, eget mollis lectus pede et risus. Quisque libero lacus, varius');
INSERT INTO FoodItems (food_id,name,description,imagepath) VALUES (47,'Winglets & Drumlets','In your choice of PERi-PERi flavour','Fusce feugiat. Lorem ipsum dolor sit amet, consectetuer adipiscing elit. Aliquam auctor, velit');
INSERT INTO FoodItems (food_id,name,description,imagepath) VALUES (48,'Chicken Butterfly','Two chicken breasts joined by crispy skin','lacinia vitae, sodales at, velit. Pellentesque ultricies dignissim lacus. Aliquam rutrum');
INSERT INTO FoodItems (food_id,name,description,imagepath) VALUES (49,'Boneless Thighs & Summer Rice Bowl','Two boneless thighs on a bed of Spiced Rice mixed with corn, cherry tomatoes, kidney beans, and roasted pumpkin.','Sed eu nibh vulputate mauris sagittis placerat. Cras dictum ultricies ligula. Nullam enim. Sed nulla ante, iaculis nec, eleifend non, dapibus rutrum, justo. Praesent luctus. Curabitur egestas nunc sed libero.');
INSERT INTO FoodItems (food_id,name,description,imagepath) VALUES (50,'Pulled Chicken Rice Bowl','Saucy pulled chicken and veg mixed in a tomato relish on Spiced Rice.','velit. Cras lorem lorem, luctus ut, pellentesque eget, dictum placerat, augue. Sed molestie. Sed id risus quis diam luctus lobortis. Class aptent taciti sociosqu ad litora');
INSERT INTO FoodItems (food_id,name,description,imagepath) VALUES (51,'Steamed Vegetable & Pork Dumplings','savoury premium meat and fragrant Chinese cabbage','non, luctus sit amet, faucibus ut, nulla. Cras eu tellus eu augue porttitor interdum. Sed auctor odio a purus. Duis');
INSERT INTO FoodItems (food_id,name,description,imagepath) VALUES (52,'Steamed Truffle & Pork Dumplings','black truffles with fresh pork wrapped in delicate skin','dui augue eu tellus. Phasellus elit pede, malesuada vel, venenatis vel, faucibus id, libero. Donec consectetuer mauris id sapien. Cras dolor dolor, tempus non, lacinia');
INSERT INTO FoodItems (food_id,name,description,imagepath) VALUES (53,'Stir-fried Hong Kong Kailan with Special Sauce','expertly flash-fried with minimal oil and accented with aromatic slivers of garlic.','egestas, urna justo faucibus lectus, a sollicitudin orci sem eget massa.');
INSERT INTO FoodItems (food_id,name,description,imagepath) VALUES (54,'Special Braised Beef Noodle Soup with Beef Brisket','Succulent juicy meat with noodles immersed in a bowl of flavourful soup – indeed a hearty meal on its own.','dui, nec tempus mauris erat eget ipsum. Suspendisse sagittis. Nullam vitae diam. Proin dolor. Nulla semper tellus id nunc interdum feugiat. Sed nec metus facilisis lorem tristique aliquet.');
INSERT INTO FoodItems (food_id,name,description,imagepath) VALUES (55,'Noodle Soup with Fried Pork Chop','Signature fried pork chop marinated with complex spices. A hearty yet wholesome twosome to slurp up with gusto.','arcu vel quam dignissim pharetra. Nam ac nulla. In tincidunt');
INSERT INTO FoodItems (food_id,name,description,imagepath) VALUES (56,'Fried Rice with Shrimps & Eggs','An extremely popular dish, the ingredients are pared down to simple rice, shrimps, eggs, and spring onions, creating a taste of familiar comfort.','ornare, libero at auctor ullamcorper, nisl arcu iaculis enim, sit');
INSERT INTO FoodItems (food_id,name,description,imagepath) VALUES (57,'Noodle with Minced Pork in Bean Sauce','Handmade noodles cooked to a pleasantly springy consistency tossed with minced pork in bean sauce','Etiam laoreet, libero et tristique pellentesque, tellus sem mollis dui, in sodales elit erat vitae risus. Duis');
INSERT INTO FoodItems (food_id,name,description,imagepath) VALUES (58,'Double-Boiled Papaya & Snow Fungus with Rock Sugar','Excellent for the complexion and balancing of the inner soul, this is a healing dessert that is perfect for rounding up a simple lunch or dinner.','vitae diam. Proin dolor. Nulla semper tellus id nunc interdum feugiat. Sed nec metus facilisis lorem');
INSERT INTO FoodItems (food_id,name,description,imagepath) VALUES (59,'Lemongrass Juice','A refreshing and fragrant drink that is subtly sweet and iced for a hot day.','nibh. Phasellus nulla. Integer vulputate, risus a ultricies adipiscing, enim mi tempor lorem, eget mollis lectus pede et risus. Quisque libero lacus, varius et, euismod et, commodo at, libero. Morbi');
INSERT INTO FoodItems (food_id,name,description,imagepath) VALUES (60,'Mango Pudding',' Made with pure mango flesh, the select variety makes for a luscious pudding, with a heady aroma of freshly peeled mango.','dictum cursus. Nunc mauris elit, dictum eu, eleifend nec, malesuada ut, sem. Nulla interdum.');
INSERT INTO FoodItems (food_id,name,description,imagepath) VALUES (61,'Laksa Noodles (Vegan)','Tuck into a comforting bowl of hearty, robust laksa made from scratch with blue ginger, yellow ginger, chillies and laksa leaves. Noodles, Straw Mushroom, Konnyaku prawn, Konnyaku ball, Tau pok and Beansprout','est. Nunc laoreet lectus quis massa. Mauris vestibulum, neque sed dictum eleifend, nunc risus varius orci, in consequat enim diam vel arcu. Curabitur ut');
INSERT INTO FoodItems (food_id,name,description,imagepath) VALUES (62,'Angelica Herbal Noodle w Cordyceps (Contain Milk)','Konnyaku Fishball, Soya Mutton, Tau Pok, Lettuce and Carrot served in a herbal broth with more than 10 Chinese herbs such as Angelica, Licorice and Wolfberry.','at lacus. Quisque purus sapien, gravida non, sollicitudin a, malesuada id, erat. Etiam vestibulum massa rutrum magna. Cras convallis convallis dolor. Quisque');
INSERT INTO FoodItems (food_id,name,description,imagepath) VALUES (63,'Taiwanese Spicy Dry Handmade Noodles(Contain Milk)','Taiwanese Spicy Paste, Staw Mushroom, QQ tofu, Cucumber stripes, Carrot stripes and Parsley','Proin velit. Sed malesuada augue ut lacus. Nulla tincidunt, neque vitae semper egestas, urna justo faucibus lectus, a sollicitudin orci sem eget massa. Suspendisse eleifend. Cras sed leo. Cras vehicula');
INSERT INTO FoodItems (food_id,name,description,imagepath) VALUES (64,'Smoky BBQ Soy Burger','Sesame seed buns, Smoked Soy Patty, Cucumber slices, Tomato slices and Lettuce. ','et, eros. Proin ultrices. Duis volutpat nunc sit amet metus. Aliquam erat volutpat. Nulla facilisis. Suspendisse commodo tincidunt nibh. Phasellus nulla. Integer vulputate,');
INSERT INTO FoodItems (food_id,name,description,imagepath) VALUES (65,'Fresh Mix Mushroom Burger with Fries (Vegan)','Sesame Seed Buns, Gong Bao Mushroom, Tomato Slices and Lettuce. ','erat vitae risus. Duis a mi fringilla mi lacinia mattis. Integer eu lacus. Quisque imperdiet, erat nonummy ultricies ornare, elit elit fermentum risus, at fringilla purus mauris a nunc. In');

INSERT INTO MenuItems (res_id,food_id,price) VALUES (4,50,16.09);
INSERT INTO MenuItems (res_id,food_id,price) VALUES (43,14,23.13);
INSERT INTO MenuItems (res_id,food_id,price) VALUES (38,33,25.04);
INSERT INTO MenuItems (res_id,food_id,price) VALUES (37,13,6.71);
INSERT INTO MenuItems (res_id,food_id,price) VALUES (28,35,8.87);
INSERT INTO MenuItems (res_id,food_id,price) VALUES (35,38,18.48);
INSERT INTO MenuItems (res_id,food_id,price) VALUES (37,31,9.13);
INSERT INTO MenuItems (res_id,food_id,price) VALUES (44,8,20.06);
INSERT INTO MenuItems (res_id,food_id,price) VALUES (13,62,10.78);
INSERT INTO MenuItems (res_id,food_id,price) VALUES (43,23,27.86);
INSERT INTO MenuItems (res_id,food_id,price) VALUES (36,16,24.69);
INSERT INTO MenuItems (res_id,food_id,price) VALUES (46,41,20.98);
INSERT INTO MenuItems (res_id,food_id,price) VALUES (2,21,17.81);
INSERT INTO MenuItems (res_id,food_id,price) VALUES (49,50,11.87);
INSERT INTO MenuItems (res_id,food_id,price) VALUES (5,62,8.71);
INSERT INTO MenuItems (res_id,food_id,price) VALUES (31,48,22.32);
INSERT INTO MenuItems (res_id,food_id,price) VALUES (29,28,9.91);
INSERT INTO MenuItems (res_id,food_id,price) VALUES (47,65,12.38);
INSERT INTO MenuItems (res_id,food_id,price) VALUES (3,44,16.45);
INSERT INTO MenuItems (res_id,food_id,price) VALUES (40,2,15.17);
INSERT INTO MenuItems (res_id,food_id,price) VALUES (3,23,13.37);
INSERT INTO MenuItems (res_id,food_id,price) VALUES (23,58,6.98);
INSERT INTO MenuItems (res_id,food_id,price) VALUES (33,17,12.63);
INSERT INTO MenuItems (res_id,food_id,price) VALUES (41,29,19.32);
INSERT INTO MenuItems (res_id,food_id,price) VALUES (18,33,22.49);
INSERT INTO MenuItems (res_id,food_id,price) VALUES (44,34,23.23);
INSERT INTO MenuItems (res_id,food_id,price) VALUES (48,28,8.55);
INSERT INTO MenuItems (res_id,food_id,price) VALUES (50,48,29.93);
INSERT INTO MenuItems (res_id,food_id,price) VALUES (22,52,21.47);
INSERT INTO MenuItems (res_id,food_id,price) VALUES (30,11,8.59);
INSERT INTO MenuItems (res_id,food_id,price) VALUES (31,59,18.76);
INSERT INTO MenuItems (res_id,food_id,price) VALUES (38,24,7.02);
INSERT INTO MenuItems (res_id,food_id,price) VALUES (12,19,13.55);
INSERT INTO MenuItems (res_id,food_id,price) VALUES (33,18,22.28);
INSERT INTO MenuItems (res_id,food_id,price) VALUES (5,51,11.91);
INSERT INTO MenuItems (res_id,food_id,price) VALUES (49,16,19.04);
INSERT INTO MenuItems (res_id,food_id,price) VALUES (29,52,7.34);
INSERT INTO MenuItems (res_id,food_id,price) VALUES (30,52,11.32);
INSERT INTO MenuItems (res_id,food_id,price) VALUES (11,55,19.66);
INSERT INTO MenuItems (res_id,food_id,price) VALUES (40,38,26.83);
INSERT INTO MenuItems (res_id,food_id,price) VALUES (45,53,19.99);
INSERT INTO MenuItems (res_id,food_id,price) VALUES (33,6,19.33);
INSERT INTO MenuItems (res_id,food_id,price) VALUES (44,61,11.47);
INSERT INTO MenuItems (res_id,food_id,price) VALUES (12,12,10.17);
INSERT INTO MenuItems (res_id,food_id,price) VALUES (21,55,24.42);
INSERT INTO MenuItems (res_id,food_id,price) VALUES (23,33,11.30);
INSERT INTO MenuItems (res_id,food_id,price) VALUES (27,57,17.88);
INSERT INTO MenuItems (res_id,food_id,price) VALUES (14,59,26.41);
INSERT INTO MenuItems (res_id,food_id,price) VALUES (7,37,20.38);
INSERT INTO MenuItems (res_id,food_id,price) VALUES (35,51,24.63);
INSERT INTO MenuItems (res_id,food_id,price) VALUES (18,21,16.58);
INSERT INTO MenuItems (res_id,food_id,price) VALUES (32,59,13.03);
INSERT INTO MenuItems (res_id,food_id,price) VALUES (36,60,14.85);
INSERT INTO MenuItems (res_id,food_id,price) VALUES (40,12,26.46);
INSERT INTO MenuItems (res_id,food_id,price) VALUES (14,39,27.49);
INSERT INTO MenuItems (res_id,food_id,price) VALUES (17,43,23.51);
INSERT INTO MenuItems (res_id,food_id,price) VALUES (25,5,25.39);
INSERT INTO MenuItems (res_id,food_id,price) VALUES (32,43,13.50);
INSERT INTO MenuItems (res_id,food_id,price) VALUES (31,11,8.81);
INSERT INTO MenuItems (res_id,food_id,price) VALUES (6,16,14.21);
INSERT INTO MenuItems (res_id,food_id,price) VALUES (13,13,13.98);
INSERT INTO MenuItems (res_id,food_id,price) VALUES (41,52,28.87);
INSERT INTO MenuItems (res_id,food_id,price) VALUES (3,17,25.85);
INSERT INTO MenuItems (res_id,food_id,price) VALUES (5,61,10.35);
INSERT INTO MenuItems (res_id,food_id,price) VALUES (44,38,21.90);
INSERT INTO MenuItems (res_id,food_id,price) VALUES (3,48,6.30);
INSERT INTO MenuItems (res_id,food_id,price) VALUES (14,46,8.99);
INSERT INTO MenuItems (res_id,food_id,price) VALUES (1,61,22.58);
INSERT INTO MenuItems (res_id,food_id,price) VALUES (29,12,19.75);
INSERT INTO MenuItems (res_id,food_id,price) VALUES (13,30,12.26);
INSERT INTO MenuItems (res_id,food_id,price) VALUES (13,24,13.01);
INSERT INTO MenuItems (res_id,food_id,price) VALUES (29,3,20.68);
INSERT INTO MenuItems (res_id,food_id,price) VALUES (32,31,9.63);
INSERT INTO MenuItems (res_id,food_id,price) VALUES (23,31,13.09);
INSERT INTO MenuItems (res_id,food_id,price) VALUES (9,44,23.52);
INSERT INTO MenuItems (res_id,food_id,price) VALUES (50,10,21.68);
INSERT INTO MenuItems (res_id,food_id,price) VALUES (38,32,15.40);
INSERT INTO MenuItems (res_id,food_id,price) VALUES (30,64,24.13);
INSERT INTO MenuItems (res_id,food_id,price) VALUES (34,61,24.02);
INSERT INTO MenuItems (res_id,food_id,price) VALUES (23,6,18.31);
INSERT INTO MenuItems (res_id,food_id,price) VALUES (39,27,19.81);
INSERT INTO MenuItems (res_id,food_id,price) VALUES (35,6,27.61);
INSERT INTO MenuItems (res_id,food_id,price) VALUES (36,15,18.02);
INSERT INTO MenuItems (res_id,food_id,price) VALUES (22,15,11.11);
INSERT INTO MenuItems (res_id,food_id,price) VALUES (40,17,6.38);
INSERT INTO MenuItems (res_id,food_id,price) VALUES (29,13,29.83);
INSERT INTO MenuItems (res_id,food_id,price) VALUES (27,44,12.71);
INSERT INTO MenuItems (res_id,food_id,price) VALUES (50,37,14.65);
INSERT INTO MenuItems (res_id,food_id,price) VALUES (42,13,26.42);
INSERT INTO MenuItems (res_id,food_id,price) VALUES (32,24,19.91);
INSERT INTO MenuItems (res_id,food_id,price) VALUES (15,61,24.52);
INSERT INTO MenuItems (res_id,food_id,price) VALUES (5,63,10.90);
INSERT INTO MenuItems (res_id,food_id,price) VALUES (26,54,21.35);
INSERT INTO MenuItems (res_id,food_id,price) VALUES (11,19,9.43);
INSERT INTO MenuItems (res_id,food_id,price) VALUES (42,61,23.27);
INSERT INTO MenuItems (res_id,food_id,price) VALUES (47,55,27.14);
INSERT INTO MenuItems (res_id,food_id,price) VALUES (14,45,9.61);
INSERT INTO MenuItems (res_id,food_id,price) VALUES (46,46,9.55);
INSERT INTO MenuItems (res_id,food_id,price) VALUES (18,7,26.72);
INSERT INTO MenuItems (res_id,food_id,price) VALUES (40,58,16.84);

INSERT INTO Users (usr_id,userName,password_digest) VALUES (1,'Jonah','PSF85CNA5IM');
INSERT INTO Users (usr_id,userName,password_digest) VALUES (2,'Michelle','AFO38EAW5HK');
INSERT INTO Users (usr_id,userName,password_digest) VALUES (3,'David','YBN71WRE6HK');
INSERT INTO Users (usr_id,userName,password_digest) VALUES (4,'Magee','QDC20USK8OK');
INSERT INTO Users (usr_id,userName,password_digest) VALUES (5,'Taylor','NWS86HIS6FU');
INSERT INTO Users (usr_id,userName,password_digest) VALUES (6,'Azalia','QYH32XRA8VT');
INSERT INTO Users (usr_id,userName,password_digest) VALUES (7,'Ethan','ZIT25ZVC3TN');
INSERT INTO Users (usr_id,userName,password_digest) VALUES (8,'Axel','WKU00UMF7IJ');
INSERT INTO Users (usr_id,userName,password_digest) VALUES (9,'Norman','VKW32JIP9HK');
INSERT INTO Users (usr_id,userName,password_digest) VALUES (10,'Sybill','UNI00UUN7IH');
INSERT INTO Users (usr_id,userName,password_digest) VALUES (11,'Noelle','TIK64NNB4ZJ');
INSERT INTO Users (usr_id,userName,password_digest) VALUES (12,'Zoe','PUG78WPS6VN');
INSERT INTO Users (usr_id,userName,password_digest) VALUES (13,'Wing','ODY83DUJ2HP');
INSERT INTO Users (usr_id,userName,password_digest) VALUES (14,'Jena','AAQ44PVJ9PU');
INSERT INTO Users (usr_id,userName,password_digest) VALUES (15,'Laurel','XRP61PUQ9GF');
INSERT INTO Users (usr_id,userName,password_digest) VALUES (16,'Bert','FDR66QFK2BN');
INSERT INTO Users (usr_id,userName,password_digest) VALUES (17,'Garrison','PDT09XWP8KI');
INSERT INTO Users (usr_id,userName,password_digest) VALUES (18,'Marny','ESK17DEY5UN');
INSERT INTO Users (usr_id,userName,password_digest) VALUES (19,'September','BXN99XPH3EF');
INSERT INTO Users (usr_id,userName,password_digest) VALUES (20,'Nayda','BJN95VPA4YG');
INSERT INTO Users (usr_id,userName,password_digest) VALUES (21,'Brianna','VDC07LSE9GY');
INSERT INTO Users (usr_id,userName,password_digest) VALUES (22,'Barbara','RFA24ZCA6CW');
INSERT INTO Users (usr_id,userName,password_digest) VALUES (23,'Signe','GXO90HBD0TX');
INSERT INTO Users (usr_id,userName,password_digest) VALUES (24,'Sonya','YGM24VVO1JM');
INSERT INTO Users (usr_id,userName,password_digest) VALUES (25,'Holly','XCB83UQN4IA');
INSERT INTO Users (usr_id,userName,password_digest) VALUES (26,'Kelly','NTF11FYX8PT');
INSERT INTO Users (usr_id,userName,password_digest) VALUES (27,'Liberty','HPV18AED2IB');
INSERT INTO Users (usr_id,userName,password_digest) VALUES (28,'Inga','ITQ42ISS7AY');
INSERT INTO Users (usr_id,userName,password_digest) VALUES (29,'Craig','BHV77PDE6VY');
INSERT INTO Users (usr_id,userName,password_digest) VALUES (30,'Aretha','FMC29YTX3IC');
INSERT INTO Users (usr_id,userName,password_digest) VALUES (31,'Emerald','IVS69TBH8XB');
INSERT INTO Users (usr_id,userName,password_digest) VALUES (32,'Kimberley','EVZ37SKJ7NQ');
INSERT INTO Users (usr_id,userName,password_digest) VALUES (33,'Dominique','RAY18UDN2HN');
INSERT INTO Users (usr_id,userName,password_digest) VALUES (34,'Montana','FHZ79OCA3KM');
INSERT INTO Users (usr_id,userName,password_digest) VALUES (35,'Flynn','HSF97AVT8JT');
INSERT INTO Users (usr_id,userName,password_digest) VALUES (36,'Ross','FVE81UCC0BL');
INSERT INTO Users (usr_id,userName,password_digest) VALUES (37,'Xerxes','FDH73AHX6DS');
INSERT INTO Users (usr_id,userName,password_digest) VALUES (38,'Graiden','JGS76TCN3BC');
INSERT INTO Users (usr_id,userName,password_digest) VALUES (39,'Magee','IBP27CIV8KI');
INSERT INTO Users (usr_id,userName,password_digest) VALUES (40,'Kadeem','UEJ66IIL6UN');
INSERT INTO Users (usr_id,userName,password_digest) VALUES (41,'Tobias','ONB54RID9PP');
INSERT INTO Users (usr_id,userName,password_digest) VALUES (42,'Chase','HID65ZCL8JC');
INSERT INTO Users (usr_id,userName,password_digest) VALUES (43,'Galena','YFH33CIB1QJ');
INSERT INTO Users (usr_id,userName,password_digest) VALUES (44,'Charissa','XZH48DVF5XK');
INSERT INTO Users (usr_id,userName,password_digest) VALUES (45,'Jillian','KYV79XLA8RR');
INSERT INTO Users (usr_id,userName,password_digest) VALUES (46,'Portia','GRP78FZQ8XO');
INSERT INTO Users (usr_id,userName,password_digest) VALUES (47,'Miranda','XSV07TGV6WP');
INSERT INTO Users (usr_id,userName,password_digest) VALUES (48,'Nerea','WOD65NVK8WY');
INSERT INTO Users (usr_id,userName,password_digest) VALUES (49,'Alisa','UJB16PIO0TT');
INSERT INTO Users (usr_id,userName,password_digest) VALUES (50,'Melvin','YJX48DDO4ZX');
INSERT INTO Users (usr_id,userName,password_digest) VALUES (51,'Sydney','CER84IGW3MX');
INSERT INTO Users (usr_id,userName,password_digest) VALUES (52,'Gabriel','IIQ36ZOX4HH');
INSERT INTO Users (usr_id,userName,password_digest) VALUES (53,'Buckminster','XKE65OPF0AO');
INSERT INTO Users (usr_id,userName,password_digest) VALUES (54,'Steven','ULP75JBX1PG');
INSERT INTO Users (usr_id,userName,password_digest) VALUES (55,'Samantha','XXS38DOT8YN');
INSERT INTO Users (usr_id,userName,password_digest) VALUES (56,'Hope','TJZ40QZA6ZR');
INSERT INTO Users (usr_id,userName,password_digest) VALUES (57,'Jamal','FTK23JAP4ZE');
INSERT INTO Users (usr_id,userName,password_digest) VALUES (58,'Blair','TII52KKH5PB');
INSERT INTO Users (usr_id,userName,password_digest) VALUES (59,'Britanni','CPI20IVS1WX');
INSERT INTO Users (usr_id,userName,password_digest) VALUES (60,'Sydney','SOG24TPH0DW');
INSERT INTO Users (usr_id,userName,password_digest) VALUES (61,'Maryam','LFR24XNS8CX');
INSERT INTO Users (usr_id,userName,password_digest) VALUES (62,'Sandra','OKF14BWY6YD');
INSERT INTO Users (usr_id,userName,password_digest) VALUES (63,'Karleigh','ZCD11RRT8CO');
INSERT INTO Users (usr_id,userName,password_digest) VALUES (64,'Jamal','GMU62YJT1YL');
INSERT INTO Users (usr_id,userName,password_digest) VALUES (65,'Hilel','DGM45SOS5WD');
INSERT INTO Users (usr_id,userName,password_digest) VALUES (66,'Vaughan','MTK45NQH9HH');
INSERT INTO Users (usr_id,userName,password_digest) VALUES (67,'Grant','MGY49TDP8SV');
INSERT INTO Users (usr_id,userName,password_digest) VALUES (68,'Giacomo','DXJ85LYE7TV');
INSERT INTO Users (usr_id,userName,password_digest) VALUES (69,'Rigel','FAU19KQX6YD');
INSERT INTO Users (usr_id,userName,password_digest) VALUES (70,'Rooney','ZUL07PQM8CB');
INSERT INTO Users (usr_id,userName,password_digest) VALUES (71,'Burke','OQU09FUW1EN');
INSERT INTO Users (usr_id,userName,password_digest) VALUES (72,'Cadman','ZZW71WOV8HH');
INSERT INTO Users (usr_id,userName,password_digest) VALUES (73,'Francis','ITS33IWF9YV');
INSERT INTO Users (usr_id,userName,password_digest) VALUES (74,'Kaye','ZVH73BIW9SB');
INSERT INTO Users (usr_id,userName,password_digest) VALUES (75,'Wade','TJL18JKM5UM');
INSERT INTO Users (usr_id,userName,password_digest) VALUES (76,'Kareem','RBX66XID2IS');
INSERT INTO Users (usr_id,userName,password_digest) VALUES (77,'Craig','NUC82TJU6RB');
INSERT INTO Users (usr_id,userName,password_digest) VALUES (78,'Velma','EOQ89PNU1JI');
INSERT INTO Users (usr_id,userName,password_digest) VALUES (79,'Chadwick','YBE43NJX2AG');
INSERT INTO Users (usr_id,userName,password_digest) VALUES (80,'Xanthus','CHB69OLK4GT');
INSERT INTO Users (usr_id,userName,password_digest) VALUES (81,'Patrick','FWP76PXD0YW');
INSERT INTO Users (usr_id,userName,password_digest) VALUES (82,'Lucian','YYE07TWX5OT');
INSERT INTO Users (usr_id,userName,password_digest) VALUES (83,'Rhoda','HDJ29AKI5NQ');
INSERT INTO Users (usr_id,userName,password_digest) VALUES (84,'Yoshi','TYQ01TDG0RR');
INSERT INTO Users (usr_id,userName,password_digest) VALUES (85,'Cade','JWQ94GFR1CU');
INSERT INTO Users (usr_id,userName,password_digest) VALUES (86,'Aretha','LQD81ESG4XK');
INSERT INTO Users (usr_id,userName,password_digest) VALUES (87,'Blaine','ZSJ13MJM0CF');
INSERT INTO Users (usr_id,userName,password_digest) VALUES (88,'Ulysses','KGH57SQS4LN');
INSERT INTO Users (usr_id,userName,password_digest) VALUES (89,'Aline','PIE57SGD8FY');
INSERT INTO Users (usr_id,userName,password_digest) VALUES (90,'Lane','CSN10ZUF3NY');
INSERT INTO Users (usr_id,userName,password_digest) VALUES (91,'Whilemina','KVM77FWK5UG');
INSERT INTO Users (usr_id,userName,password_digest) VALUES (92,'Althea','BKV80FVY2JI');
INSERT INTO Users (usr_id,userName,password_digest) VALUES (93,'Bertha','IRY65EYC9EZ');
INSERT INTO Users (usr_id,userName,password_digest) VALUES (94,'Nash','EOO54ONV8QP');
INSERT INTO Users (usr_id,userName,password_digest) VALUES (95,'Aquila','LMW12RTZ3ZP');
INSERT INTO Users (usr_id,userName,password_digest) VALUES (96,'Hunter','IXM18IOZ3AO');
INSERT INTO Users (usr_id,userName,password_digest) VALUES (97,'Ross','UVE95IYZ0SI');
INSERT INTO Users (usr_id,userName,password_digest) VALUES (98,'Roanna','NHA22NCJ2RG');
INSERT INTO Users (usr_id,userName,password_digest) VALUES (99,'Paki','HNS69UJO5KO');
INSERT INTO Users (usr_id,userName,password_digest) VALUES (100,'Nina','VGW03GXD4DV');
INSERT INTO Users (usr_id,userName,password_digest) VALUES (100,'Dillon','IFO84KCS6LT');
INSERT INTO Users (usr_id,userName,password_digest) VALUES (101,'Shad','VXF60FEH6MV');
INSERT INTO Users (usr_id,userName,password_digest) VALUES (102,'Ariana','OEE64VCK2MM');
INSERT INTO Users (usr_id,userName,password_digest) VALUES (103,'Clayton','VCT18DWI0ED');
INSERT INTO Users (usr_id,userName,password_digest) VALUES (104,'Angelica','DOJ13KOW8JH');
INSERT INTO Users (usr_id,userName,password_digest) VALUES (105,'Steven','YOB22VKC4QF');
INSERT INTO Users (usr_id,userName,password_digest) VALUES (106,'Angelica','CIC96MOS6ON');
INSERT INTO Users (usr_id,userName,password_digest) VALUES (107,'Venus','CPX16ZHE0VS');
INSERT INTO Users (usr_id,userName,password_digest) VALUES (108,'Rowan','RWK82CPX5QI');
INSERT INTO Users (usr_id,userName,password_digest) VALUES (109,'Reuben','GUH68PYC6SU');
INSERT INTO Users (usr_id,userName,password_digest) VALUES (110,'Holly','OAB52MDZ8HS');
INSERT INTO Users (usr_id,userName,password_digest) VALUES (111,'Jada','EOA24NXN8SM');
INSERT INTO Users (usr_id,userName,password_digest) VALUES (112,'Ciara','QII74TBQ5MJ');
INSERT INTO Users (usr_id,userName,password_digest) VALUES (113,'Sawyer','IJI44IPW2JK');
INSERT INTO Users (usr_id,userName,password_digest) VALUES (114,'Suki','VJF65UQH9BA');
INSERT INTO Users (usr_id,userName,password_digest) VALUES (115,'Zia','DVO05MGJ0WK');
INSERT INTO Users (usr_id,userName,password_digest) VALUES (116,'Camden','JFR67SDC8OE');
INSERT INTO Users (usr_id,userName,password_digest) VALUES (117,'Kylee','YAX61EXQ7RE');
INSERT INTO Users (usr_id,userName,password_digest) VALUES (118,'Dai','LQE08TXI2DF');
INSERT INTO Users (usr_id,userName,password_digest) VALUES (119,'Dexter','VNM43PTE8PM');
INSERT INTO Users (usr_id,userName,password_digest) VALUES (120,'Castor','LXD76RHM7GW');
INSERT INTO Users (usr_id,userName,password_digest) VALUES (121,'Paul','NCS85UQB4OT');
INSERT INTO Users (usr_id,userName,password_digest) VALUES (122,'John','ZGK08KGT3ZA');
INSERT INTO Users (usr_id,userName,password_digest) VALUES (123,'Hop','WGK85QBH9LX');
INSERT INTO Users (usr_id,userName,password_digest) VALUES (124,'Raya','IKQ27STQ6RW');
INSERT INTO Users (usr_id,userName,password_digest) VALUES (125,'Leigh','BPU36ELK4AL');
INSERT INTO Users (usr_id,userName,password_digest) VALUES (126,'Baker','CAL07IZP1YT');
INSERT INTO Users (usr_id,userName,password_digest) VALUES (127,'Quemby','LPP18KYW7KI');
INSERT INTO Users (usr_id,userName,password_digest) VALUES (128,'Nora','WBD87LAW2GZ');
INSERT INTO Users (usr_id,userName,password_digest) VALUES (129,'Orson','KXL71XEJ4KC');
INSERT INTO Users (usr_id,userName,password_digest) VALUES (130,'Orli','BCW98PEE0HA');
INSERT INTO Users (usr_id,userName,password_digest) VALUES (131,'Hop','GNX69WCZ5NQ');
INSERT INTO Users (usr_id,userName,password_digest) VALUES (132,'Hanna','OBX17YBC4JQ');
INSERT INTO Users (usr_id,userName,password_digest) VALUES (133,'Kelsie','SSB63XRS2MO');
INSERT INTO Users (usr_id,userName,password_digest) VALUES (134,'Cole','FXL45XPL5VX');
INSERT INTO Users (usr_id,userName,password_digest) VALUES (135,'Liberty','UJJ86ZPH7FM');
INSERT INTO Users (usr_id,userName,password_digest) VALUES (136,'Kasper','FQB04TRJ1EG');
INSERT INTO Users (usr_id,userName,password_digest) VALUES (137,'Kylie','YVH24JQW1UD');
INSERT INTO Users (usr_id,userName,password_digest) VALUES (138,'Cody','BCU36GBB4AR');
INSERT INTO Users (usr_id,userName,password_digest) VALUES (139,'Branden','CQY16CYH1WV');
INSERT INTO Users (usr_id,userName,password_digest) VALUES (140,'September','SMV04MKH9NL');
INSERT INTO Users (usr_id,userName,password_digest) VALUES (141,'Timothy','ZRY97UTB6FN');
INSERT INTO Users (usr_id,userName,password_digest) VALUES (142,'Simon','PUB06IDQ5WB');
INSERT INTO Users (usr_id,userName,password_digest) VALUES (143,'Ciara','CQB16DSU8TO');
INSERT INTO Users (usr_id,userName,password_digest) VALUES (144,'Sawyer','OIL53JEL7GI');
INSERT INTO Users (usr_id,userName,password_digest) VALUES (145,'Edward','HTH08GYC7IV');
INSERT INTO Users (usr_id,userName,password_digest) VALUES (146,'Hilel','MGD74SJQ8OT');
INSERT INTO Users (usr_id,userName,password_digest) VALUES (147,'Neil','PMT77ILL0JQ');
INSERT INTO Users (usr_id,userName,password_digest) VALUES (148,'Garrison','EXG00TWN6IB');
INSERT INTO Users (usr_id,userName,password_digest) VALUES (149,'Nyssa','NZA83LEN5IA');
INSERT INTO Users (usr_id,userName,password_digest) VALUES (150,'Inga','ARU74NFX0CW');

INSERT INTO RestaurantStaffs (usr_id,res_id) VALUES (1,1);
INSERT INTO RestaurantStaffs (usr_id,res_id) VALUES (2,2);
INSERT INTO RestaurantStaffs (usr_id,res_id) VALUES (3,3);
INSERT INTO RestaurantStaffs (usr_id,res_id) VALUES (4,4);
INSERT INTO RestaurantStaffs (usr_id,res_id) VALUES (5,5);
INSERT INTO RestaurantStaffs (usr_id,res_id) VALUES (6,6);
INSERT INTO RestaurantStaffs (usr_id,res_id) VALUES (7,7);
INSERT INTO RestaurantStaffs (usr_id,res_id) VALUES (8,8);
INSERT INTO RestaurantStaffs (usr_id,res_id) VALUES (9,9);
INSERT INTO RestaurantStaffs (usr_id,res_id) VALUES (10,10);
INSERT INTO RestaurantStaffs (usr_id,res_id) VALUES (11,11);
INSERT INTO RestaurantStaffs (usr_id,res_id) VALUES (12,12);
INSERT INTO RestaurantStaffs (usr_id,res_id) VALUES (13,13);
INSERT INTO RestaurantStaffs (usr_id,res_id) VALUES (14,14);
INSERT INTO RestaurantStaffs (usr_id,res_id) VALUES (15,15);
INSERT INTO RestaurantStaffs (usr_id,res_id) VALUES (16,16);
INSERT INTO RestaurantStaffs (usr_id,res_id) VALUES (17,17);
INSERT INTO RestaurantStaffs (usr_id,res_id) VALUES (18,18);
INSERT INTO RestaurantStaffs (usr_id,res_id) VALUES (19,19);
INSERT INTO RestaurantStaffs (usr_id,res_id) VALUES (20,20);
INSERT INTO RestaurantStaffs (usr_id,res_id) VALUES (21,21);
INSERT INTO RestaurantStaffs (usr_id,res_id) VALUES (22,22);
INSERT INTO RestaurantStaffs (usr_id,res_id) VALUES (23,23);
INSERT INTO RestaurantStaffs (usr_id,res_id) VALUES (24,24);
INSERT INTO RestaurantStaffs (usr_id,res_id) VALUES (25,25);
INSERT INTO RestaurantStaffs (usr_id,res_id) VALUES (26,26);
INSERT INTO RestaurantStaffs (usr_id,res_id) VALUES (27,27);
INSERT INTO RestaurantStaffs (usr_id,res_id) VALUES (28,28);
INSERT INTO RestaurantStaffs (usr_id,res_id) VALUES (29,29);
INSERT INTO RestaurantStaffs (usr_id,res_id) VALUES (30,30);
INSERT INTO RestaurantStaffs (usr_id,res_id) VALUES (31,31);
INSERT INTO RestaurantStaffs (usr_id,res_id) VALUES (32,32);
INSERT INTO RestaurantStaffs (usr_id,res_id) VALUES (33,33);
INSERT INTO RestaurantStaffs (usr_id,res_id) VALUES (34,34);
INSERT INTO RestaurantStaffs (usr_id,res_id) VALUES (35,35);
INSERT INTO RestaurantStaffs (usr_id,res_id) VALUES (36,36);
INSERT INTO RestaurantStaffs (usr_id,res_id) VALUES (37,37);
INSERT INTO RestaurantStaffs (usr_id,res_id) VALUES (38,38);
INSERT INTO RestaurantStaffs (usr_id,res_id) VALUES (39,39);
INSERT INTO RestaurantStaffs (usr_id,res_id) VALUES (40,40);
INSERT INTO RestaurantStaffs (usr_id,res_id) VALUES (41,41);
INSERT INTO RestaurantStaffs (usr_id,res_id) VALUES (42,42);
INSERT INTO RestaurantStaffs (usr_id,res_id) VALUES (43,43);
INSERT INTO RestaurantStaffs (usr_id,res_id) VALUES (44,44);
INSERT INTO RestaurantStaffs (usr_id,res_id) VALUES (45,45);
INSERT INTO RestaurantStaffs (usr_id,res_id) VALUES (46,46);
INSERT INTO RestaurantStaffs (usr_id,res_id) VALUES (47,47);
INSERT INTO RestaurantStaffs (usr_id,res_id) VALUES (48,48);
INSERT INTO RestaurantStaffs (usr_id,res_id) VALUES (49,49);
INSERT INTO RestaurantStaffs (usr_id,res_id) VALUES (50,50);

insert into Customers (usr_id, card_num, last_order_time) values (51, 140695360, '2020-01-26 15:14:31');
insert into Customers (usr_id, card_num, last_order_time) values (52, 734165395, '2019-08-20 15:32:26');
insert into Customers (usr_id, card_num, last_order_time) values (53, 116520986, '2019-04-23 15:07:13');
insert into Customers (usr_id, card_num, last_order_time) values (54, 409119476, '2019-09-15 10:05:28');
insert into Customers (usr_id, card_num, last_order_time) values (55, 151481351, '2019-05-31 11:23:30');
insert into Customers (usr_id, card_num, last_order_time) values (56, 915796242, '2019-10-13 12:48:04');
insert into Customers (usr_id, card_num, last_order_time) values (57, 357587146, '2019-09-14 13:49:37');
insert into Customers (usr_id, card_num, last_order_time) values (58, 299982827, '2019-06-21 12:43:16');
insert into Customers (usr_id, card_num, last_order_time) values (59, 795124923, '2019-06-28 10:48:55');
insert into Customers (usr_id, card_num, last_order_time) values (60, 308037070, '2019-10-29 11:03:18');
insert into Customers (usr_id, card_num, last_order_time) values (61, 373258906, '2019-09-30 20:28:51');
insert into Customers (usr_id, card_num, last_order_time) values (62, 126664184, '2020-03-27 21:51:19');
insert into Customers (usr_id, card_num, last_order_time) values (63, 673961592, '2020-02-05 12:55:02');
insert into Customers (usr_id, card_num, last_order_time) values (64, 757591688, '2019-10-09 14:51:27');
insert into Customers (usr_id, card_num, last_order_time) values (65, 624379598, '2019-04-04 15:37:31');
insert into Customers (usr_id, card_num, last_order_time) values (66, 474341488, '2019-11-21 12:24:24');
insert into Customers (usr_id, card_num, last_order_time) values (67, 728491011, '2020-01-19 14:16:09');
insert into Customers (usr_id, card_num, last_order_time) values (68, 565229145, '2019-08-09 17:14:17');
insert into Customers (usr_id, card_num, last_order_time) values (69, 812911193, '2019-06-20 21:05:05');
insert into Customers (usr_id, card_num, last_order_time) values (70, 300982501, '2019-04-26 14:26:50');
insert into Customers (usr_id, card_num, last_order_time) values (71, 669657372, '2019-08-04 20:58:48');
insert into Customers (usr_id, card_num, last_order_time) values (72, 203458519, '2019-10-11 16:08:58');
insert into Customers (usr_id, card_num, last_order_time) values (73, 552087491, '2019-11-27 17:24:12');
insert into Customers (usr_id, card_num, last_order_time) values (74, 718798499, '2020-01-28 18:44:16');
insert into Customers (usr_id, card_num, last_order_time) values (75, 748275216, '2020-02-08 19:51:42');
insert into Customers (usr_id, card_num, last_order_time) values (76, 266021686, '2019-12-17 18:18:04');
insert into Customers (usr_id, card_num, last_order_time) values (77, 839153028, '2020-01-30 22:04:59');
insert into Customers (usr_id, card_num, last_order_time) values (78, 850111778, '2019-11-21 13:09:40');
insert into Customers (usr_id, card_num, last_order_time) values (79, 635200102, '2019-12-24 15:03:26');
insert into Customers (usr_id, card_num, last_order_time) values (80, 715952948, '2020-03-19 14:54:05');
insert into Customers (usr_id, card_num, last_order_time) values (81, 970353793, '2020-02-09 14:22:58');
insert into Customers (usr_id, card_num, last_order_time) values (82, 275334993, '2020-03-09 11:21:33');
insert into Customers (usr_id, card_num, last_order_time) values (83, 482449558, '2019-08-15 11:40:18');
insert into Customers (usr_id, card_num, last_order_time) values (84, 950678860, '2020-03-17 22:04:06');
insert into Customers (usr_id, card_num, last_order_time) values (85, 944400216, '2019-11-17 17:08:06');
insert into Customers (usr_id, card_num, last_order_time) values (86, 611683640, '2019-05-28 19:09:56');
insert into Customers (usr_id, card_num, last_order_time) values (87, 604324613, '2019-05-31 23:44:04');
insert into Customers (usr_id, card_num, last_order_time) values (88, 290678512, '2020-02-04 18:53:33');
insert into Customers (usr_id, card_num, last_order_time) values (89, 252981391, '2019-12-17 22:08:06');
insert into Customers (usr_id, card_num, last_order_time) values (90, 164569793, '2019-12-13 19:58:40');
insert into Customers (usr_id, card_num, last_order_time) values (91, 937591459, '2019-09-11 15:34:46');
insert into Customers (usr_id, card_num, last_order_time) values (92, 656383952, '2019-08-13 14:08:28');
insert into Customers (usr_id, card_num, last_order_time) values (93, 198236282, '2019-06-09 17:32:49');
insert into Customers (usr_id, card_num, last_order_time) values (94, 738002430, '2020-02-28 10:58:05');
insert into Customers (usr_id, card_num, last_order_time) values (95, 128352311, '2019-07-20 17:41:11');
insert into Customers (usr_id, card_num, last_order_time) values (96, 845709092, '2019-08-14 12:50:35');
insert into Customers (usr_id, card_num, last_order_time) values (97, 277618721, '2019-12-07 12:21:28');
insert into Customers (usr_id, card_num, last_order_time) values (98, 776140417, '2020-03-06 21:29:47');
insert into Customers (usr_id, card_num, last_order_time) values (99, 576550506, '2020-02-17 12:16:19');
insert into Customers (usr_id, card_num, last_order_time) values (100, 443900062, '2019-04-23 13:12:29');

--Customer address
insert into Customers_address (usr_id, address, last_use_time) values (51, '17 Ridge Oak Alley', '2020-02-02 18:52:25');
insert into Customers_address (usr_id, address, last_use_time) values (52, '0 Boyd Terrace', '2020-03-26 22:58:41');
insert into Customers_address (usr_id, address, last_use_time) values (53, '9409 Spohn Drive', '2019-11-25 15:01:05');
insert into Customers_address (usr_id, address, last_use_time) values (54, '5983 Pine View Junction', '2019-12-27 05:27:43');
insert into Customers_address (usr_id, address, last_use_time) values (55, '74 Roxbury Park', '2020-02-12 14:31:33');
insert into Customers_address (usr_id, address, last_use_time) values (56, '996 Tony Road', '2020-03-17 01:37:54');
insert into Customers_address (usr_id, address, last_use_time) values (57, '7603 Gerald Avenue', '2019-08-28 08:08:53');
insert into Customers_address (usr_id, address, last_use_time) values (58, '36065 Vermont Park', '2019-10-16 08:10:42');
insert into Customers_address (usr_id, address, last_use_time) values (59, '1884 Nelson Center', '2019-09-02 09:03:06');
insert into Customers_address (usr_id, address, last_use_time) values (60, '8872 Manufacturers Street', '2019-10-09 13:19:23');
insert into Customers_address (usr_id, address, last_use_time) values (61, '2675 Village Junction', '2020-03-21 13:51:45');
insert into Customers_address (usr_id, address, last_use_time) values (62, '376 Sunbrook Court', '2019-10-29 03:41:30');
insert into Customers_address (usr_id, address, last_use_time) values (63, '5 Spenser Circle', '2019-06-29 22:24:44');
insert into Customers_address (usr_id, address, last_use_time) values (64, '063 Pond Place', '2019-11-25 17:04:50');
insert into Customers_address (usr_id, address, last_use_time) values (65, '2 Oxford Street', '2019-11-20 01:46:20');
insert into Customers_address (usr_id, address, last_use_time) values (66, '44342 Granby Park','2019-11-07 20:35:48');
insert into Customers_address (usr_id, address, last_use_time) values (67, '7019 Katie Court', '2019-03-31 11:49:27');
insert into Customers_address (usr_id, address, last_use_time) values (68, '94597 Corry Alley', '2019-06-28 20:42:50');
insert into Customers_address (usr_id, address, last_use_time) values (69, '68545 Bonner Junction', '2019-11-25 19:22:11');
insert into Customers_address (usr_id, address, last_use_time) values (70, '8586 Riverside Street', '2020-02-24 15:11:00');
insert into Customers_address (usr_id, address, last_use_time) values (71, '94872 Mosinee Place', '2019-11-27 06:32:20');
insert into Customers_address (usr_id, address, last_use_time) values (72, '16858 Scott Alley', '2020-03-23 14:05:46');
insert into Customers_address (usr_id, address, last_use_time) values (73, '64 Bobwhite Circle', '2019-04-02 20:53:48');
insert into Customers_address (usr_id, address, last_use_time) values (74, '552 Sullivan Terrace','2019-10-27 00:00:59');
insert into Customers_address (usr_id, address, last_use_time) values (75, '28 Erie Parkway', '2019-12-13 05:32:10');
insert into Customers_address (usr_id, address, last_use_time) values (76, '9455 Farmco Circle', '2019-10-19 07:10:21');
insert into Customers_address (usr_id, address, last_use_time) values (77, '7733 Sycamore Terrace', '2019-12-06 18:26:44');
insert into Customers_address (usr_id, address, last_use_time) values (78, '21672 Onsgard Place', '2020-01-29 19:42:26');
insert into Customers_address (usr_id, address, last_use_time) values (79, '4 Badeau Crossing', '2019-10-03 15:21:55');
insert into Customers_address (usr_id, address, last_use_time) values (80, '71698 Donald Way', '2019-04-15 12:34:23');
insert into Customers_address (usr_id, address, last_use_time) values (81, '2075 Chive Crossing', '2019-05-11 21:33:08');
insert into Customers_address (usr_id, address, last_use_time) values (82, '28099 Reinke Parkway', '2019-05-08 02:13:08');
insert into Customers_address (usr_id, address, last_use_time) values (83, '97846 Jenifer Junction', '2020-02-06 15:46:25');
insert into Customers_address (usr_id, address, last_use_time) values (84, '68102 Dwight Terrace', '2019-05-27 09:02:34');
insert into Customers_address (usr_id, address, last_use_time) values (85, '46604 Drewry Trail', '2020-03-13 12:50:36');
insert into Customers_address (usr_id, address, last_use_time) values (86, '35 Londonderry Terrace', '2020-01-03 21:42:30');
insert into Customers_address (usr_id, address, last_use_time) values (87, '62136 Harbort Point', '2020-02-27 10:33:24');
insert into Customers_address (usr_id, address, last_use_time) values (88, '6186 Westport Crossing', '2019-10-18 18:20:23');
insert into Customers_address (usr_id, address, last_use_time) values (89, '521 Starling Parkway', '2019-09-18 22:01:14');
insert into Customers_address (usr_id, address, last_use_time) values (90, '68584 Dakota Place', '2019-03-30 06:08:56');
insert into Customers_address (usr_id, address, last_use_time) values (91, '9 Arkansas Street', '2020-01-31 11:45:19');
insert into Customers_address (usr_id, address, last_use_time) values (92, '6408 Schlimgen Circle', '2019-08-02 20:36:58');
insert into Customers_address (usr_id, address, last_use_time) values (93, '78117 Utah Road', '2019-04-28 01:33:24');
insert into Customers_address (usr_id, address, last_use_time) values (94, '377 Summerview Court', '2020-03-27 10:05:49');
insert into Customers_address (usr_id, address, last_use_time) values (95, '51 Bartillon Way', '2019-11-16 07:01:04');
insert into Customers_address (usr_id, address, last_use_time) values (96, '37 Johnson Crossing', '2019-10-31 07:53:06');
insert into Customers_address (usr_id, address, last_use_time) values (97, '7 Macpherson Pass', '2019-12-28 15:34:22');
insert into Customers_address (usr_id, address, last_use_time) values (98, '714 Mifflin Way', '2019-04-14 09:23:17');
insert into Customers_address (usr_id, address, last_use_time) values (99, '2781 Sunbrook Parkway', '2019-11-12 18:28:04');
insert into Customers_address (usr_id, address, last_use_time) values (100, '84450 Iowa Place', '2020-03-03 11:20:38');

--Riders
INSERT INTO Riders (usr_id) VALUES (100);
INSERT INTO Riders (usr_id) VALUES (101);
INSERT INTO Riders (usr_id) VALUES (102);
INSERT INTO Riders (usr_id) VALUES (103);
INSERT INTO Riders (usr_id) VALUES (104);
INSERT INTO Riders (usr_id) VALUES (105);
INSERT INTO Riders (usr_id) VALUES (106);
INSERT INTO Riders (usr_id) VALUES (107);
INSERT INTO Riders (usr_id) VALUES (108);
INSERT INTO Riders (usr_id) VALUES (109);
INSERT INTO Riders (usr_id) VALUES (110);
INSERT INTO Riders (usr_id) VALUES (111);
INSERT INTO Riders (usr_id) VALUES (112);
INSERT INTO Riders (usr_id) VALUES (113);
INSERT INTO Riders (usr_id) VALUES (114);
INSERT INTO Riders (usr_id) VALUES (115);
INSERT INTO Riders (usr_id) VALUES (116);
INSERT INTO Riders (usr_id) VALUES (117);
INSERT INTO Riders (usr_id) VALUES (118);
INSERT INTO Riders (usr_id) VALUES (119);
INSERT INTO Riders (usr_id) VALUES (120);
INSERT INTO Riders (usr_id) VALUES (121);
INSERT INTO Riders (usr_id) VALUES (122);
INSERT INTO Riders (usr_id) VALUES (123);
INSERT INTO Riders (usr_id) VALUES (124);
INSERT INTO Riders (usr_id) VALUES (125);
INSERT INTO Riders (usr_id) VALUES (126);
INSERT INTO Riders (usr_id) VALUES (127);
INSERT INTO Riders (usr_id) VALUES (128);
INSERT INTO Riders (usr_id) VALUES (129);
INSERT INTO Riders (usr_id) VALUES (130);
INSERT INTO Riders (usr_id) VALUES (131);
INSERT INTO Riders (usr_id) VALUES (132);
INSERT INTO Riders (usr_id) VALUES (133);
INSERT INTO Riders (usr_id) VALUES (134);
INSERT INTO Riders (usr_id) VALUES (135);
INSERT INTO Riders (usr_id) VALUES (136);
INSERT INTO Riders (usr_id) VALUES (137);
INSERT INTO Riders (usr_id) VALUES (138);
INSERT INTO Riders (usr_id) VALUES (139);
INSERT INTO Riders (usr_id) VALUES (140);
INSERT INTO Riders (usr_id) VALUES (141);
INSERT INTO Riders (usr_id) VALUES (142);
INSERT INTO Riders (usr_id) VALUES (143);
INSERT INTO Riders (usr_id) VALUES (144);
INSERT INTO Riders (usr_id) VALUES (145);
INSERT INTO Riders (usr_id) VALUES (146);
INSERT INTO Riders (usr_id) VALUES (147);
INSERT INTO Riders (usr_id) VALUES (148);
INSERT INTO Riders (usr_id) VALUES (149);
INSERT INTO Riders (usr_id) VALUES (150);

insert into Fulltimerider (usr_id, base_salary) values (100, 2000);
insert into Fulltimerider (usr_id, base_salary) values (101, 2000);
insert into Fulltimerider (usr_id, base_salary) values (102, 2000);
insert into Fulltimerider (usr_id, base_salary) values (103, 2000);
insert into Fulltimerider (usr_id, base_salary) values (104, 2000);
insert into Fulltimerider (usr_id, base_salary) values (105, 2000);
insert into Fulltimerider (usr_id, base_salary) values (106, 2000);
insert into Fulltimerider (usr_id, base_salary) values (107, 2000);
insert into Fulltimerider (usr_id, base_salary) values (108, 2000);
insert into Fulltimerider (usr_id, base_salary) values (109, 2000);
insert into Fulltimerider (usr_id, base_salary) values (110, 2000);
insert into Fulltimerider (usr_id, base_salary) values (111, 2000);
insert into Fulltimerider (usr_id, base_salary) values (112, 2000);
insert into Fulltimerider (usr_id, base_salary) values (113, 2000);
insert into Fulltimerider (usr_id, base_salary) values (114, 2000);
insert into Fulltimerider (usr_id, base_salary) values (115, 2000);
insert into Fulltimerider (usr_id, base_salary) values (116, 2000);
insert into Fulltimerider (usr_id, base_salary) values (117, 2000);
insert into Fulltimerider (usr_id, base_salary) values (118, 2000);
insert into Fulltimerider (usr_id, base_salary) values (119, 2000);
insert into Fulltimerider (usr_id, base_salary) values (120, 2000);
insert into Fulltimerider (usr_id, base_salary) values (121, 2000);
insert into Fulltimerider (usr_id, base_salary) values (122, 2000);
insert into Fulltimerider (usr_id, base_salary) values (123, 2000);
insert into Fulltimerider (usr_id, base_salary) values (124, 2000);
insert into Fulltimerider (usr_id, base_salary) values (125, 2000);

insert into Parttimerider (usr_id, base_salary) values (126, 1000);
insert into Parttimerider (usr_id, base_salary) values (127, 1000);
insert into Parttimerider (usr_id, base_salary) values (128, 1000);
insert into Parttimerider (usr_id, base_salary) values (129, 1000);
insert into Parttimerider (usr_id, base_salary) values (130, 1000);
insert into Parttimerider (usr_id, base_salary) values (131, 1000);
insert into Parttimerider (usr_id, base_salary) values (132, 1000);
insert into Parttimerider (usr_id, base_salary) values (133, 1000);
insert into Parttimerider (usr_id, base_salary) values (134, 1000);
insert into Parttimerider (usr_id, base_salary) values (135, 1000);
insert into Parttimerider (usr_id, base_salary) values (136, 1000);
insert into Parttimerider (usr_id, base_salary) values (137, 1000);
insert into Parttimerider (usr_id, base_salary) values (138, 1000);
insert into Parttimerider (usr_id, base_salary) values (139, 1000);
insert into Parttimerider (usr_id, base_salary) values (140, 1000);
insert into Parttimerider (usr_id, base_salary) values (141, 1000);
insert into Parttimerider (usr_id, base_salary) values (142, 1000);
insert into Parttimerider (usr_id, base_salary) values (143, 1000);
insert into Parttimerider (usr_id, base_salary) values (144, 1000);
insert into Parttimerider (usr_id, base_salary) values (145, 1000);
insert into Parttimerider (usr_id, base_salary) values (146, 1000);
insert into Parttimerider (usr_id, base_salary) values (147, 1000);
insert into Parttimerider (usr_id, base_salary) values (148, 1000);
insert into Parttimerider (usr_id, base_salary) values (149, 1000);
insert into Parttimerider (usr_id, base_salary) values (150, 1000);


INSERT INTO Orders (order_id,usr_id,res_id,payment,listOfItems,status) VALUES (1,56,33,'cash', ARRAY [9],'pending');
INSERT INTO Orders (order_id,usr_id,res_id,payment,listOfItems,status) VALUES (2,62,5,'card',ARRAY [53],'complete');
INSERT INTO Orders (order_id,usr_id,res_id,payment,listOfItems,status) VALUES (3,76,1,'card',ARRAY [11],'pending');
INSERT INTO Orders (order_id,usr_id,res_id,payment,listOfItems,status) VALUES (4,64,19,'card',ARRAY [53],'in progress');
INSERT INTO Orders (order_id,usr_id,res_id,payment,listOfItems,status) VALUES (5,75,43,'cash',ARRAY [22],'complete');
INSERT INTO Orders (order_id,usr_id,res_id,payment,listOfItems,status) VALUES (6,94,4,'card',ARRAY [18],'in progress');
INSERT INTO Orders (order_id,usr_id,res_id,payment,listOfItems,status) VALUES (7,55,40,'card',ARRAY [48],'pending');
INSERT INTO Orders (order_id,usr_id,res_id,payment,listOfItems,status) VALUES (8,53,36,'cash',ARRAY [17],'pending');
INSERT INTO Orders (order_id,usr_id,res_id,payment,listOfItems,status) VALUES (9,98,1,'card',ARRAY [64],'pending');
INSERT INTO Orders (order_id,usr_id,res_id,payment,listOfItems,status) VALUES (10,72,30,'card',ARRAY [51],'pending');
INSERT INTO Orders (order_id,usr_id,res_id,payment,listOfItems,status) VALUES (11,54,43,'cash',ARRAY [39],'complete');
INSERT INTO Orders (order_id,usr_id,res_id,payment,listOfItems,status) VALUES (12,58,33,'cash',ARRAY [32],'pending');
INSERT INTO Orders (order_id,usr_id,res_id,payment,listOfItems,status) VALUES (13,54,48,'card',ARRAY [18],'complete');
INSERT INTO Orders (order_id,usr_id,res_id,payment,listOfItems,status) VALUES (14,94,18,'card',ARRAY [35],'complete');
INSERT INTO Orders (order_id,usr_id,res_id,payment,listOfItems,status) VALUES (15,56,30,'card',ARRAY [60],'complete');
INSERT INTO Orders (order_id,usr_id,res_id,payment,listOfItems,status) VALUES (16,86,46,'cash',ARRAY [59],'in progress');
INSERT INTO Orders (order_id,usr_id,res_id,payment,listOfItems,status) VALUES (17,52,17,'card',ARRAY [23],'in progress');
INSERT INTO Orders (order_id,usr_id,res_id,payment,listOfItems,status) VALUES (18,89,10,'card',ARRAY [3],'in progress');
INSERT INTO Orders (order_id,usr_id,res_id,payment,listOfItems,status) VALUES (19,87,25,'card',ARRAY [43],'in progress');
INSERT INTO Orders (order_id,usr_id,res_id,payment,listOfItems,status) VALUES (20,52,2,'card',ARRAY [55],'complete');
INSERT INTO Orders (order_id,usr_id,res_id,payment,listOfItems,status) VALUES (21,89,29,'cash',ARRAY [20],'pending');
INSERT INTO Orders (order_id,usr_id,res_id,payment,listOfItems,status) VALUES (22,94,10,'cash',ARRAY [65],'complete');
INSERT INTO Orders (order_id,usr_id,res_id,payment,listOfItems,status) VALUES (23,92,41,'card',ARRAY [27],'complete');
INSERT INTO Orders (order_id,usr_id,res_id,payment,listOfItems,status) VALUES (24,89,4,'cash',ARRAY [4],'pending');
INSERT INTO Orders (order_id,usr_id,res_id,payment,listOfItems,status) VALUES (25,53,8,'card',ARRAY [1],'pending');
INSERT INTO Orders (order_id,usr_id,res_id,payment,listOfItems,status) VALUES (26,98,16,'card',ARRAY [41],'complete');
INSERT INTO Orders (order_id,usr_id,res_id,payment,listOfItems,status) VALUES (27,56,41,'card',ARRAY [49],'pending');
INSERT INTO Orders (order_id,usr_id,res_id,payment,listOfItems,status) VALUES (28,69,29,'cash',ARRAY [61],'in progress');
INSERT INTO Orders (order_id,usr_id,res_id,payment,listOfItems,status) VALUES (29,95,8,'cash',ARRAY [50],'complete');
INSERT INTO Orders (order_id,usr_id,res_id,payment,listOfItems,status) VALUES (30,95,17,'card',ARRAY [44],'in progress');
INSERT INTO Orders (order_id,usr_id,res_id,payment,listOfItems,status) VALUES (31,81,4,'cash',ARRAY [44],'pending');
INSERT INTO Orders (order_id,usr_id,res_id,payment,listOfItems,status) VALUES (32,59,13,'card',ARRAY [33],'pending');
INSERT INTO Orders (order_id,usr_id,res_id,payment,listOfItems,status) VALUES (33,77,45,'card',ARRAY [13],'pending');
INSERT INTO Orders (order_id,usr_id,res_id,payment,listOfItems,status) VALUES (34,81,6,'card',ARRAY [61],'pending');
INSERT INTO Orders (order_id,usr_id,res_id,payment,listOfItems,status) VALUES (35,54,21,'card',ARRAY [11],'complete');
INSERT INTO Orders (order_id,usr_id,res_id,payment,listOfItems,status) VALUES (36,86,31,'cash',ARRAY [25],'in progress');
INSERT INTO Orders (order_id,usr_id,res_id,payment,listOfItems,status) VALUES (37,66,36,'cash',ARRAY [29],'complete');
INSERT INTO Orders (order_id,usr_id,res_id,payment,listOfItems,status) VALUES (38,81,27,'card',ARRAY [36],'in progress');
INSERT INTO Orders (order_id,usr_id,res_id,payment,listOfItems,status) VALUES (39,52,25,'cash',ARRAY [22],'pending');
INSERT INTO Orders (order_id,usr_id,res_id,payment,listOfItems,status) VALUES (40,87,50,'cash',ARRAY [59],'complete');
INSERT INTO Orders (order_id,usr_id,res_id,payment,listOfItems,status) VALUES (41,62,49,'card',ARRAY [22],'complete');
INSERT INTO Orders (order_id,usr_id,res_id,payment,listOfItems,status) VALUES (42,72,49,'card',ARRAY [44],'in progress');
INSERT INTO Orders (order_id,usr_id,res_id,payment,listOfItems,status) VALUES (43,53,36,'cash',ARRAY [1],'pending');
INSERT INTO Orders (order_id,usr_id,res_id,payment,listOfItems,status) VALUES (44,57,11,'cash',ARRAY [22],'complete');
INSERT INTO Orders (order_id,usr_id,res_id,payment,listOfItems,status) VALUES (45,63,42,'card',ARRAY [44],'complete');
INSERT INTO Orders (order_id,usr_id,res_id,payment,listOfItems,status) VALUES (46,98,2,'cash',ARRAY [61],'pending');
INSERT INTO Orders (order_id,usr_id,res_id,payment,listOfItems,status) VALUES (47,58,29,'card',ARRAY [32],'in progress');
INSERT INTO Orders (order_id,usr_id,res_id,payment,listOfItems,status) VALUES (48,54,4,'card',ARRAY [23],'in progress');
INSERT INTO Orders (order_id,usr_id,res_id,payment,listOfItems,status) VALUES (49,68,27,'cash',ARRAY [7],'pending');
INSERT INTO Orders (order_id,usr_id,res_id,payment,listOfItems,status) VALUES (50,55,23,'card',ARRAY [14],'complete');
INSERT INTO Orders (order_id,usr_id,res_id,payment,listOfItems,status) VALUES (51,62,24,'cash',ARRAY [43],'pending');
INSERT INTO Orders (order_id,usr_id,res_id,payment,listOfItems,status) VALUES (52,87,2,'cash',ARRAY [43],'pending');
INSERT INTO Orders (order_id,usr_id,res_id,payment,listOfItems,status) VALUES (53,76,47,'card',ARRAY [25],'in progress');
INSERT INTO Orders (order_id,usr_id,res_id,payment,listOfItems,status) VALUES (54,69,23,'cash', ARRAY [27],'pending');
INSERT INTO Orders (order_id,usr_id,res_id,payment,listOfItems,status) VALUES (55,90,31,'card', ARRAY [55],'in progress');
INSERT INTO Orders (order_id,usr_id,res_id,payment,listOfItems,status) VALUES (56,57,10,'card',ARRAY [50],'pending');
INSERT INTO Orders (order_id,usr_id,res_id,payment,listOfItems,status) VALUES (57,76,1,'cash',ARRAY [17],'complete');
INSERT INTO Orders (order_id,usr_id,res_id,payment,listOfItems,status) VALUES (58,63,47,'card',ARRAY [55],'complete');
INSERT INTO Orders (order_id,usr_id,res_id,payment,listOfItems,status) VALUES (59,51,19,'card',ARRAY [18],'complete');
INSERT INTO Orders (order_id,usr_id,res_id,payment,listOfItems,status) VALUES (60,58,18,'cash',ARRAY [7],'in progress');
INSERT INTO Orders (order_id,usr_id,res_id,payment,listOfItems,status) VALUES (61,80,35,'cash',ARRAY [44],'in progress');
INSERT INTO Orders (order_id,usr_id,res_id,payment,listOfItems,status) VALUES (62,87,50,'card',ARRAY [46],'pending');
INSERT INTO Orders (order_id,usr_id,res_id,payment,listOfItems,status) VALUES (63,52,10,'card',ARRAY [47],'complete');
INSERT INTO Orders (order_id,usr_id,res_id,payment,listOfItems,status) VALUES (64,81,4,'cash',ARRAY [56],'pending');
INSERT INTO Orders (order_id,usr_id,res_id,payment,listOfItems,status) VALUES (65,69,16,'cash',ARRAY [59],'in progress');
INSERT INTO Orders (order_id,usr_id,res_id,payment,listOfItems,status) VALUES (66,86,47,'cash',ARRAY [65],'in progress');
INSERT INTO Orders (order_id,usr_id,res_id,payment,listOfItems,status) VALUES (67,65,42,'card',ARRAY [62],'complete');
INSERT INTO Orders (order_id,usr_id,res_id,payment,listOfItems,status) VALUES (68,100,35,'cash',ARRAY [2],'complete');
INSERT INTO Orders (order_id,usr_id,res_id,payment,listOfItems,status) VALUES (69,60,22,'cash',ARRAY [34],'pending');
INSERT INTO Orders (order_id,usr_id,res_id,payment,listOfItems,status) VALUES (70,76,44,'cash',ARRAY [41],'pending');
INSERT INTO Orders (order_id,usr_id,res_id,payment,listOfItems,status) VALUES (71,71,30,'card',ARRAY [24],'pending');
INSERT INTO Orders (order_id,usr_id,res_id,payment,listOfItems,status) VALUES (72,90,19,'cash',ARRAY [28],'in progress');
INSERT INTO Orders (order_id,usr_id,res_id,payment,listOfItems,status) VALUES (73,86,17,'card',ARRAY [23],'complete');
INSERT INTO Orders (order_id,usr_id,res_id,payment,listOfItems,status) VALUES (74,77,11,'card',ARRAY [55],'pending');
INSERT INTO Orders (order_id,usr_id,res_id,payment,listOfItems,status) VALUES (75,62,24,'cash',ARRAY [30],'complete');
INSERT INTO Orders (order_id,usr_id,res_id,payment,listOfItems,status) VALUES (76,69,12,'card',ARRAY [11],'pending');
INSERT INTO Orders (order_id,usr_id,res_id,payment,listOfItems,status) VALUES (77,99,24,'cash',ARRAY [45],'pending');
INSERT INTO Orders (order_id,usr_id,res_id,payment,listOfItems,status) VALUES (78,94,27,'card',ARRAY [9],'pending');
INSERT INTO Orders (order_id,usr_id,res_id,payment,listOfItems,status) VALUES (79,83,7,'card',ARRAY [53],'complete');
INSERT INTO Orders (order_id,usr_id,res_id,payment,listOfItems,status) VALUES (80,69,8,'card',ARRAY [2],'pending');
INSERT INTO Orders (order_id,usr_id,res_id,payment,listOfItems,status) VALUES (81,65,37,'cash',ARRAY [41],'in progress');
INSERT INTO Orders (order_id,usr_id,res_id,payment,listOfItems,status) VALUES (82,54,4,'card',ARRAY [5],'in progress');
INSERT INTO Orders (order_id,usr_id,res_id,payment,listOfItems,status) VALUES (83,67,29,'cash',ARRAY [4],'complete');
INSERT INTO Orders (order_id,usr_id,res_id,payment,listOfItems,status) VALUES (84,64,47,'cash',ARRAY [10],'in progress');
INSERT INTO Orders (order_id,usr_id,res_id,payment,listOfItems,status) VALUES (85,66,34,'cash',ARRAY [18],'complete');
INSERT INTO Orders (order_id,usr_id,res_id,payment,listOfItems,status) VALUES (86,93,46,'cash',ARRAY [27],'in progress');
INSERT INTO Orders (order_id,usr_id,res_id,payment,listOfItems,status) VALUES (87,59,4,'cash',ARRAY [11],'pending');
INSERT INTO Orders (order_id,usr_id,res_id,payment,listOfItems,status) VALUES (88,72,8,'cash',ARRAY [9],'in progress');
INSERT INTO Orders (order_id,usr_id,res_id,payment,listOfItems,status) VALUES (89,80,15,'card',ARRAY [50],'in progress');
INSERT INTO Orders (order_id,usr_id,res_id,payment,listOfItems,status) VALUES (90,96,37,'card',ARRAY [30],'complete');
INSERT INTO Orders (order_id,usr_id,res_id,payment,listOfItems,status) VALUES (91,58,40,'cash',ARRAY [54],'in progress');
INSERT INTO Orders (order_id,usr_id,res_id,payment,listOfItems,status) VALUES (92,86,27,'card',ARRAY [31],'complete');
INSERT INTO Orders (order_id,usr_id,res_id,payment,listOfItems,status) VALUES (93,65,6,'cash',ARRAY [13],'pending');
INSERT INTO Orders (order_id,usr_id,res_id,payment,listOfItems,status) VALUES (94,69,28,'card',ARRAY [51],'in progress');
INSERT INTO Orders (order_id,usr_id,res_id,payment,listOfItems,status) VALUES (95,73,41,'card',ARRAY [44],'in progress');
INSERT INTO Orders (order_id,usr_id,res_id,payment,listOfItems,status) VALUES (96,92,31,'cash',ARRAY [56],'complete');
INSERT INTO Orders (order_id,usr_id,res_id,payment,listOfItems,status) VALUES (97,92,42,'card',ARRAY [57],'in progress');
INSERT INTO Orders (order_id,usr_id,res_id,payment,listOfItems,status) VALUES (98,77,24,'cash',ARRAY [30],'complete');
INSERT INTO Orders (order_id,usr_id,res_id,payment,listOfItems,status) VALUES (99,63,34,'card',ARRAY [25],'complete');
INSERT INTO Orders (order_id,usr_id,res_id,payment,listOfItems,status) VALUES (100,65,37,'cash',ARRAY [61],'pending');

insert into Deliveries (order_id, usr_id, place_order_time, dr_leave_for_res, dr_arrive_res, dr_leave_res, dr_arrive_cus) values (1, 125, '2020-01-05 12:36:06', '2020-02-16 15:09:23', '2020-02-02 05:23:24', '2020-02-09 23:22:26', '2020-01-06 18:42:59');
insert into Deliveries (order_id, usr_id, place_order_time, dr_leave_for_res, dr_arrive_res, dr_leave_res, dr_arrive_cus) values (2, 110, '2020-02-09 11:46:11', '2020-01-02 07:10:16', '2020-02-05 00:59:35', '2020-03-16 16:21:37', '2020-02-11 16:52:59');
insert into Deliveries (order_id, usr_id, place_order_time, dr_leave_for_res, dr_arrive_res, dr_leave_res, dr_arrive_cus) values (3, 129, '2020-02-15 09:08:54', '2020-01-09 01:44:10', '2020-02-05 19:16:25', '2020-02-18 09:55:15', '2020-02-17 04:10:59');
insert into Deliveries (order_id, usr_id, place_order_time, dr_leave_for_res, dr_arrive_res, dr_leave_res, dr_arrive_cus) values (4, 139, '2020-03-20 18:29:12', '2020-02-08 12:03:50', '2020-02-15 04:04:08', '2020-03-12 00:54:41', '2020-01-13 07:44:39');
insert into Deliveries (order_id, usr_id, place_order_time, dr_leave_for_res, dr_arrive_res, dr_leave_res, dr_arrive_cus) values (5, 101, '2020-03-27 15:56:15', '2020-01-16 04:26:29', '2020-03-03 16:38:19', '2020-02-02 17:13:51', '2020-01-19 15:27:33');
insert into Deliveries (order_id, usr_id, place_order_time, dr_leave_for_res, dr_arrive_res, dr_leave_res, dr_arrive_cus) values (6, 132, '2020-01-19 07:56:36', '2020-02-08 09:51:10', '2020-02-16 02:41:35', '2020-03-27 14:29:13', '2020-03-27 11:27:28');
insert into Deliveries (order_id, usr_id, place_order_time, dr_leave_for_res, dr_arrive_res, dr_leave_res, dr_arrive_cus) values (7, 104, '2020-01-22 18:48:58', '2020-03-09 23:18:41', '2020-01-14 16:47:30', '2020-02-16 01:34:05', '2020-03-25 07:12:02');
insert into Deliveries (order_id, usr_id, place_order_time, dr_leave_for_res, dr_arrive_res, dr_leave_res, dr_arrive_cus) values (8, 124, '2020-01-23 07:46:43', '2020-02-13 07:39:30', '2020-01-14 04:06:06', '2020-03-16 08:31:38', '2020-03-06 19:49:10');
insert into Deliveries (order_id, usr_id, place_order_time, dr_leave_for_res, dr_arrive_res, dr_leave_res, dr_arrive_cus) values (9, 106, '2020-01-08 02:11:55', '2020-01-25 21:24:41', '2020-02-01 07:15:19', '2020-02-11 16:16:48', '2020-03-06 13:22:51');
insert into Deliveries (order_id, usr_id, place_order_time, dr_leave_for_res, dr_arrive_res, dr_leave_res, dr_arrive_cus) values (10, 128, '2020-03-04 15:18:21', '2020-01-01 14:47:16', '2020-03-23 06:37:38', '2020-03-15 07:35:27', '2020-01-27 11:50:03');
insert into Deliveries (order_id, usr_id, place_order_time, dr_leave_for_res, dr_arrive_res, dr_leave_res, dr_arrive_cus) values (11, 135, '2020-01-27 00:13:34', '2020-02-10 05:56:41', '2020-02-04 00:51:12', '2020-01-11 22:12:31', '2020-02-02 16:39:36');
insert into Deliveries (order_id, usr_id, place_order_time, dr_leave_for_res, dr_arrive_res, dr_leave_res, dr_arrive_cus) values (12, 102, '2020-01-31 04:14:42', '2020-02-09 02:57:19', '2020-01-02 07:45:55', '2020-01-16 06:52:09', '2020-02-09 02:44:43');
insert into Deliveries (order_id, usr_id, place_order_time, dr_leave_for_res, dr_arrive_res, dr_leave_res, dr_arrive_cus) values (13, 104, '2020-02-23 17:55:12', '2020-03-24 14:46:56', '2020-02-03 19:48:11', '2020-03-24 17:53:13', '2020-01-31 13:13:37');
insert into Deliveries (order_id, usr_id, place_order_time, dr_leave_for_res, dr_arrive_res, dr_leave_res, dr_arrive_cus) values (14, 106, '2020-01-24 20:49:09', '2020-02-15 14:46:43', '2020-02-05 13:07:05', '2020-03-18 19:35:49', '2020-01-18 11:07:20');
insert into Deliveries (order_id, usr_id, place_order_time, dr_leave_for_res, dr_arrive_res, dr_leave_res, dr_arrive_cus) values (15, 123, '2020-01-21 09:25:54', '2020-02-19 11:48:10', '2020-01-22 17:46:36', '2020-02-08 16:37:46', '2020-01-01 12:27:20');
insert into Deliveries (order_id, usr_id, place_order_time, dr_leave_for_res, dr_arrive_res, dr_leave_res, dr_arrive_cus) values (16, 134, '2020-01-05 05:04:46', '2020-01-29 18:54:20', '2020-01-19 15:04:46', '2020-02-26 22:14:48', '2020-02-03 23:35:32');
insert into Deliveries (order_id, usr_id, place_order_time, dr_leave_for_res, dr_arrive_res, dr_leave_res, dr_arrive_cus) values (17, 137, '2020-03-13 14:53:14', '2020-02-29 00:59:52', '2020-01-26 06:36:27', '2020-01-06 09:02:20', '2020-01-24 22:11:40');
insert into Deliveries (order_id, usr_id, place_order_time, dr_leave_for_res, dr_arrive_res, dr_leave_res, dr_arrive_cus) values (18, 141, '2020-01-03 05:30:10', '2020-03-19 23:40:01', '2020-02-16 18:38:42', '2020-02-17 13:40:35', '2020-02-05 15:21:21');
insert into Deliveries (order_id, usr_id, place_order_time, dr_leave_for_res, dr_arrive_res, dr_leave_res, dr_arrive_cus) values (19, 111, '2020-03-26 16:02:11', '2020-03-04 13:48:37', '2020-03-13 15:16:12', '2020-02-12 10:03:13', '2020-03-12 20:24:28');
insert into Deliveries (order_id, usr_id, place_order_time, dr_leave_for_res, dr_arrive_res, dr_leave_res, dr_arrive_cus) values (20, 114, '2020-02-15 01:21:12', '2020-02-27 23:31:41', '2020-02-04 08:58:05', '2020-02-29 14:24:24', '2020-01-19 12:50:19');
insert into Deliveries (order_id, usr_id, place_order_time, dr_leave_for_res, dr_arrive_res, dr_leave_res, dr_arrive_cus) values (21, 106, '2020-02-10 10:45:29', '2020-03-16 12:50:01', '2020-01-24 01:07:21', '2020-03-22 08:42:45', '2020-03-13 18:38:21');
insert into Deliveries (order_id, usr_id, place_order_time, dr_leave_for_res, dr_arrive_res, dr_leave_res, dr_arrive_cus) values (22, 117, '2020-03-02 12:55:07', '2020-01-22 19:26:13', '2020-02-12 21:33:48', '2020-03-05 10:12:16', '2020-02-03 09:52:11');
insert into Deliveries (order_id, usr_id, place_order_time, dr_leave_for_res, dr_arrive_res, dr_leave_res, dr_arrive_cus) values (23, 107, '2020-02-14 22:52:47', '2020-02-22 18:18:08', '2020-03-26 17:34:51', '2020-01-12 11:53:50', '2020-02-29 13:22:12');
insert into Deliveries (order_id, usr_id, place_order_time, dr_leave_for_res, dr_arrive_res, dr_leave_res, dr_arrive_cus) values (24, 139, '2020-03-19 23:31:22', '2020-02-14 03:46:04', '2020-02-29 17:18:54', '2020-01-17 07:51:22', '2020-03-14 00:07:08');
insert into Deliveries (order_id, usr_id, place_order_time, dr_leave_for_res, dr_arrive_res, dr_leave_res, dr_arrive_cus) values (25, 137, '2020-01-29 12:35:41', '2020-01-06 00:28:52', '2020-03-13 23:11:10', '2020-02-16 07:56:18', '2020-03-17 21:17:48');
insert into Deliveries (order_id, usr_id, place_order_time, dr_leave_for_res, dr_arrive_res, dr_leave_res, dr_arrive_cus) values (26, 138, '2020-03-08 15:13:22', '2020-01-25 01:17:08', '2020-02-09 20:29:25', '2020-01-27 12:13:53', '2020-01-26 12:40:09');
insert into Deliveries (order_id, usr_id, place_order_time, dr_leave_for_res, dr_arrive_res, dr_leave_res, dr_arrive_cus) values (27, 123, '2020-01-09 06:51:01', '2020-03-16 08:41:46', '2020-03-24 19:07:39', '2020-01-19 09:39:50', '2020-01-14 22:18:59');
insert into Deliveries (order_id, usr_id, place_order_time, dr_leave_for_res, dr_arrive_res, dr_leave_res, dr_arrive_cus) values (28, 135, '2020-02-14 00:27:34', '2020-03-11 21:20:55', '2020-02-18 17:54:49', '2020-01-20 05:33:08', '2020-01-31 04:39:22');
insert into Deliveries (order_id, usr_id, place_order_time, dr_leave_for_res, dr_arrive_res, dr_leave_res, dr_arrive_cus) values (29, 126, '2020-03-09 00:56:11', '2020-03-06 18:52:00', '2020-03-05 12:32:12', '2020-01-14 23:59:08', '2020-02-24 20:55:07');
insert into Deliveries (order_id, usr_id, place_order_time, dr_leave_for_res, dr_arrive_res, dr_leave_res, dr_arrive_cus) values (30, 140, '2020-01-06 10:28:14', '2020-01-11 19:59:37', '2020-03-10 12:07:17', '2020-02-26 19:23:13', '2020-02-24 23:28:42');
insert into Deliveries (order_id, usr_id, place_order_time, dr_leave_for_res, dr_arrive_res, dr_leave_res, dr_arrive_cus) values (31, 114, '2020-02-28 11:51:35', '2020-02-17 15:39:09', '2020-01-04 21:21:20', '2020-01-02 19:14:09', '2020-03-11 00:44:35');
insert into Deliveries (order_id, usr_id, place_order_time, dr_leave_for_res, dr_arrive_res, dr_leave_res, dr_arrive_cus) values (32, 106, '2020-02-12 03:24:19', '2020-01-18 17:44:24', '2020-01-28 14:30:07', '2020-01-21 23:46:31', '2020-03-27 09:07:43');
insert into Deliveries (order_id, usr_id, place_order_time, dr_leave_for_res, dr_arrive_res, dr_leave_res, dr_arrive_cus) values (33, 106, '2020-01-05 11:55:57', '2020-01-06 21:32:04', '2020-01-04 11:19:50', '2020-01-05 07:36:11', '2020-03-25 20:28:14');
insert into Deliveries (order_id, usr_id, place_order_time, dr_leave_for_res, dr_arrive_res, dr_leave_res, dr_arrive_cus) values (34, 102, '2020-03-13 08:05:43', '2020-01-08 18:18:07', '2020-03-15 23:41:47', '2020-02-14 12:54:16', '2020-02-23 16:11:34');
insert into Deliveries (order_id, usr_id, place_order_time, dr_leave_for_res, dr_arrive_res, dr_leave_res, dr_arrive_cus) values (35, 140, '2020-01-15 18:58:39', '2020-01-28 04:30:00', '2020-01-28 23:13:04', '2020-03-02 09:19:00', '2020-01-18 06:53:19');
insert into Deliveries (order_id, usr_id, place_order_time, dr_leave_for_res, dr_arrive_res, dr_leave_res, dr_arrive_cus) values (36, 105, '2020-03-24 02:34:55', '2020-03-19 12:04:54', '2020-02-16 16:17:44', '2020-02-26 03:33:27', '2020-02-25 11:56:00');
insert into Deliveries (order_id, usr_id, place_order_time, dr_leave_for_res, dr_arrive_res, dr_leave_res, dr_arrive_cus) values (37, 123, '2020-03-08 03:56:12', '2020-02-14 20:20:35', '2020-01-30 15:37:14', '2020-02-08 13:01:42', '2020-03-13 12:27:22');
insert into Deliveries (order_id, usr_id, place_order_time, dr_leave_for_res, dr_arrive_res, dr_leave_res, dr_arrive_cus) values (38, 148, '2020-02-25 07:03:03', '2020-02-28 05:35:55', '2020-02-04 08:39:57', '2020-01-02 22:36:54', '2020-01-13 18:02:09');
insert into Deliveries (order_id, usr_id, place_order_time, dr_leave_for_res, dr_arrive_res, dr_leave_res, dr_arrive_cus) values (39, 149, '2020-01-23 12:35:03', '2020-03-22 09:10:29', '2020-01-16 10:33:39', '2020-01-04 02:14:06', '2020-02-28 04:50:05');
insert into Deliveries (order_id, usr_id, place_order_time, dr_leave_for_res, dr_arrive_res, dr_leave_res, dr_arrive_cus) values (40, 142, '2020-02-25 09:08:29', '2020-02-05 03:24:29', '2020-02-02 08:45:49', '2020-01-30 16:13:57', '2020-02-13 08:08:10');
insert into Deliveries (order_id, usr_id, place_order_time, dr_leave_for_res, dr_arrive_res, dr_leave_res, dr_arrive_cus) values (41, 123, '2020-01-02 10:50:07', '2020-02-16 15:24:09', '2020-03-09 07:53:16', '2020-02-17 15:32:31', '2020-03-01 00:19:20');
insert into Deliveries (order_id, usr_id, place_order_time, dr_leave_for_res, dr_arrive_res, dr_leave_res, dr_arrive_cus) values (42, 115, '2020-02-18 11:10:55', '2020-02-25 13:02:56', '2020-01-23 21:08:24', '2020-01-01 03:41:42', '2020-03-14 01:43:39');
insert into Deliveries (order_id, usr_id, place_order_time, dr_leave_for_res, dr_arrive_res, dr_leave_res, dr_arrive_cus) values (43, 105, '2020-03-10 10:30:23', '2020-03-21 15:03:48', '2020-01-22 03:58:00', '2020-02-19 16:33:14', '2020-01-15 05:19:20');
insert into Deliveries (order_id, usr_id, place_order_time, dr_leave_for_res, dr_arrive_res, dr_leave_res, dr_arrive_cus) values (44, 118, '2020-01-26 02:35:16', '2020-02-16 13:41:42', '2020-01-07 21:14:04', '2020-03-07 11:01:43', '2020-01-17 07:15:13');
insert into Deliveries (order_id, usr_id, place_order_time, dr_leave_for_res, dr_arrive_res, dr_leave_res, dr_arrive_cus) values (45, 118, '2020-01-12 10:34:36', '2020-01-01 07:00:53', '2020-03-10 17:14:07', '2020-01-05 16:54:57', '2020-03-05 10:48:48');
insert into Deliveries (order_id, usr_id, place_order_time, dr_leave_for_res, dr_arrive_res, dr_leave_res, dr_arrive_cus) values (46, 132, '2020-01-31 18:08:20', '2020-01-08 08:51:26', '2020-01-19 22:54:51', '2020-01-19 15:50:24', '2020-02-21 18:09:49');
insert into Deliveries (order_id, usr_id, place_order_time, dr_leave_for_res, dr_arrive_res, dr_leave_res, dr_arrive_cus) values (47, 115, '2020-01-12 05:28:49', '2020-03-11 23:22:49', '2020-02-23 08:12:54', '2020-03-10 16:36:36', '2020-02-13 21:57:43');
insert into Deliveries (order_id, usr_id, place_order_time, dr_leave_for_res, dr_arrive_res, dr_leave_res, dr_arrive_cus) values (48, 148, '2020-03-17 06:40:30', '2020-01-05 13:05:06', '2020-03-08 01:44:39', '2020-02-13 03:38:02', '2020-01-17 00:11:35');
insert into Deliveries (order_id, usr_id, place_order_time, dr_leave_for_res, dr_arrive_res, dr_leave_res, dr_arrive_cus) values (49, 132, '2020-02-24 06:58:53', '2020-01-25 20:20:54', '2020-01-25 16:24:00', '2020-02-06 17:35:00', '2020-01-03 23:12:26');
insert into Deliveries (order_id, usr_id, place_order_time, dr_leave_for_res, dr_arrive_res, dr_leave_res, dr_arrive_cus) values (50, 107, '2020-01-30 13:45:58', '2020-02-01 11:44:09', '2020-02-12 14:32:01', '2020-01-20 15:04:59', '2020-03-23 19:40:43');
insert into Deliveries (order_id, usr_id, place_order_time, dr_leave_for_res, dr_arrive_res, dr_leave_res, dr_arrive_cus) values (51, 137, '2020-01-07 14:48:15', '2020-01-24 05:35:02', '2020-02-11 18:35:42', '2020-02-12 08:41:23', '2020-01-16 14:31:56');
insert into Deliveries (order_id, usr_id, place_order_time, dr_leave_for_res, dr_arrive_res, dr_leave_res, dr_arrive_cus) values (52, 106, '2020-01-16 15:54:04', '2020-02-08 10:48:21', '2020-01-08 14:01:34', '2020-01-12 06:49:42', '2020-01-27 01:44:58');
insert into Deliveries (order_id, usr_id, place_order_time, dr_leave_for_res, dr_arrive_res, dr_leave_res, dr_arrive_cus) values (53, 150, '2020-01-21 20:40:39', '2020-03-06 17:18:15', '2020-01-22 19:32:12', '2020-03-24 09:19:51', '2020-03-15 14:22:57');
insert into Deliveries (order_id, usr_id, place_order_time, dr_leave_for_res, dr_arrive_res, dr_leave_res, dr_arrive_cus) values (54, 126, '2020-02-14 09:07:26', '2020-03-22 07:28:29', '2020-01-13 01:25:06', '2020-02-13 12:09:37', '2020-01-04 10:12:00');
insert into Deliveries (order_id, usr_id, place_order_time, dr_leave_for_res, dr_arrive_res, dr_leave_res, dr_arrive_cus) values (55, 143, '2020-01-21 12:38:41', '2020-03-23 08:09:19', '2020-03-11 11:52:48', '2020-03-21 09:04:02', '2020-01-17 06:55:47');
insert into Deliveries (order_id, usr_id, place_order_time, dr_leave_for_res, dr_arrive_res, dr_leave_res, dr_arrive_cus) values (56, 111, '2020-02-01 10:00:46', '2020-02-27 05:09:17', '2020-03-14 04:04:19', '2020-01-04 15:35:49', '2020-03-21 19:25:16');
insert into Deliveries (order_id, usr_id, place_order_time, dr_leave_for_res, dr_arrive_res, dr_leave_res, dr_arrive_cus) values (57, 149, '2020-02-01 10:52:22', '2020-03-11 16:38:55', '2020-01-12 17:36:21', '2020-02-06 01:08:51', '2020-01-12 04:23:20');
insert into Deliveries (order_id, usr_id, place_order_time, dr_leave_for_res, dr_arrive_res, dr_leave_res, dr_arrive_cus) values (58, 109, '2020-02-23 19:33:21', '2020-02-26 02:07:53', '2020-03-20 05:28:15', '2020-01-24 01:48:46', '2020-02-24 14:41:52');
insert into Deliveries (order_id, usr_id, place_order_time, dr_leave_for_res, dr_arrive_res, dr_leave_res, dr_arrive_cus) values (59, 141, '2020-01-23 08:51:15', '2020-03-09 23:44:15', '2020-01-24 17:18:25', '2020-01-12 19:04:28', '2020-02-02 17:27:23');
insert into Deliveries (order_id, usr_id, place_order_time, dr_leave_for_res, dr_arrive_res, dr_leave_res, dr_arrive_cus) values (60, 105, '2020-02-15 23:45:08', '2020-01-27 09:25:18', '2020-01-29 00:36:53', '2020-01-30 23:58:33', '2020-01-06 08:29:41');
insert into Deliveries (order_id, usr_id, place_order_time, dr_leave_for_res, dr_arrive_res, dr_leave_res, dr_arrive_cus) values (61, 147, '2020-02-02 10:15:23', '2020-01-18 09:33:33', '2020-01-09 03:34:44', '2020-02-04 15:08:04', '2020-02-29 21:37:59');
insert into Deliveries (order_id, usr_id, place_order_time, dr_leave_for_res, dr_arrive_res, dr_leave_res, dr_arrive_cus) values (62, 142, '2020-02-27 09:11:42', '2020-03-19 18:30:59', '2020-02-23 19:50:52', '2020-01-26 06:41:37', '2020-03-24 11:50:40');
insert into Deliveries (order_id, usr_id, place_order_time, dr_leave_for_res, dr_arrive_res, dr_leave_res, dr_arrive_cus) values (63, 114, '2020-02-19 08:53:04', '2020-01-07 16:49:46', '2020-02-06 07:38:03', '2020-01-20 00:21:56', '2020-02-15 16:56:16');
insert into Deliveries (order_id, usr_id, place_order_time, dr_leave_for_res, dr_arrive_res, dr_leave_res, dr_arrive_cus) values (64, 144, '2020-02-04 02:55:51', '2020-01-28 23:56:29', '2020-01-02 04:31:00', '2020-01-27 04:21:16', '2020-01-28 13:38:52');
insert into Deliveries (order_id, usr_id, place_order_time, dr_leave_for_res, dr_arrive_res, dr_leave_res, dr_arrive_cus) values (65, 129, '2020-01-23 17:45:38', '2020-01-14 04:23:55', '2020-01-08 19:53:03', '2020-03-03 18:29:00', '2020-02-15 18:23:30');
insert into Deliveries (order_id, usr_id, place_order_time, dr_leave_for_res, dr_arrive_res, dr_leave_res, dr_arrive_cus) values (66, 106, '2020-03-20 23:42:34', '2020-03-24 08:26:05', '2020-03-05 12:15:11', '2020-01-30 20:32:30', '2020-01-05 16:06:27');
insert into Deliveries (order_id, usr_id, place_order_time, dr_leave_for_res, dr_arrive_res, dr_leave_res, dr_arrive_cus) values (67, 131, '2020-01-31 08:07:24', '2020-03-12 15:38:42', '2020-02-11 16:02:18', '2020-03-04 22:04:38', '2020-01-10 13:50:38');
insert into Deliveries (order_id, usr_id, place_order_time, dr_leave_for_res, dr_arrive_res, dr_leave_res, dr_arrive_cus) values (68, 116, '2020-02-16 14:37:51', '2020-02-18 04:58:30', '2020-02-18 15:12:43', '2020-01-05 06:01:59', '2020-02-09 05:38:37');
insert into Deliveries (order_id, usr_id, place_order_time, dr_leave_for_res, dr_arrive_res, dr_leave_res, dr_arrive_cus) values (69, 113, '2020-02-12 11:57:51', '2020-03-18 12:16:57', '2020-02-16 10:06:34', '2020-02-25 07:29:27', '2020-01-26 17:20:01');
insert into Deliveries (order_id, usr_id, place_order_time, dr_leave_for_res, dr_arrive_res, dr_leave_res, dr_arrive_cus) values (70, 102, '2020-03-25 01:49:51', '2020-01-18 15:05:07', '2020-02-22 16:13:50', '2020-03-24 18:08:40', '2020-01-24 05:45:04');
insert into Deliveries (order_id, usr_id, place_order_time, dr_leave_for_res, dr_arrive_res, dr_leave_res, dr_arrive_cus) values (71, 147, '2020-01-14 21:09:19', '2020-01-17 17:07:02', '2020-02-07 07:43:52', '2020-03-20 05:33:47', '2020-02-03 13:15:17');
insert into Deliveries (order_id, usr_id, place_order_time, dr_leave_for_res, dr_arrive_res, dr_leave_res, dr_arrive_cus) values (72, 106, '2020-02-12 23:39:08', '2020-02-10 04:57:12', '2020-03-17 10:19:45', '2020-03-17 05:56:38', '2020-01-21 13:12:14');
insert into Deliveries (order_id, usr_id, place_order_time, dr_leave_for_res, dr_arrive_res, dr_leave_res, dr_arrive_cus) values (73, 136, '2020-03-10 20:41:11', '2020-03-09 13:23:51', '2020-02-20 17:22:13', '2020-01-18 19:18:02', '2020-02-20 23:30:50');
insert into Deliveries (order_id, usr_id, place_order_time, dr_leave_for_res, dr_arrive_res, dr_leave_res, dr_arrive_cus) values (74, 107, '2020-03-13 23:50:40', '2020-01-11 22:45:01', '2020-01-09 21:45:10', '2020-01-04 03:55:25', '2020-01-30 17:43:42');
insert into Deliveries (order_id, usr_id, place_order_time, dr_leave_for_res, dr_arrive_res, dr_leave_res, dr_arrive_cus) values (75, 146, '2020-02-24 05:53:29', '2020-03-25 08:37:57', '2020-01-11 02:50:23', '2020-01-22 21:55:01', '2020-02-26 15:47:48');
insert into Deliveries (order_id, usr_id, place_order_time, dr_leave_for_res, dr_arrive_res, dr_leave_res, dr_arrive_cus) values (76, 149, '2020-02-18 03:14:05', '2020-02-04 00:27:39', '2020-02-28 10:51:46', '2020-03-04 13:41:01', '2020-02-16 21:52:19');
insert into Deliveries (order_id, usr_id, place_order_time, dr_leave_for_res, dr_arrive_res, dr_leave_res, dr_arrive_cus) values (77, 101, '2020-01-16 23:11:55', '2020-02-13 20:34:26', '2020-02-26 15:32:06', '2020-03-11 21:33:02', '2020-02-16 03:48:02');
insert into Deliveries (order_id, usr_id, place_order_time, dr_leave_for_res, dr_arrive_res, dr_leave_res, dr_arrive_cus) values (78, 138, '2020-01-21 06:10:15', '2020-01-31 04:40:19', '2020-01-02 03:59:40', '2020-01-16 14:53:25', '2020-03-14 17:51:11');
insert into Deliveries (order_id, usr_id, place_order_time, dr_leave_for_res, dr_arrive_res, dr_leave_res, dr_arrive_cus) values (79, 122, '2020-01-14 03:18:43', '2020-02-19 01:58:31', '2020-01-13 13:42:25', '2020-02-29 22:39:11', '2020-02-12 17:00:43');
insert into Deliveries (order_id, usr_id, place_order_time, dr_leave_for_res, dr_arrive_res, dr_leave_res, dr_arrive_cus) values (80, 147, '2020-02-11 03:12:34', '2020-01-26 12:22:08', '2020-02-22 22:32:32', '2020-02-15 23:40:28', '2020-03-14 10:37:46');
insert into Deliveries (order_id, usr_id, place_order_time, dr_leave_for_res, dr_arrive_res, dr_leave_res, dr_arrive_cus) values (81, 128, '2020-03-14 04:03:42', '2020-01-11 00:07:46', '2020-01-29 16:58:29', '2020-01-29 10:54:42', '2020-03-05 11:44:30');
insert into Deliveries (order_id, usr_id, place_order_time, dr_leave_for_res, dr_arrive_res, dr_leave_res, dr_arrive_cus) values (82, 132, '2020-02-18 09:26:08', '2020-01-16 13:27:29', '2020-01-22 22:43:10', '2020-01-07 08:54:28', '2020-02-26 14:45:22');
insert into Deliveries (order_id, usr_id, place_order_time, dr_leave_for_res, dr_arrive_res, dr_leave_res, dr_arrive_cus) values (83, 132, '2020-02-04 22:24:52', '2020-02-04 15:05:14', '2020-02-05 01:51:52', '2020-01-22 22:33:45', '2020-03-23 05:24:45');
insert into Deliveries (order_id, usr_id, place_order_time, dr_leave_for_res, dr_arrive_res, dr_leave_res, dr_arrive_cus) values (84, 147, '2020-03-20 20:21:31', '2020-02-22 11:40:55', '2020-02-11 06:38:45', '2020-01-17 06:34:39', '2020-01-14 11:44:48');
insert into Deliveries (order_id, usr_id, place_order_time, dr_leave_for_res, dr_arrive_res, dr_leave_res, dr_arrive_cus) values (85, 112, '2020-02-25 02:27:28', '2020-01-25 17:54:00', '2020-03-08 15:10:11', '2020-02-16 07:40:24', '2020-03-09 23:27:44');
insert into Deliveries (order_id, usr_id, place_order_time, dr_leave_for_res, dr_arrive_res, dr_leave_res, dr_arrive_cus) values (86, 118, '2020-01-16 11:02:46', '2020-03-06 14:54:38', '2020-01-01 13:14:11', '2020-03-12 02:33:44', '2020-03-27 07:45:10');
insert into Deliveries (order_id, usr_id, place_order_time, dr_leave_for_res, dr_arrive_res, dr_leave_res, dr_arrive_cus) values (87, 143, '2020-01-02 19:58:00', '2020-01-22 16:42:23', '2020-01-17 01:51:21', '2020-01-27 23:13:27', '2020-02-17 09:27:13');
insert into Deliveries (order_id, usr_id, place_order_time, dr_leave_for_res, dr_arrive_res, dr_leave_res, dr_arrive_cus) values (88, 124, '2020-02-25 13:52:06', '2020-02-21 15:46:28', '2020-01-08 15:26:25', '2020-02-15 10:27:57', '2020-01-20 17:37:35');
insert into Deliveries (order_id, usr_id, place_order_time, dr_leave_for_res, dr_arrive_res, dr_leave_res, dr_arrive_cus) values (89, 123, '2020-03-19 21:20:25', '2020-03-04 01:35:37', '2020-01-20 02:01:47', '2020-03-14 11:05:52', '2020-03-04 16:08:51');
insert into Deliveries (order_id, usr_id, place_order_time, dr_leave_for_res, dr_arrive_res, dr_leave_res, dr_arrive_cus) values (90, 132, '2020-03-14 14:10:39', '2020-01-23 18:54:53', '2020-01-18 07:39:51', '2020-02-08 13:28:34', '2020-01-07 22:56:31');
insert into Deliveries (order_id, usr_id, place_order_time, dr_leave_for_res, dr_arrive_res, dr_leave_res, dr_arrive_cus) values (91, 120, '2020-01-05 01:15:13', '2020-03-14 21:55:29', '2020-02-24 07:56:08', '2020-03-08 18:32:51', '2020-02-18 11:00:22');
insert into Deliveries (order_id, usr_id, place_order_time, dr_leave_for_res, dr_arrive_res, dr_leave_res, dr_arrive_cus) values (92, 146, '2020-02-27 19:48:09', '2020-03-06 11:02:39', '2020-03-11 08:20:44', '2020-01-07 12:21:35', '2020-03-08 08:58:24');
insert into Deliveries (order_id, usr_id, place_order_time, dr_leave_for_res, dr_arrive_res, dr_leave_res, dr_arrive_cus) values (93, 121, '2020-03-04 04:09:31', '2020-01-02 11:35:00', '2020-02-06 04:20:15', '2020-03-22 00:38:43', '2020-01-03 20:11:23');
insert into Deliveries (order_id, usr_id, place_order_time, dr_leave_for_res, dr_arrive_res, dr_leave_res, dr_arrive_cus) values (94, 143, '2020-02-15 23:59:48', '2020-01-19 11:48:53', '2020-02-05 08:38:12', '2020-01-31 04:10:08', '2020-01-15 03:55:40');
insert into Deliveries (order_id, usr_id, place_order_time, dr_leave_for_res, dr_arrive_res, dr_leave_res, dr_arrive_cus) values (95, 111, '2020-01-13 00:48:45', '2020-03-21 09:24:56', '2020-02-16 15:05:08', '2020-01-13 12:45:35', '2020-01-15 17:21:20');
insert into Deliveries (order_id, usr_id, place_order_time, dr_leave_for_res, dr_arrive_res, dr_leave_res, dr_arrive_cus) values (96, 135, '2020-02-14 12:32:04', '2020-02-10 03:32:19', '2020-01-24 04:32:57', '2020-03-01 00:32:09', '2020-03-27 05:00:36');
insert into Deliveries (order_id, usr_id, place_order_time, dr_leave_for_res, dr_arrive_res, dr_leave_res, dr_arrive_cus) values (97, 116, '2020-02-28 23:51:03', '2020-01-15 07:32:50', '2020-03-20 20:44:40', '2020-01-21 05:21:28', '2020-03-27 08:24:53');
insert into Deliveries (order_id, usr_id, place_order_time, dr_leave_for_res, dr_arrive_res, dr_leave_res, dr_arrive_cus) values (98, 147, '2020-02-16 10:22:21', '2020-02-03 16:35:25', '2020-03-01 17:14:38', '2020-02-01 10:50:35', '2020-03-21 02:33:22');
insert into Deliveries (order_id, usr_id, place_order_time, dr_leave_for_res, dr_arrive_res, dr_leave_res, dr_arrive_cus) values (99, 144, '2020-02-27 23:17:52', '2020-01-02 10:44:54', '2020-01-04 20:21:33', '2020-02-06 17:57:18', '2020-01-30 23:11:04');
insert into Deliveries (order_id, usr_id, place_order_time, dr_leave_for_res, dr_arrive_res, dr_leave_res, dr_arrive_cus) values (100, 128, '2020-01-08 18:20:19', '2020-02-09 16:07:24', '2020-03-12 02:42:30', '2020-02-03 16:18:11', '2020-03-04 00:03:33');

insert into Coupons (coupon_id, usr_id, description, expiry_date) values (1, 59, 'Free Delivery', '2020-03-19 00:40:45');
insert into Coupons (coupon_id, usr_id, description, expiry_date) values (2, 52, 'Free Delivery', '2020-11-18 21:59:38');
insert into Coupons (coupon_id, usr_id, description, expiry_date) values (3, 88, 'Free Delivery', '2020-07-09 13:22:56');
insert into Coupons (coupon_id, usr_id, description, expiry_date) values (4, 88, '10% off', '2020-12-06 20:44:35');
insert into Coupons (coupon_id, usr_id, description, expiry_date) values (5, 92, '10% off', '2020-07-08 10:58:53');
insert into Coupons (coupon_id, usr_id, description, expiry_date) values (6, 61, '10% off', '2020-12-23 16:27:14');
insert into Coupons (coupon_id, usr_id, description, expiry_date) values (7, 63, '10% off', '2020-11-27 17:48:22');
insert into Coupons (coupon_id, usr_id, description, expiry_date) values (8, 58, '50% off', '2020-10-27 00:57:58');
insert into Coupons (coupon_id, usr_id, description, expiry_date) values (9, 86, '50% off', '2020-09-01 15:59:09');
insert into Coupons (coupon_id, usr_id, description, expiry_date) values (10, 97, 'Free Delivery', '2020-07-26 00:58:43');
insert into Coupons (coupon_id, usr_id, description, expiry_date) values (11, 91, 'Free Delivery', '2020-04-06 08:27:56');
insert into Coupons (coupon_id, usr_id, description, expiry_date) values (12, 89, '10% off', '2020-10-22 12:19:16');
insert into Coupons (coupon_id, usr_id, description, expiry_date) values (13, 61, '50% off', '2020-07-11 03:54:11');
insert into Coupons (coupon_id, usr_id, description, expiry_date) values (14, 91, '50% off', '2020-11-27 22:09:50');
insert into Coupons (coupon_id, usr_id, description, expiry_date) values (15, 75, '30% off', '2020-08-06 05:55:00');
insert into Coupons (coupon_id, usr_id, description, expiry_date) values (16, 86, '10% off', '2020-05-07 17:18:07');
insert into Coupons (coupon_id, usr_id, description, expiry_date) values (17, 72, '50% off', '2020-08-30 12:46:41');
insert into Coupons (coupon_id, usr_id, description, expiry_date) values (18, 96, '70% off', '2020-04-16 10:44:25');
insert into Coupons (coupon_id, usr_id, description, expiry_date) values (19, 52, '50% off', '2020-07-17 10:41:21');
insert into Coupons (coupon_id, usr_id, description, expiry_date) values (20, 99, '30% off', '2020-10-25 07:30:51');
insert into Coupons (coupon_id, usr_id, description, expiry_date) values (21, 94, '50% off', '2020-11-10 20:54:51');
insert into Coupons (coupon_id, usr_id, description, expiry_date) values (22, 67, '50% off', '2020-05-19 13:43:16');
insert into Coupons (coupon_id, usr_id, description, expiry_date) values (23, 70, 'Free Delivery', '2020-10-07 23:13:28');
insert into Coupons (coupon_id, usr_id, description, expiry_date) values (24, 54, '10% off', '2020-07-07 16:03:34');
insert into Coupons (coupon_id, usr_id, description, expiry_date) values (25, 60, 'Free Delivery', '2020-04-11 07:24:21');
insert into Coupons (coupon_id, usr_id, description, expiry_date) values (26, 95, '30% off', '2020-10-30 20:40:26');
insert into Coupons (coupon_id, usr_id, description, expiry_date) values (27, 92, '10% off', '2020-06-27 04:17:40');
insert into Coupons (coupon_id, usr_id, description, expiry_date) values (28, 71, 'Free Delivery', '2020-12-28 09:08:40');
insert into Coupons (coupon_id, usr_id, description, expiry_date) values (29, 78, 'Free Delivery', '2020-04-06 20:26:03');
insert into Coupons (coupon_id, usr_id, description, expiry_date) values (30, 83, '30% off', '2020-08-18 23:19:22');
insert into Coupons (coupon_id, usr_id, description, expiry_date) values (31, 51, '30% off', '2020-03-17 00:58:58');
insert into Coupons (coupon_id, usr_id, description, expiry_date) values (32, 77, '30% off', '2020-04-28 09:18:39');
insert into Coupons (coupon_id, usr_id, description, expiry_date) values (33, 71, '70% off', '2020-12-22 11:57:04');
insert into Coupons (coupon_id, usr_id, description, expiry_date) values (34, 89, 'Free Delivery', '2020-06-03 12:34:31');
insert into Coupons (coupon_id, usr_id, description, expiry_date) values (35, 58, '70% off', '2020-09-09 14:46:54');
insert into Coupons (coupon_id, usr_id, description, expiry_date) values (36, 93, '70% off', '2020-06-21 16:45:21');
insert into Coupons (coupon_id, usr_id, description, expiry_date) values (37, 77, '70% off', '2020-05-29 21:03:58');
insert into Coupons (coupon_id, usr_id, description, expiry_date) values (38, 68, 'Prodder', '2020-04-15 10:30:59');
insert into Coupons (coupon_id, usr_id, description, expiry_date) values (39, 70, '30% off', '2020-07-08 16:27:08');
insert into Coupons (coupon_id, usr_id, description, expiry_date) values (40, 94, 'Free Delivery', '2020-03-29 06:07:06');
insert into Coupons (coupon_id, usr_id, description, expiry_date) values (41, 96, '30% off', '2020-12-26 04:39:16');
insert into Coupons (coupon_id, usr_id, description, expiry_date) values (42, 95, '10% off', '2020-12-06 17:16:43');
insert into Coupons (coupon_id, usr_id, description, expiry_date) values (43, 92, '30% off', '2020-11-27 01:03:50');
insert into Coupons (coupon_id, usr_id, description, expiry_date) values (44, 65, 'Free Delivery', '2020-04-14 06:21:31');
insert into Coupons (coupon_id, usr_id, description, expiry_date) values (45, 98, '30% off', '2020-03-02 11:45:01');
insert into Coupons (coupon_id, usr_id, description, expiry_date) values (46, 58, 'Free Delivery', '2020-06-27 08:08:40');
insert into Coupons (coupon_id, usr_id, description, expiry_date) values (47, 86, '30% off', '2020-09-21 21:11:28');
insert into Coupons (coupon_id, usr_id, description, expiry_date) values (48, 70, '10% off', '2020-09-16 21:54:11');
insert into Coupons (coupon_id, usr_id, description, expiry_date) values (49, 80, 'Free Delivery', '2020-06-04 01:34:35');
insert into Coupons (coupon_id, usr_id, description, expiry_date) values (50, 70, 'Free Delivery', '2020-04-29 17:35:56');

INSERT INTO Promotions (pid,promotype,description,start_day,end_day) VALUES (1,'RES','Cras eu tellus eu augue porttitor interdum. Sed auctor odio a purus. Duis elementum, dui quis accumsan convallis, ante lectus','2020-01-31 11:45:19','2020-09-30 11:45:19');
INSERT INTO Promotions (pid,promotype,description,start_day,end_day) VALUES (2,'FDS','justo. Praesent luctus. Curabitur egestas nunc sed libero. Proin sed turpis nec mauris blandit mattis. Cras eget nisi dictum','2020-01-31 11:45:19','2020-02-07 11:45:19');
INSERT INTO Promotions (pid,promotype,description,start_day,end_day) VALUES (3,'FDS','sit amet ornare lectus justo eu arcu. Morbi sit amet massa. Quisque porttitor eros nec tellus. Nunc lectus pede,','2020-01-21 11:45:19','2020-01-31 11:45:19');
INSERT INTO Promotions (pid,promotype,description,start_day,end_day) VALUES (4,'FDS','iaculis quis, pede. Praesent eu dui. Cum sociis natoque penatibus et','2020-03-31 12:00:19','2020-04-22 12:00:19');
INSERT INTO Promotions (pid,promotype,description,start_day,end_day) VALUES (5,'RES','purus, in molestie tortor nibh sit amet orci. Ut sagittis lobortis mauris. Suspendisse aliquet molestie','2019-04-23 12:00:19','2019-09-30 12:00:19');
INSERT INTO Promotions (pid,promotype,description,start_day,end_day) VALUES (6,'RES','nulla at sem molestie sodales. Mauris blandit enim consequat purus. Maecenas libero est, congue a, aliquet vel, vulputate','2019-05-31 22:00:19','2019-08-31 22:00:19');
INSERT INTO Promotions (pid,promotype,description,start_day,end_day) VALUES (7,'RES','consequat, lectus sit amet luctus vulputate, nisi sem semper erat, in consectetuer ipsum nunc id enim. Curabitur massa. Vestibulum accumsan','2020-01-01 00:00:00','2020-12-31 00:00:00');
INSERT INTO Promotions (pid,promotype,description,start_day,end_day) VALUES (8,'FDS','eros non enim commodo hendrerit. Donec porttitor tellus non magna. Nam ligula elit, pretium et, rutrum','2020-03-01 00:00:00','2020-12-31 00:00:00');
INSERT INTO Promotions (pid,promotype,description,start_day,end_day) VALUES (9,'FDS','non justo. Proin non massa non ante bibendum ullamcorper. Duis cursus, diam at pretium aliquet, metus','2020-04-12 00:00:00','2020-12-31 00:00:00');
INSERT INTO Promotions (pid,promotype,description,start_day,end_day) VALUES (10,'FDS','Duis dignissim tempor arcu. Vestibulum ut eros non enim commodo hendrerit. Donec porttitor tellus non magna. Nam','2019-11-03 00:00:00','2020-11-03 00:00:00');


INSERT INTO Shifts (shift_id,start_time1,start_time2,end_time1,end_time2) VALUES (1,'10:00','15:00','14:00','19:00');
INSERT INTO Shifts (shift_id,start_time1,start_time2,end_time1,end_time2) VALUES (2,'11:00','16:00','15:00','20:00');
INSERT INTO Shifts (shift_id,start_time1,start_time2,end_time1,end_time2) VALUES (3,'12:00','17:00','16:00','21:00');
INSERT INTO Shifts (shift_id,start_time1,start_time2,end_time1,end_time2) VALUES (4,'13:00','18:00','17:00','22:00');


insert into Mws (usr_id, day, shift_id) values (101, 1, 4);
insert into Mws (usr_id, day, shift_id) values (102, 1, 3);
insert into Mws (usr_id, day, shift_id) values (103, 1, 2);
insert into Mws (usr_id, day, shift_id) values (104, 1, 3);
insert into Mws (usr_id, day, shift_id) values (105, 1, 2);
insert into Mws (usr_id, day, shift_id) values (106, 1, 3);
insert into Mws (usr_id, day, shift_id) values (107, 1, 1);
insert into Mws (usr_id, day, shift_id) values (108, 1, 4);
insert into Mws (usr_id, day, shift_id) values (109, 1, 3);
insert into Mws (usr_id, day, shift_id) values (110, 1, 1);
insert into Mws (usr_id, day, shift_id) values (111, 1, 1);
insert into Mws (usr_id, day, shift_id) values (112, 1, 4);
insert into Mws (usr_id, day, shift_id) values (113, 1, 1);
insert into Mws (usr_id, day, shift_id) values (114, 1, 1);
insert into Mws (usr_id, day, shift_id) values (115, 1, 1);
insert into Mws (usr_id, day, shift_id) values (116, 1, 4);
insert into Mws (usr_id, day, shift_id) values (117, 1, 1);
insert into Mws (usr_id, day, shift_id) values (118, 1, 4);
insert into Mws (usr_id, day, shift_id) values (119, 1, 4);
insert into Mws (usr_id, day, shift_id) values (120, 1, 3);
insert into Mws (usr_id, day, shift_id) values (121, 1, 3);
insert into Mws (usr_id, day, shift_id) values (122, 1, 4);
insert into Mws (usr_id, day, shift_id) values (123, 1, 1);
insert into Mws (usr_id, day, shift_id) values (124, 1, 1);
insert into Mws (usr_id, day, shift_id) values (125, 1, 4);


insert into Mws (usr_id, day, shift_id) values (101, 2, 4);
insert into Mws (usr_id, day, shift_id) values (102, 2, 2);
insert into Mws (usr_id, day, shift_id) values (103, 2, 3);
insert into Mws (usr_id, day, shift_id) values (104, 2, 4);
insert into Mws (usr_id, day, shift_id) values (105, 2, 4);
insert into Mws (usr_id, day, shift_id) values (106, 2, 4);
insert into Mws (usr_id, day, shift_id) values (107, 2, 4);
insert into Mws (usr_id, day, shift_id) values (108, 2, 1);
insert into Mws (usr_id, day, shift_id) values (109, 2, 2);
insert into Mws (usr_id, day, shift_id) values (110, 2, 2);
insert into Mws (usr_id, day, shift_id) values (111, 2, 1);
insert into Mws (usr_id, day, shift_id) values (112, 2, 2);
insert into Mws (usr_id, day, shift_id) values (113, 2, 3);
insert into Mws (usr_id, day, shift_id) values (114, 2, 1);
insert into Mws (usr_id, day, shift_id) values (115, 2, 2);
insert into Mws (usr_id, day, shift_id) values (116, 2, 1);
insert into Mws (usr_id, day, shift_id) values (117, 2, 4);
insert into Mws (usr_id, day, shift_id) values (118, 2, 2);
insert into Mws (usr_id, day, shift_id) values (119, 2, 2);
insert into Mws (usr_id, day, shift_id) values (120, 2, 4);
insert into Mws (usr_id, day, shift_id) values (121, 2, 4);
insert into Mws (usr_id, day, shift_id) values (122, 2, 1);
insert into Mws (usr_id, day, shift_id) values (123, 2, 3);
insert into Mws (usr_id, day, shift_id) values (124, 2, 2);
insert into Mws (usr_id, day, shift_id) values (125, 2, 1);

insert into Wws (usr_id, dayOfWeek, week, start_time, end_time) values (126, 1, 1, '10:00', '14:00');
insert into Wws (usr_id, dayOfWeek, week, start_time, end_time) values (127, 1, 1, '12:00', '13:00');
insert into Wws (usr_id, dayOfWeek, week, start_time, end_time) values (128, 1, 1, '19:00', '22:00');
insert into Wws (usr_id, dayOfWeek, week, start_time, end_time) values (129, 1, 1, '12:00', '14:00');
insert into Wws (usr_id, dayOfWeek, week, start_time, end_time) values (130, 1, 1, '13:00', '15:00');
insert into Wws (usr_id, dayOfWeek, week, start_time, end_time) values (131, 1, 1, '16:00', '17:00');
insert into Wws (usr_id, dayOfWeek, week, start_time, end_time) values (132, 1, 1, '15:00', '16:00');
insert into Wws (usr_id, dayOfWeek, week, start_time, end_time) values (133, 1, 1, '12:00', '14:00');
insert into Wws (usr_id, dayOfWeek, week, start_time, end_time) values (134, 1, 1, '21:00', '22:00');
insert into Wws (usr_id, dayOfWeek, week, start_time, end_time) values (135, 1, 1, '14:00', '15:00');
insert into Wws (usr_id, dayOfWeek, week, start_time, end_time) values (136, 1, 1, '10:00', '12:00');
insert into Wws (usr_id, dayOfWeek, week, start_time, end_time) values (137, 1, 1, '20:00', '22:00');
insert into Wws (usr_id, dayOfWeek, week, start_time, end_time) values (138, 1, 1, '12:00', '15:00');
insert into Wws (usr_id, dayOfWeek, week, start_time, end_time) values (139, 1, 1, '15:00', '16:00');
insert into Wws (usr_id, dayOfWeek, week, start_time, end_time) values (140, 1, 1, '16:00', '19:00');
insert into Wws (usr_id, dayOfWeek, week, start_time, end_time) values (141, 1, 1, '13:00', '14:00');
insert into Wws (usr_id, dayOfWeek, week, start_time, end_time) values (142, 1, 1, '11:00', '15:00');
insert into Wws (usr_id, dayOfWeek, week, start_time, end_time) values (143, 1, 1, '13:00', '17:00');
insert into Wws (usr_id, dayOfWeek, week, start_time, end_time) values (144, 1, 1, '17:00', '18:00');
insert into Wws (usr_id, dayOfWeek, week, start_time, end_time) values (145, 1, 1, '14:00', '17:00');
insert into Wws (usr_id, dayOfWeek, week, start_time, end_time) values (146, 1, 1, '12:00', '14:00');
insert into Wws (usr_id, dayOfWeek, week, start_time, end_time) values (147, 1, 1, '20:00', '21:00');
insert into Wws (usr_id, dayOfWeek, week, start_time, end_time) values (148, 1, 1, '11:00', '14:00');
insert into Wws (usr_id, dayOfWeek, week, start_time, end_time) values (149, 1, 1, '19:00', '20:00');
insert into Wws (usr_id, dayOfWeek, week, start_time, end_time) values (150, 1, 1, '21:00', '22:00');
insert into Wws (usr_id, dayOfWeek, week, start_time, end_time) values (126, 1, 2, '10:00', '14:00');
insert into Wws (usr_id, dayOfWeek, week, start_time, end_time) values (127, 1, 2, '12:00', '13:00');
insert into Wws (usr_id, dayOfWeek, week, start_time, end_time) values (128, 1, 2, '19:00', '22:00');
insert into Wws (usr_id, dayOfWeek, week, start_time, end_time) values (129, 1, 2, '12:00', '14:00');
insert into Wws (usr_id, dayOfWeek, week, start_time, end_time) values (130, 1, 2, '13:00', '15:00');
insert into Wws (usr_id, dayOfWeek, week, start_time, end_time) values (131, 1, 2, '16:00', '17:00');
insert into Wws (usr_id, dayOfWeek, week, start_time, end_time) values (132, 1, 2, '15:00', '16:00');
insert into Wws (usr_id, dayOfWeek, week, start_time, end_time) values (133, 1, 2, '12:00', '14:00');
insert into Wws (usr_id, dayOfWeek, week, start_time, end_time) values (134, 1, 2, '21:00', '22:00');
insert into Wws (usr_id, dayOfWeek, week, start_time, end_time) values (135, 1, 2, '14:00', '15:00');
insert into Wws (usr_id, dayOfWeek, week, start_time, end_time) values (136, 1, 2, '10:00', '12:00');
insert into Wws (usr_id, dayOfWeek, week, start_time, end_time) values (137, 1, 2, '20:00', '22:00');
insert into Wws (usr_id, dayOfWeek, week, start_time, end_time) values (138, 1, 2, '12:00', '15:00');
insert into Wws (usr_id, dayOfWeek, week, start_time, end_time) values (139, 1, 2, '15:00', '16:00');
insert into Wws (usr_id, dayOfWeek, week, start_time, end_time) values (140, 1, 2, '16:00', '19:00');
insert into Wws (usr_id, dayOfWeek, week, start_time, end_time) values (141, 1, 2, '13:00', '14:00');
insert into Wws (usr_id, dayOfWeek, week, start_time, end_time) values (142, 1, 2, '11:00', '15:00');
insert into Wws (usr_id, dayOfWeek, week, start_time, end_time) values (143, 1, 2, '13:00', '17:00');
insert into Wws (usr_id, dayOfWeek, week, start_time, end_time) values (144, 1, 2, '17:00', '18:00');
insert into Wws (usr_id, dayOfWeek, week, start_time, end_time) values (145, 1, 2, '14:00', '17:00');
insert into Wws (usr_id, dayOfWeek, week, start_time, end_time) values (146, 1, 2, '12:00', '14:00');
insert into Wws (usr_id, dayOfWeek, week, start_time, end_time) values (147, 1, 2, '20:00', '21:00');
insert into Wws (usr_id, dayOfWeek, week, start_time, end_time) values (148, 1, 2, '11:00', '14:00');
insert into Wws (usr_id, dayOfWeek, week, start_time, end_time) values (149, 1, 2, '19:00', '20:00');
insert into Wws (usr_id, dayOfWeek, week, start_time, end_time) values (150, 1, 2, '21:00', '22:00');
insert into Wws (usr_id, dayOfWeek, week, start_time, end_time) values (126, 1, 3, '10:00', '14:00');
insert into Wws (usr_id, dayOfWeek, week, start_time, end_time) values (127, 1, 3, '12:00', '13:00');
insert into Wws (usr_id, dayOfWeek, week, start_time, end_time) values (128, 1, 3, '19:00', '22:00');
insert into Wws (usr_id, dayOfWeek, week, start_time, end_time) values (129, 1, 3, '12:00', '14:00');
insert into Wws (usr_id, dayOfWeek, week, start_time, end_time) values (130, 1, 3, '13:00', '15:00');
insert into Wws (usr_id, dayOfWeek, week, start_time, end_time) values (131, 1, 3, '16:00', '17:00');
insert into Wws (usr_id, dayOfWeek, week, start_time, end_time) values (132, 1, 3, '15:00', '16:00');
insert into Wws (usr_id, dayOfWeek, week, start_time, end_time) values (133, 1, 3, '12:00', '14:00');
insert into Wws (usr_id, dayOfWeek, week, start_time, end_time) values (134, 1, 3, '21:00', '22:00');
insert into Wws (usr_id, dayOfWeek, week, start_time, end_time) values (135, 1, 3, '14:00', '15:00');
insert into Wws (usr_id, dayOfWeek, week, start_time, end_time) values (136, 1, 3, '10:00', '12:00');
insert into Wws (usr_id, dayOfWeek, week, start_time, end_time) values (137, 1, 3, '20:00', '22:00');
insert into Wws (usr_id, dayOfWeek, week, start_time, end_time) values (138, 1, 3, '12:00', '15:00');
insert into Wws (usr_id, dayOfWeek, week, start_time, end_time) values (139, 1, 3, '15:00', '16:00');
insert into Wws (usr_id, dayOfWeek, week, start_time, end_time) values (140, 1, 3, '16:00', '19:00');
insert into Wws (usr_id, dayOfWeek, week, start_time, end_time) values (141, 1, 3, '13:00', '14:00');
insert into Wws (usr_id, dayOfWeek, week, start_time, end_time) values (142, 1, 3, '11:00', '15:00');
insert into Wws (usr_id, dayOfWeek, week, start_time, end_time) values (143, 1, 3, '13:00', '17:00');
insert into Wws (usr_id, dayOfWeek, week, start_time, end_time) values (144, 1, 3, '17:00', '18:00');
insert into Wws (usr_id, dayOfWeek, week, start_time, end_time) values (145, 1, 3, '14:00', '17:00');
insert into Wws (usr_id, dayOfWeek, week, start_time, end_time) values (146, 1, 3, '12:00', '14:00');
insert into Wws (usr_id, dayOfWeek, week, start_time, end_time) values (147, 1, 3, '20:00', '21:00');
insert into Wws (usr_id, dayOfWeek, week, start_time, end_time) values (148, 1, 3, '11:00', '14:00');
insert into Wws (usr_id, dayOfWeek, week, start_time, end_time) values (149, 1, 3, '19:00', '20:00');
insert into Wws (usr_id, dayOfWeek, week, start_time, end_time) values (150, 1, 3, '21:00', '22:00');
insert into Wws (usr_id, dayOfWeek, week, start_time, end_time) values (126, 1, 4, '10:00', '14:00');
insert into Wws (usr_id, dayOfWeek, week, start_time, end_time) values (140, 1, 4, '16:00', '19:00');
insert into Wws (usr_id, dayOfWeek, week, start_time, end_time) values (141, 1, 4, '13:00', '14:00');
insert into Wws (usr_id, dayOfWeek, week, start_time, end_time) values (142, 1, 4, '11:00', '15:00');
insert into Wws (usr_id, dayOfWeek, week, start_time, end_time) values (143, 1, 4, '13:00', '17:00');
insert into Wws (usr_id, dayOfWeek, week, start_time, end_time) values (144, 1, 4, '17:00', '18:00');
insert into Wws (usr_id, dayOfWeek, week, start_time, end_time) values (145, 1, 4, '14:00', '17:00');
insert into Wws (usr_id, dayOfWeek, week, start_time, end_time) values (146, 1, 4, '12:00', '14:00');
insert into Wws (usr_id, dayOfWeek, week, start_time, end_time) values (147, 1, 4, '20:00', '21:00');
insert into Wws (usr_id, dayOfWeek, week, start_time, end_time) values (148, 1, 4, '11:00', '14:00');
insert into Wws (usr_id, dayOfWeek, week, start_time, end_time) values (149, 1, 4, '19:00', '20:00');
insert into Wws (usr_id, dayOfWeek, week, start_time, end_time) values (150, 1, 4, '21:00', '22:00');
insert into Wws (usr_id, dayOfWeek, week, start_time, end_time) values (127, 1, 5, '12:00', '13:00');
insert into Wws (usr_id, dayOfWeek, week, start_time, end_time) values (128, 1, 5, '19:00', '22:00');
insert into Wws (usr_id, dayOfWeek, week, start_time, end_time) values (129, 1, 5, '12:00', '14:00');
insert into Wws (usr_id, dayOfWeek, week, start_time, end_time) values (130, 1, 5, '13:00', '15:00');
insert into Wws (usr_id, dayOfWeek, week, start_time, end_time) values (131, 1, 5, '16:00', '17:00');
insert into Wws (usr_id, dayOfWeek, week, start_time, end_time) values (132, 1, 5, '15:00', '16:00');
insert into Wws (usr_id, dayOfWeek, week, start_time, end_time) values (133, 1, 5, '12:00', '14:00');
insert into Wws (usr_id, dayOfWeek, week, start_time, end_time) values (134, 1, 5, '21:00', '22:00');
insert into Wws (usr_id, dayOfWeek, week, start_time, end_time) values (135, 1, 5, '14:00', '15:00');
insert into Wws (usr_id, dayOfWeek, week, start_time, end_time) values (136, 1, 5, '10:00', '12:00');
insert into Wws (usr_id, dayOfWeek, week, start_time, end_time) values (137, 1, 5, '20:00', '22:00');
insert into Wws (usr_id, dayOfWeek, week, start_time, end_time) values (138, 1, 6, '12:00', '15:00');
insert into Wws (usr_id, dayOfWeek, week, start_time, end_time) values (126, 1, 6, '10:00', '14:00');
insert into Wws (usr_id, dayOfWeek, week, start_time, end_time) values (127, 1, 6, '12:00', '13:00');
insert into Wws (usr_id, dayOfWeek, week, start_time, end_time) values (128, 1, 6, '19:00', '22:00');
insert into Wws (usr_id, dayOfWeek, week, start_time, end_time) values (129, 1, 6, '12:00', '14:00');
insert into Wws (usr_id, dayOfWeek, week, start_time, end_time) values (130, 1, 6, '13:00', '15:00');
insert into Wws (usr_id, dayOfWeek, week, start_time, end_time) values (131, 1, 6, '16:00', '17:00');
insert into Wws (usr_id, dayOfWeek, week, start_time, end_time) values (132, 1, 6, '15:00', '16:00');
insert into Wws (usr_id, dayOfWeek, week, start_time, end_time) values (133, 1, 6, '12:00', '14:00');
insert into Wws (usr_id, dayOfWeek, week, start_time, end_time) values (134, 1, 6, '21:00', '22:00');
insert into Wws (usr_id, dayOfWeek, week, start_time, end_time) values (135, 1, 6, '14:00', '15:00');
insert into Wws (usr_id, dayOfWeek, week, start_time, end_time) values (136, 1, 6, '10:00', '12:00');
insert into Wws (usr_id, dayOfWeek, week, start_time, end_time) values (137, 1, 6, '20:00', '22:00');
insert into Wws (usr_id, dayOfWeek, week, start_time, end_time) values (138, 1, 7, '12:00', '15:00');
insert into Wws (usr_id, dayOfWeek, week, start_time, end_time) values (139, 1, 7, '15:00', '16:00');
insert into Wws (usr_id, dayOfWeek, week, start_time, end_time) values (140, 1, 7, '16:00', '19:00');
insert into Wws (usr_id, dayOfWeek, week, start_time, end_time) values (141, 1, 7, '13:00', '14:00');
insert into Wws (usr_id, dayOfWeek, week, start_time, end_time) values (142, 1, 7, '11:00', '15:00');
insert into Wws (usr_id, dayOfWeek, week, start_time, end_time) values (143, 1, 7, '13:00', '17:00');
insert into Wws (usr_id, dayOfWeek, week, start_time, end_time) values (144, 1, 7, '17:00', '18:00');
insert into Wws (usr_id, dayOfWeek, week, start_time, end_time) values (145, 1, 7, '14:00', '17:00');
insert into Wws (usr_id, dayOfWeek, week, start_time, end_time) values (146, 1, 7, '12:00', '14:00');
insert into Wws (usr_id, dayOfWeek, week, start_time, end_time) values (147, 1, 7, '20:00', '21:00');
insert into Wws (usr_id, dayOfWeek, week, start_time, end_time) values (148, 1, 7, '11:00', '14:00');
insert into Wws (usr_id, dayOfWeek, week, start_time, end_time) values (149, 1, 7, '19:00', '20:00');
insert into Wws (usr_id, dayOfWeek, week, start_time, end_time) values (150, 1, 7, '21:00', '22:00');


insert into Wws (usr_id, dayOfWeek, week, start_time, end_time) values (126, 2, 1, '10:00', '14:00');
insert into Wws (usr_id, dayOfWeek, week, start_time, end_time) values (127, 2, 1, '12:00', '13:00');
insert into Wws (usr_id, dayOfWeek, week, start_time, end_time) values (128, 2, 1, '19:00', '22:00');
insert into Wws (usr_id, dayOfWeek, week, start_time, end_time) values (129, 2, 1, '12:00', '14:00');
insert into Wws (usr_id, dayOfWeek, week, start_time, end_time) values (130, 2, 1, '13:00', '15:00');
insert into Wws (usr_id, dayOfWeek, week, start_time, end_time) values (131, 2, 1, '16:00', '17:00');
insert into Wws (usr_id, dayOfWeek, week, start_time, end_time) values (132, 2, 1, '15:00', '16:00');
insert into Wws (usr_id, dayOfWeek, week, start_time, end_time) values (133, 2, 1, '12:00', '14:00');
insert into Wws (usr_id, dayOfWeek, week, start_time, end_time) values (134, 2, 1, '21:00', '22:00');
insert into Wws (usr_id, dayOfWeek, week, start_time, end_time) values (135, 2, 1, '14:00', '15:00');
insert into Wws (usr_id, dayOfWeek, week, start_time, end_time) values (136, 2, 1, '10:00', '12:00');
insert into Wws (usr_id, dayOfWeek, week, start_time, end_time) values (137, 2, 1, '20:00', '22:00');
insert into Wws (usr_id, dayOfWeek, week, start_time, end_time) values (138, 2, 1, '12:00', '15:00');
insert into Wws (usr_id, dayOfWeek, week, start_time, end_time) values (139, 2, 1, '15:00', '16:00');
insert into Wws (usr_id, dayOfWeek, week, start_time, end_time) values (140, 2, 1, '16:00', '19:00');
insert into Wws (usr_id, dayOfWeek, week, start_time, end_time) values (141, 2, 1, '13:00', '14:00');
insert into Wws (usr_id, dayOfWeek, week, start_time, end_time) values (142, 2, 1, '11:00', '15:00');
insert into Wws (usr_id, dayOfWeek, week, start_time, end_time) values (143, 2, 1, '13:00', '17:00');
insert into Wws (usr_id, dayOfWeek, week, start_time, end_time) values (144, 2, 1, '17:00', '18:00');
insert into Wws (usr_id, dayOfWeek, week, start_time, end_time) values (145, 2, 1, '14:00', '17:00');
insert into Wws (usr_id, dayOfWeek, week, start_time, end_time) values (146, 2, 1, '12:00', '14:00');
insert into Wws (usr_id, dayOfWeek, week, start_time, end_time) values (147, 2, 1, '20:00', '21:00');
insert into Wws (usr_id, dayOfWeek, week, start_time, end_time) values (148, 2, 1, '11:00', '14:00');
insert into Wws (usr_id, dayOfWeek, week, start_time, end_time) values (149, 2, 1, '19:00', '20:00');
insert into Wws (usr_id, dayOfWeek, week, start_time, end_time) values (150, 2, 1, '21:00', '22:00');
insert into Wws (usr_id, dayOfWeek, week, start_time, end_time) values (126, 2, 2, '10:00', '14:00');
insert into Wws (usr_id, dayOfWeek, week, start_time, end_time) values (127, 2, 2, '12:00', '13:00');
insert into Wws (usr_id, dayOfWeek, week, start_time, end_time) values (128, 2, 2, '19:00', '22:00');
insert into Wws (usr_id, dayOfWeek, week, start_time, end_time) values (129, 2, 2, '12:00', '14:00');
insert into Wws (usr_id, dayOfWeek, week, start_time, end_time) values (130, 2, 2, '13:00', '15:00');
insert into Wws (usr_id, dayOfWeek, week, start_time, end_time) values (131, 2, 2, '16:00', '17:00');
insert into Wws (usr_id, dayOfWeek, week, start_time, end_time) values (132, 2, 2, '15:00', '16:00');
insert into Wws (usr_id, dayOfWeek, week, start_time, end_time) values (133, 2, 2, '12:00', '14:00');
insert into Wws (usr_id, dayOfWeek, week, start_time, end_time) values (134, 2, 2, '21:00', '22:00');
insert into Wws (usr_id, dayOfWeek, week, start_time, end_time) values (135, 2, 2, '14:00', '15:00');
insert into Wws (usr_id, dayOfWeek, week, start_time, end_time) values (136, 2, 2, '10:00', '12:00');
insert into Wws (usr_id, dayOfWeek, week, start_time, end_time) values (137, 2, 2, '20:00', '22:00');
insert into Wws (usr_id, dayOfWeek, week, start_time, end_time) values (138, 2, 2, '12:00', '15:00');
insert into Wws (usr_id, dayOfWeek, week, start_time, end_time) values (139, 2, 2, '15:00', '16:00');
insert into Wws (usr_id, dayOfWeek, week, start_time, end_time) values (140, 2, 2, '16:00', '19:00');
insert into Wws (usr_id, dayOfWeek, week, start_time, end_time) values (141, 2, 2, '13:00', '14:00');
insert into Wws (usr_id, dayOfWeek, week, start_time, end_time) values (142, 2, 2, '11:00', '15:00');
insert into Wws (usr_id, dayOfWeek, week, start_time, end_time) values (143, 2, 2, '13:00', '17:00');
insert into Wws (usr_id, dayOfWeek, week, start_time, end_time) values (144, 2, 2, '17:00', '18:00');
insert into Wws (usr_id, dayOfWeek, week, start_time, end_time) values (145, 2, 2, '14:00', '17:00');
insert into Wws (usr_id, dayOfWeek, week, start_time, end_time) values (146, 2, 2, '12:00', '14:00');
insert into Wws (usr_id, dayOfWeek, week, start_time, end_time) values (147, 2, 2, '20:00', '21:00');
insert into Wws (usr_id, dayOfWeek, week, start_time, end_time) values (148, 2, 2, '11:00', '14:00');
insert into Wws (usr_id, dayOfWeek, week, start_time, end_time) values (149, 2, 2, '19:00', '20:00');
insert into Wws (usr_id, dayOfWeek, week, start_time, end_time) values (150, 2, 2, '21:00', '22:00');
insert into Wws (usr_id, dayOfWeek, week, start_time, end_time) values (126, 2, 3, '10:00', '14:00');
insert into Wws (usr_id, dayOfWeek, week, start_time, end_time) values (127, 2, 3, '12:00', '13:00');
insert into Wws (usr_id, dayOfWeek, week, start_time, end_time) values (128, 2, 3, '19:00', '22:00');
insert into Wws (usr_id, dayOfWeek, week, start_time, end_time) values (129, 2, 3, '12:00', '14:00');
insert into Wws (usr_id, dayOfWeek, week, start_time, end_time) values (130, 2, 3, '13:00', '15:00');
insert into Wws (usr_id, dayOfWeek, week, start_time, end_time) values (131, 2, 3, '16:00', '17:00');
insert into Wws (usr_id, dayOfWeek, week, start_time, end_time) values (132, 2, 3, '15:00', '16:00');
insert into Wws (usr_id, dayOfWeek, week, start_time, end_time) values (133, 2, 3, '12:00', '14:00');
insert into Wws (usr_id, dayOfWeek, week, start_time, end_time) values (134, 2, 3, '21:00', '22:00');
insert into Wws (usr_id, dayOfWeek, week, start_time, end_time) values (135, 2, 3, '14:00', '15:00');
insert into Wws (usr_id, dayOfWeek, week, start_time, end_time) values (136, 2, 3, '10:00', '12:00');
insert into Wws (usr_id, dayOfWeek, week, start_time, end_time) values (137, 2, 3, '20:00', '22:00');
insert into Wws (usr_id, dayOfWeek, week, start_time, end_time) values (138, 2, 3, '12:00', '15:00');
insert into Wws (usr_id, dayOfWeek, week, start_time, end_time) values (139, 2, 3, '15:00', '16:00');
insert into Wws (usr_id, dayOfWeek, week, start_time, end_time) values (140, 2, 3, '16:00', '19:00');
insert into Wws (usr_id, dayOfWeek, week, start_time, end_time) values (141, 2, 3, '13:00', '14:00');
insert into Wws (usr_id, dayOfWeek, week, start_time, end_time) values (142, 2, 3, '11:00', '15:00');
insert into Wws (usr_id, dayOfWeek, week, start_time, end_time) values (143, 2, 3, '13:00', '17:00');
insert into Wws (usr_id, dayOfWeek, week, start_time, end_time) values (144, 2, 3, '17:00', '18:00');
insert into Wws (usr_id, dayOfWeek, week, start_time, end_time) values (145, 2, 3, '14:00', '17:00');
insert into Wws (usr_id, dayOfWeek, week, start_time, end_time) values (146, 2, 3, '12:00', '14:00');
insert into Wws (usr_id, dayOfWeek, week, start_time, end_time) values (147, 2, 3, '20:00', '21:00');
insert into Wws (usr_id, dayOfWeek, week, start_time, end_time) values (148, 2, 3, '11:00', '14:00');
insert into Wws (usr_id, dayOfWeek, week, start_time, end_time) values (149, 2, 3, '19:00', '20:00');
insert into Wws (usr_id, dayOfWeek, week, start_time, end_time) values (150, 2, 3, '21:00', '22:00');
insert into Wws (usr_id, dayOfWeek, week, start_time, end_time) values (126, 2, 4, '10:00', '14:00');
insert into Wws (usr_id, dayOfWeek, week, start_time, end_time) values (140, 2, 4, '16:00', '19:00');
insert into Wws (usr_id, dayOfWeek, week, start_time, end_time) values (141, 2, 4, '13:00', '14:00');
insert into Wws (usr_id, dayOfWeek, week, start_time, end_time) values (142, 2, 4, '11:00', '15:00');
insert into Wws (usr_id, dayOfWeek, week, start_time, end_time) values (143, 2, 4, '13:00', '17:00');
insert into Wws (usr_id, dayOfWeek, week, start_time, end_time) values (144, 2, 4, '17:00', '18:00');
insert into Wws (usr_id, dayOfWeek, week, start_time, end_time) values (145, 2, 4, '14:00', '17:00');
insert into Wws (usr_id, dayOfWeek, week, start_time, end_time) values (146, 2, 4, '12:00', '14:00');
insert into Wws (usr_id, dayOfWeek, week, start_time, end_time) values (147, 2, 4, '20:00', '21:00');
insert into Wws (usr_id, dayOfWeek, week, start_time, end_time) values (148, 2, 4, '11:00', '14:00');
insert into Wws (usr_id, dayOfWeek, week, start_time, end_time) values (149, 2, 4, '19:00', '20:00');
insert into Wws (usr_id, dayOfWeek, week, start_time, end_time) values (150, 2, 4, '21:00', '22:00');
insert into Wws (usr_id, dayOfWeek, week, start_time, end_time) values (127, 2, 5, '12:00', '13:00');
insert into Wws (usr_id, dayOfWeek, week, start_time, end_time) values (128, 2, 5, '19:00', '22:00');
insert into Wws (usr_id, dayOfWeek, week, start_time, end_time) values (129, 2, 5, '12:00', '14:00');
insert into Wws (usr_id, dayOfWeek, week, start_time, end_time) values (130, 2, 5, '13:00', '15:00');
insert into Wws (usr_id, dayOfWeek, week, start_time, end_time) values (131, 2, 5, '16:00', '17:00');
insert into Wws (usr_id, dayOfWeek, week, start_time, end_time) values (132, 2, 5, '15:00', '16:00');
insert into Wws (usr_id, dayOfWeek, week, start_time, end_time) values (133, 2, 5, '12:00', '14:00');
insert into Wws (usr_id, dayOfWeek, week, start_time, end_time) values (134, 2, 5, '21:00', '22:00');
insert into Wws (usr_id, dayOfWeek, week, start_time, end_time) values (135, 2, 5, '14:00', '15:00');
insert into Wws (usr_id, dayOfWeek, week, start_time, end_time) values (136, 2, 5, '10:00', '12:00');
insert into Wws (usr_id, dayOfWeek, week, start_time, end_time) values (137, 2, 5, '20:00', '22:00');
insert into Wws (usr_id, dayOfWeek, week, start_time, end_time) values (138, 2, 6, '12:00', '15:00');
insert into Wws (usr_id, dayOfWeek, week, start_time, end_time) values (126, 2, 6, '10:00', '14:00');
insert into Wws (usr_id, dayOfWeek, week, start_time, end_time) values (127, 2, 6, '12:00', '13:00');
insert into Wws (usr_id, dayOfWeek, week, start_time, end_time) values (128, 2, 6, '19:00', '22:00');
insert into Wws (usr_id, dayOfWeek, week, start_time, end_time) values (129, 2, 6, '12:00', '14:00');
insert into Wws (usr_id, dayOfWeek, week, start_time, end_time) values (130, 2, 6, '13:00', '15:00');
insert into Wws (usr_id, dayOfWeek, week, start_time, end_time) values (131, 2, 6, '16:00', '17:00');
insert into Wws (usr_id, dayOfWeek, week, start_time, end_time) values (132, 2, 6, '15:00', '16:00');
insert into Wws (usr_id, dayOfWeek, week, start_time, end_time) values (133, 2, 6, '12:00', '14:00');
insert into Wws (usr_id, dayOfWeek, week, start_time, end_time) values (134, 2, 6, '21:00', '22:00');
insert into Wws (usr_id, dayOfWeek, week, start_time, end_time) values (135, 2, 6, '14:00', '15:00');
insert into Wws (usr_id, dayOfWeek, week, start_time, end_time) values (136, 2, 6, '10:00', '12:00');
insert into Wws (usr_id, dayOfWeek, week, start_time, end_time) values (137, 2, 6, '20:00', '22:00');
insert into Wws (usr_id, dayOfWeek, week, start_time, end_time) values (138, 2, 7, '12:00', '15:00');
insert into Wws (usr_id, dayOfWeek, week, start_time, end_time) values (139, 2, 7, '15:00', '16:00');
insert into Wws (usr_id, dayOfWeek, week, start_time, end_time) values (140, 2, 7, '16:00', '19:00');
insert into Wws (usr_id, dayOfWeek, week, start_time, end_time) values (141, 2, 7, '13:00', '14:00');
insert into Wws (usr_id, dayOfWeek, week, start_time, end_time) values (142, 2, 7, '11:00', '15:00');
insert into Wws (usr_id, dayOfWeek, week, start_time, end_time) values (143, 2, 7, '13:00', '17:00');
insert into Wws (usr_id, dayOfWeek, week, start_time, end_time) values (144, 2, 7, '17:00', '18:00');
insert into Wws (usr_id, dayOfWeek, week, start_time, end_time) values (145, 2, 7, '14:00', '17:00');
insert into Wws (usr_id, dayOfWeek, week, start_time, end_time) values (146, 2, 7, '12:00', '14:00');
insert into Wws (usr_id, dayOfWeek, week, start_time, end_time) values (147, 2, 7, '20:00', '21:00');
insert into Wws (usr_id, dayOfWeek, week, start_time, end_time) values (148, 2, 7, '11:00', '14:00');
insert into Wws (usr_id, dayOfWeek, week, start_time, end_time) values (149, 2, 7, '19:00', '20:00');
insert into Wws (usr_id, dayOfWeek, week, start_time, end_time) values (150, 2, 7, '21:00', '22:00');


insert into Wws (usr_id, dayOfWeek, week, start_time, end_time) values (126, 3, 1, '10:00', '14:00');
insert into Wws (usr_id, dayOfWeek, week, start_time, end_time) values (127, 3, 1, '12:00', '13:00');
insert into Wws (usr_id, dayOfWeek, week, start_time, end_time) values (128, 3, 1, '19:00', '22:00');
insert into Wws (usr_id, dayOfWeek, week, start_time, end_time) values (129, 3, 1, '12:00', '14:00');
insert into Wws (usr_id, dayOfWeek, week, start_time, end_time) values (130, 3, 1, '13:00', '15:00');
insert into Wws (usr_id, dayOfWeek, week, start_time, end_time) values (131, 3, 1, '16:00', '17:00');
insert into Wws (usr_id, dayOfWeek, week, start_time, end_time) values (132, 3, 1, '15:00', '16:00');
insert into Wws (usr_id, dayOfWeek, week, start_time, end_time) values (133, 3, 1, '12:00', '14:00');
insert into Wws (usr_id, dayOfWeek, week, start_time, end_time) values (134, 3, 1, '21:00', '22:00');
insert into Wws (usr_id, dayOfWeek, week, start_time, end_time) values (135, 3, 1, '14:00', '15:00');
insert into Wws (usr_id, dayOfWeek, week, start_time, end_time) values (136, 3, 1, '10:00', '12:00');
insert into Wws (usr_id, dayOfWeek, week, start_time, end_time) values (137, 3, 1, '20:00', '22:00');
insert into Wws (usr_id, dayOfWeek, week, start_time, end_time) values (138, 3, 1, '12:00', '15:00');
insert into Wws (usr_id, dayOfWeek, week, start_time, end_time) values (139, 3, 1, '15:00', '16:00');
insert into Wws (usr_id, dayOfWeek, week, start_time, end_time) values (140, 3, 1, '16:00', '19:00');
insert into Wws (usr_id, dayOfWeek, week, start_time, end_time) values (141, 3, 1, '13:00', '14:00');
insert into Wws (usr_id, dayOfWeek, week, start_time, end_time) values (142, 3, 1, '11:00', '15:00');
insert into Wws (usr_id, dayOfWeek, week, start_time, end_time) values (143, 3, 1, '13:00', '17:00');
insert into Wws (usr_id, dayOfWeek, week, start_time, end_time) values (144, 3, 1, '17:00', '18:00');
insert into Wws (usr_id, dayOfWeek, week, start_time, end_time) values (145, 3, 1, '14:00', '17:00');
insert into Wws (usr_id, dayOfWeek, week, start_time, end_time) values (146, 3, 1, '12:00', '14:00');
insert into Wws (usr_id, dayOfWeek, week, start_time, end_time) values (147, 3, 1, '20:00', '21:00');
insert into Wws (usr_id, dayOfWeek, week, start_time, end_time) values (148, 3, 1, '11:00', '14:00');
insert into Wws (usr_id, dayOfWeek, week, start_time, end_time) values (149, 3, 1, '19:00', '20:00');
insert into Wws (usr_id, dayOfWeek, week, start_time, end_time) values (150, 3, 1, '21:00', '22:00');
insert into Wws (usr_id, dayOfWeek, week, start_time, end_time) values (126, 3, 2, '10:00', '14:00');
insert into Wws (usr_id, dayOfWeek, week, start_time, end_time) values (127, 3, 2, '12:00', '13:00');
insert into Wws (usr_id, dayOfWeek, week, start_time, end_time) values (128, 3, 2, '19:00', '22:00');
insert into Wws (usr_id, dayOfWeek, week, start_time, end_time) values (129, 3, 2, '12:00', '14:00');
insert into Wws (usr_id, dayOfWeek, week, start_time, end_time) values (130, 3, 2, '13:00', '15:00');
insert into Wws (usr_id, dayOfWeek, week, start_time, end_time) values (131, 3, 2, '16:00', '17:00');
insert into Wws (usr_id, dayOfWeek, week, start_time, end_time) values (132, 3, 2, '15:00', '16:00');
insert into Wws (usr_id, dayOfWeek, week, start_time, end_time) values (133, 3, 2, '12:00', '14:00');
insert into Wws (usr_id, dayOfWeek, week, start_time, end_time) values (134, 3, 2, '21:00', '22:00');
insert into Wws (usr_id, dayOfWeek, week, start_time, end_time) values (135, 3, 2, '14:00', '15:00');
insert into Wws (usr_id, dayOfWeek, week, start_time, end_time) values (136, 3, 2, '10:00', '12:00');
insert into Wws (usr_id, dayOfWeek, week, start_time, end_time) values (137, 3, 2, '20:00', '22:00');
insert into Wws (usr_id, dayOfWeek, week, start_time, end_time) values (138, 3, 2, '12:00', '15:00');
insert into Wws (usr_id, dayOfWeek, week, start_time, end_time) values (139, 3, 2, '15:00', '16:00');
insert into Wws (usr_id, dayOfWeek, week, start_time, end_time) values (140, 3, 2, '16:00', '19:00');
insert into Wws (usr_id, dayOfWeek, week, start_time, end_time) values (141, 3, 2, '13:00', '14:00');
insert into Wws (usr_id, dayOfWeek, week, start_time, end_time) values (142, 3, 2, '11:00', '15:00');
insert into Wws (usr_id, dayOfWeek, week, start_time, end_time) values (143, 3, 2, '13:00', '17:00');
insert into Wws (usr_id, dayOfWeek, week, start_time, end_time) values (144, 3, 2, '17:00', '18:00');
insert into Wws (usr_id, dayOfWeek, week, start_time, end_time) values (145, 3, 2, '14:00', '17:00');
insert into Wws (usr_id, dayOfWeek, week, start_time, end_time) values (146, 3, 2, '12:00', '14:00');
insert into Wws (usr_id, dayOfWeek, week, start_time, end_time) values (147, 3, 2, '20:00', '21:00');
insert into Wws (usr_id, dayOfWeek, week, start_time, end_time) values (148, 3, 2, '11:00', '14:00');
insert into Wws (usr_id, dayOfWeek, week, start_time, end_time) values (149, 3, 2, '19:00', '20:00');
insert into Wws (usr_id, dayOfWeek, week, start_time, end_time) values (150, 3, 2, '21:00', '22:00');
insert into Wws (usr_id, dayOfWeek, week, start_time, end_time) values (126, 3, 3, '10:00', '14:00');
insert into Wws (usr_id, dayOfWeek, week, start_time, end_time) values (127, 3, 3, '12:00', '13:00');
insert into Wws (usr_id, dayOfWeek, week, start_time, end_time) values (128, 3, 3, '19:00', '22:00');
insert into Wws (usr_id, dayOfWeek, week, start_time, end_time) values (129, 3, 3, '12:00', '14:00');
insert into Wws (usr_id, dayOfWeek, week, start_time, end_time) values (130, 3, 3, '13:00', '15:00');
insert into Wws (usr_id, dayOfWeek, week, start_time, end_time) values (131, 3, 3, '16:00', '17:00');
insert into Wws (usr_id, dayOfWeek, week, start_time, end_time) values (132, 3, 3, '15:00', '16:00');
insert into Wws (usr_id, dayOfWeek, week, start_time, end_time) values (133, 3, 3, '12:00', '14:00');
insert into Wws (usr_id, dayOfWeek, week, start_time, end_time) values (134, 3, 3, '21:00', '22:00');
insert into Wws (usr_id, dayOfWeek, week, start_time, end_time) values (135, 3, 3, '14:00', '15:00');
insert into Wws (usr_id, dayOfWeek, week, start_time, end_time) values (136, 3, 3, '10:00', '12:00');
insert into Wws (usr_id, dayOfWeek, week, start_time, end_time) values (137, 3, 3, '20:00', '22:00');
insert into Wws (usr_id, dayOfWeek, week, start_time, end_time) values (138, 3, 3, '12:00', '15:00');
insert into Wws (usr_id, dayOfWeek, week, start_time, end_time) values (139, 3, 3, '15:00', '16:00');
insert into Wws (usr_id, dayOfWeek, week, start_time, end_time) values (140, 3, 3, '16:00', '19:00');
insert into Wws (usr_id, dayOfWeek, week, start_time, end_time) values (141, 3, 3, '13:00', '14:00');
insert into Wws (usr_id, dayOfWeek, week, start_time, end_time) values (142, 3, 3, '11:00', '15:00');
insert into Wws (usr_id, dayOfWeek, week, start_time, end_time) values (143, 3, 3, '13:00', '17:00');
insert into Wws (usr_id, dayOfWeek, week, start_time, end_time) values (144, 3, 3, '17:00', '18:00');
insert into Wws (usr_id, dayOfWeek, week, start_time, end_time) values (145, 3, 3, '14:00', '17:00');
insert into Wws (usr_id, dayOfWeek, week, start_time, end_time) values (146, 3, 3, '12:00', '14:00');
insert into Wws (usr_id, dayOfWeek, week, start_time, end_time) values (147, 3, 3, '20:00', '21:00');
insert into Wws (usr_id, dayOfWeek, week, start_time, end_time) values (148, 3, 3, '11:00', '14:00');
insert into Wws (usr_id, dayOfWeek, week, start_time, end_time) values (149, 3, 3, '19:00', '20:00');
insert into Wws (usr_id, dayOfWeek, week, start_time, end_time) values (150, 3, 3, '21:00', '22:00');
insert into Wws (usr_id, dayOfWeek, week, start_time, end_time) values (126, 3, 4, '10:00', '14:00');
insert into Wws (usr_id, dayOfWeek, week, start_time, end_time) values (140, 3, 4, '16:00', '19:00');
insert into Wws (usr_id, dayOfWeek, week, start_time, end_time) values (141, 3, 4, '13:00', '14:00');
insert into Wws (usr_id, dayOfWeek, week, start_time, end_time) values (142, 3, 4, '11:00', '15:00');
insert into Wws (usr_id, dayOfWeek, week, start_time, end_time) values (143, 3, 4, '13:00', '17:00');
insert into Wws (usr_id, dayOfWeek, week, start_time, end_time) values (144, 3, 4, '17:00', '18:00');
insert into Wws (usr_id, dayOfWeek, week, start_time, end_time) values (145, 3, 4, '14:00', '17:00');
insert into Wws (usr_id, dayOfWeek, week, start_time, end_time) values (146, 3, 4, '12:00', '14:00');
insert into Wws (usr_id, dayOfWeek, week, start_time, end_time) values (147, 3, 4, '20:00', '21:00');
insert into Wws (usr_id, dayOfWeek, week, start_time, end_time) values (148, 3, 4, '11:00', '14:00');
insert into Wws (usr_id, dayOfWeek, week, start_time, end_time) values (149, 3, 4, '19:00', '20:00');
insert into Wws (usr_id, dayOfWeek, week, start_time, end_time) values (150, 3, 4, '21:00', '22:00');
insert into Wws (usr_id, dayOfWeek, week, start_time, end_time) values (127, 3, 5, '12:00', '13:00');
insert into Wws (usr_id, dayOfWeek, week, start_time, end_time) values (128, 3, 5, '19:00', '22:00');
insert into Wws (usr_id, dayOfWeek, week, start_time, end_time) values (129, 3, 5, '12:00', '14:00');
insert into Wws (usr_id, dayOfWeek, week, start_time, end_time) values (130, 3, 5, '13:00', '15:00');
insert into Wws (usr_id, dayOfWeek, week, start_time, end_time) values (131, 3, 5, '16:00', '17:00');
insert into Wws (usr_id, dayOfWeek, week, start_time, end_time) values (132, 3, 5, '15:00', '16:00');
insert into Wws (usr_id, dayOfWeek, week, start_time, end_time) values (133, 3, 5, '12:00', '14:00');
insert into Wws (usr_id, dayOfWeek, week, start_time, end_time) values (134, 3, 5, '21:00', '22:00');
insert into Wws (usr_id, dayOfWeek, week, start_time, end_time) values (135, 3, 5, '14:00', '15:00');
insert into Wws (usr_id, dayOfWeek, week, start_time, end_time) values (136, 3, 5, '10:00', '12:00');
insert into Wws (usr_id, dayOfWeek, week, start_time, end_time) values (137, 3, 5, '20:00', '22:00');
insert into Wws (usr_id, dayOfWeek, week, start_time, end_time) values (138, 3, 6, '12:00', '15:00');
insert into Wws (usr_id, dayOfWeek, week, start_time, end_time) values (126, 3, 6, '10:00', '14:00');
insert into Wws (usr_id, dayOfWeek, week, start_time, end_time) values (127, 3, 6, '12:00', '13:00');
insert into Wws (usr_id, dayOfWeek, week, start_time, end_time) values (128, 3, 6, '19:00', '22:00');
insert into Wws (usr_id, dayOfWeek, week, start_time, end_time) values (129, 3, 6, '12:00', '14:00');
insert into Wws (usr_id, dayOfWeek, week, start_time, end_time) values (130, 3, 6, '13:00', '15:00');
insert into Wws (usr_id, dayOfWeek, week, start_time, end_time) values (131, 3, 6, '16:00', '17:00');
insert into Wws (usr_id, dayOfWeek, week, start_time, end_time) values (132, 3, 6, '15:00', '16:00');
insert into Wws (usr_id, dayOfWeek, week, start_time, end_time) values (133, 3, 6, '12:00', '14:00');
insert into Wws (usr_id, dayOfWeek, week, start_time, end_time) values (134, 3, 6, '21:00', '22:00');
insert into Wws (usr_id, dayOfWeek, week, start_time, end_time) values (135, 3, 6, '14:00', '15:00');
insert into Wws (usr_id, dayOfWeek, week, start_time, end_time) values (136, 3, 6, '10:00', '12:00');
insert into Wws (usr_id, dayOfWeek, week, start_time, end_time) values (137, 3, 6, '20:00', '22:00');
insert into Wws (usr_id, dayOfWeek, week, start_time, end_time) values (138, 3, 7, '12:00', '15:00');
insert into Wws (usr_id, dayOfWeek, week, start_time, end_time) values (139, 3, 7, '15:00', '16:00');
insert into Wws (usr_id, dayOfWeek, week, start_time, end_time) values (140, 3, 7, '16:00', '19:00');
insert into Wws (usr_id, dayOfWeek, week, start_time, end_time) values (141, 3, 7, '13:00', '14:00');
insert into Wws (usr_id, dayOfWeek, week, start_time, end_time) values (142, 3, 7, '11:00', '15:00');
insert into Wws (usr_id, dayOfWeek, week, start_time, end_time) values (143, 3, 7, '13:00', '17:00');
insert into Wws (usr_id, dayOfWeek, week, start_time, end_time) values (144, 3, 7, '17:00', '18:00');
insert into Wws (usr_id, dayOfWeek, week, start_time, end_time) values (145, 3, 7, '14:00', '17:00');
insert into Wws (usr_id, dayOfWeek, week, start_time, end_time) values (146, 3, 7, '12:00', '14:00');
insert into Wws (usr_id, dayOfWeek, week, start_time, end_time) values (147, 3, 7, '20:00', '21:00');
insert into Wws (usr_id, dayOfWeek, week, start_time, end_time) values (148, 3, 7, '11:00', '14:00');
insert into Wws (usr_id, dayOfWeek, week, start_time, end_time) values (149, 3, 7, '19:00', '20:00');
insert into Wws (usr_id, dayOfWeek, week, start_time, end_time) values (150, 3, 7, '21:00', '22:00');


insert into Wws (usr_id, dayOfWeek, week, start_time, end_time) values (126, 4, 1, '10:00', '14:00');
insert into Wws (usr_id, dayOfWeek, week, start_time, end_time) values (127, 4, 1, '12:00', '13:00');
insert into Wws (usr_id, dayOfWeek, week, start_time, end_time) values (128, 4, 1, '19:00', '22:00');
insert into Wws (usr_id, dayOfWeek, week, start_time, end_time) values (129, 4, 1, '12:00', '14:00');
insert into Wws (usr_id, dayOfWeek, week, start_time, end_time) values (130, 4, 1, '13:00', '15:00');
insert into Wws (usr_id, dayOfWeek, week, start_time, end_time) values (131, 4, 1, '16:00', '17:00');
insert into Wws (usr_id, dayOfWeek, week, start_time, end_time) values (132, 4, 1, '15:00', '16:00');
insert into Wws (usr_id, dayOfWeek, week, start_time, end_time) values (133, 4, 1, '12:00', '14:00');
insert into Wws (usr_id, dayOfWeek, week, start_time, end_time) values (134, 4, 1, '21:00', '22:00');
insert into Wws (usr_id, dayOfWeek, week, start_time, end_time) values (135, 4, 1, '14:00', '15:00');
insert into Wws (usr_id, dayOfWeek, week, start_time, end_time) values (136, 4, 1, '10:00', '12:00');
insert into Wws (usr_id, dayOfWeek, week, start_time, end_time) values (137, 4, 1, '20:00', '22:00');
insert into Wws (usr_id, dayOfWeek, week, start_time, end_time) values (138, 4, 1, '12:00', '15:00');
insert into Wws (usr_id, dayOfWeek, week, start_time, end_time) values (139, 4, 1, '15:00', '16:00');
insert into Wws (usr_id, dayOfWeek, week, start_time, end_time) values (140, 4, 1, '16:00', '19:00');
insert into Wws (usr_id, dayOfWeek, week, start_time, end_time) values (141, 4, 1, '13:00', '14:00');
insert into Wws (usr_id, dayOfWeek, week, start_time, end_time) values (142, 4, 1, '11:00', '15:00');
insert into Wws (usr_id, dayOfWeek, week, start_time, end_time) values (143, 4, 1, '13:00', '17:00');
insert into Wws (usr_id, dayOfWeek, week, start_time, end_time) values (144, 4, 1, '17:00', '18:00');
insert into Wws (usr_id, dayOfWeek, week, start_time, end_time) values (145, 4, 1, '14:00', '17:00');
insert into Wws (usr_id, dayOfWeek, week, start_time, end_time) values (146, 4, 1, '12:00', '14:00');
insert into Wws (usr_id, dayOfWeek, week, start_time, end_time) values (147, 4, 1, '20:00', '21:00');
insert into Wws (usr_id, dayOfWeek, week, start_time, end_time) values (148, 4, 1, '11:00', '14:00');
insert into Wws (usr_id, dayOfWeek, week, start_time, end_time) values (149, 4, 1, '19:00', '20:00');
insert into Wws (usr_id, dayOfWeek, week, start_time, end_time) values (150, 4, 1, '21:00', '22:00');
insert into Wws (usr_id, dayOfWeek, week, start_time, end_time) values (126, 4, 2, '10:00', '14:00');
insert into Wws (usr_id, dayOfWeek, week, start_time, end_time) values (127, 4, 2, '12:00', '13:00');
insert into Wws (usr_id, dayOfWeek, week, start_time, end_time) values (128, 4, 2, '19:00', '22:00');
insert into Wws (usr_id, dayOfWeek, week, start_time, end_time) values (129, 4, 2, '12:00', '14:00');
insert into Wws (usr_id, dayOfWeek, week, start_time, end_time) values (130, 4, 2, '13:00', '15:00');
insert into Wws (usr_id, dayOfWeek, week, start_time, end_time) values (131, 4, 2, '16:00', '17:00');
insert into Wws (usr_id, dayOfWeek, week, start_time, end_time) values (132, 4, 2, '15:00', '16:00');
insert into Wws (usr_id, dayOfWeek, week, start_time, end_time) values (133, 4, 2, '12:00', '14:00');
insert into Wws (usr_id, dayOfWeek, week, start_time, end_time) values (134, 4, 2, '21:00', '22:00');
insert into Wws (usr_id, dayOfWeek, week, start_time, end_time) values (135, 4, 2, '14:00', '15:00');
insert into Wws (usr_id, dayOfWeek, week, start_time, end_time) values (136, 4, 2, '10:00', '12:00');
insert into Wws (usr_id, dayOfWeek, week, start_time, end_time) values (137, 4, 2, '20:00', '22:00');
insert into Wws (usr_id, dayOfWeek, week, start_time, end_time) values (138, 4, 2, '12:00', '15:00');
insert into Wws (usr_id, dayOfWeek, week, start_time, end_time) values (139, 4, 2, '15:00', '16:00');
insert into Wws (usr_id, dayOfWeek, week, start_time, end_time) values (140, 4, 2, '16:00', '19:00');
insert into Wws (usr_id, dayOfWeek, week, start_time, end_time) values (141, 4, 2, '13:00', '14:00');
insert into Wws (usr_id, dayOfWeek, week, start_time, end_time) values (142, 4, 2, '11:00', '15:00');
insert into Wws (usr_id, dayOfWeek, week, start_time, end_time) values (143, 4, 2, '13:00', '17:00');
insert into Wws (usr_id, dayOfWeek, week, start_time, end_time) values (144, 4, 2, '17:00', '18:00');
insert into Wws (usr_id, dayOfWeek, week, start_time, end_time) values (145, 4, 2, '14:00', '17:00');
insert into Wws (usr_id, dayOfWeek, week, start_time, end_time) values (146, 4, 2, '12:00', '14:00');
insert into Wws (usr_id, dayOfWeek, week, start_time, end_time) values (147, 4, 2, '20:00', '21:00');
insert into Wws (usr_id, dayOfWeek, week, start_time, end_time) values (148, 4, 2, '11:00', '14:00');
insert into Wws (usr_id, dayOfWeek, week, start_time, end_time) values (149, 4, 2, '19:00', '20:00');
insert into Wws (usr_id, dayOfWeek, week, start_time, end_time) values (150, 4, 2, '21:00', '22:00');
insert into Wws (usr_id, dayOfWeek, week, start_time, end_time) values (126, 4, 3, '10:00', '14:00');
insert into Wws (usr_id, dayOfWeek, week, start_time, end_time) values (127, 4, 3, '12:00', '13:00');
insert into Wws (usr_id, dayOfWeek, week, start_time, end_time) values (128, 4, 3, '19:00', '22:00');
insert into Wws (usr_id, dayOfWeek, week, start_time, end_time) values (129, 4, 3, '12:00', '14:00');
insert into Wws (usr_id, dayOfWeek, week, start_time, end_time) values (130, 4, 3, '13:00', '15:00');
insert into Wws (usr_id, dayOfWeek, week, start_time, end_time) values (131, 4, 3, '16:00', '17:00');
insert into Wws (usr_id, dayOfWeek, week, start_time, end_time) values (132, 4, 3, '15:00', '16:00');
insert into Wws (usr_id, dayOfWeek, week, start_time, end_time) values (133, 4, 3, '12:00', '14:00');
insert into Wws (usr_id, dayOfWeek, week, start_time, end_time) values (134, 4, 3, '21:00', '22:00');
insert into Wws (usr_id, dayOfWeek, week, start_time, end_time) values (135, 4, 3, '14:00', '15:00');
insert into Wws (usr_id, dayOfWeek, week, start_time, end_time) values (136, 4, 3, '10:00', '12:00');
insert into Wws (usr_id, dayOfWeek, week, start_time, end_time) values (137, 4, 3, '20:00', '22:00');
insert into Wws (usr_id, dayOfWeek, week, start_time, end_time) values (138, 4, 3, '12:00', '15:00');
insert into Wws (usr_id, dayOfWeek, week, start_time, end_time) values (139, 4, 3, '15:00', '16:00');
insert into Wws (usr_id, dayOfWeek, week, start_time, end_time) values (140, 4, 3, '16:00', '19:00');
insert into Wws (usr_id, dayOfWeek, week, start_time, end_time) values (141, 4, 3, '13:00', '14:00');
insert into Wws (usr_id, dayOfWeek, week, start_time, end_time) values (142, 4, 3, '11:00', '15:00');
insert into Wws (usr_id, dayOfWeek, week, start_time, end_time) values (143, 4, 3, '13:00', '17:00');
insert into Wws (usr_id, dayOfWeek, week, start_time, end_time) values (144, 4, 3, '17:00', '18:00');
insert into Wws (usr_id, dayOfWeek, week, start_time, end_time) values (145, 4, 3, '14:00', '17:00');
insert into Wws (usr_id, dayOfWeek, week, start_time, end_time) values (146, 4, 3, '12:00', '14:00');
insert into Wws (usr_id, dayOfWeek, week, start_time, end_time) values (147, 4, 3, '20:00', '21:00');
insert into Wws (usr_id, dayOfWeek, week, start_time, end_time) values (148, 4, 3, '11:00', '14:00');
insert into Wws (usr_id, dayOfWeek, week, start_time, end_time) values (149, 4, 3, '19:00', '20:00');
insert into Wws (usr_id, dayOfWeek, week, start_time, end_time) values (150, 4, 3, '21:00', '22:00');
insert into Wws (usr_id, dayOfWeek, week, start_time, end_time) values (126, 4, 4, '10:00', '14:00');
insert into Wws (usr_id, dayOfWeek, week, start_time, end_time) values (140, 4, 4, '16:00', '19:00');
insert into Wws (usr_id, dayOfWeek, week, start_time, end_time) values (141, 4, 4, '13:00', '14:00');
insert into Wws (usr_id, dayOfWeek, week, start_time, end_time) values (142, 4, 4, '11:00', '15:00');
insert into Wws (usr_id, dayOfWeek, week, start_time, end_time) values (143, 4, 4, '13:00', '17:00');
insert into Wws (usr_id, dayOfWeek, week, start_time, end_time) values (144, 4, 4, '17:00', '18:00');
insert into Wws (usr_id, dayOfWeek, week, start_time, end_time) values (145, 4, 4, '14:00', '17:00');
insert into Wws (usr_id, dayOfWeek, week, start_time, end_time) values (146, 4, 4, '12:00', '14:00');
insert into Wws (usr_id, dayOfWeek, week, start_time, end_time) values (147, 4, 4, '20:00', '21:00');
insert into Wws (usr_id, dayOfWeek, week, start_time, end_time) values (148, 4, 4, '11:00', '14:00');
insert into Wws (usr_id, dayOfWeek, week, start_time, end_time) values (149, 4, 4, '19:00', '20:00');
insert into Wws (usr_id, dayOfWeek, week, start_time, end_time) values (150, 4, 4, '21:00', '22:00');
insert into Wws (usr_id, dayOfWeek, week, start_time, end_time) values (127, 4, 5, '12:00', '13:00');
insert into Wws (usr_id, dayOfWeek, week, start_time, end_time) values (128, 4, 5, '19:00', '22:00');
insert into Wws (usr_id, dayOfWeek, week, start_time, end_time) values (129, 4, 5, '12:00', '14:00');
insert into Wws (usr_id, dayOfWeek, week, start_time, end_time) values (130, 4, 5, '13:00', '15:00');
insert into Wws (usr_id, dayOfWeek, week, start_time, end_time) values (131, 4, 5, '16:00', '17:00');
insert into Wws (usr_id, dayOfWeek, week, start_time, end_time) values (132, 4, 5, '15:00', '16:00');
insert into Wws (usr_id, dayOfWeek, week, start_time, end_time) values (133, 4, 5, '12:00', '14:00');
insert into Wws (usr_id, dayOfWeek, week, start_time, end_time) values (134, 4, 5, '21:00', '22:00');
insert into Wws (usr_id, dayOfWeek, week, start_time, end_time) values (135, 4, 5, '14:00', '15:00');
insert into Wws (usr_id, dayOfWeek, week, start_time, end_time) values (136, 4, 5, '10:00', '12:00');
insert into Wws (usr_id, dayOfWeek, week, start_time, end_time) values (137, 4, 5, '20:00', '22:00');
insert into Wws (usr_id, dayOfWeek, week, start_time, end_time) values (138, 4, 6, '12:00', '15:00');
insert into Wws (usr_id, dayOfWeek, week, start_time, end_time) values (126, 4, 6, '10:00', '14:00');
insert into Wws (usr_id, dayOfWeek, week, start_time, end_time) values (127, 4, 6, '12:00', '13:00');
insert into Wws (usr_id, dayOfWeek, week, start_time, end_time) values (128, 4, 6, '19:00', '22:00');
insert into Wws (usr_id, dayOfWeek, week, start_time, end_time) values (129, 4, 6, '12:00', '14:00');
insert into Wws (usr_id, dayOfWeek, week, start_time, end_time) values (130, 4, 6, '13:00', '15:00');
insert into Wws (usr_id, dayOfWeek, week, start_time, end_time) values (131, 4, 6, '16:00', '17:00');
insert into Wws (usr_id, dayOfWeek, week, start_time, end_time) values (132, 4, 6, '15:00', '16:00');
insert into Wws (usr_id, dayOfWeek, week, start_time, end_time) values (133, 4, 6, '12:00', '14:00');
insert into Wws (usr_id, dayOfWeek, week, start_time, end_time) values (134, 4, 6, '21:00', '22:00');
insert into Wws (usr_id, dayOfWeek, week, start_time, end_time) values (135, 4, 6, '14:00', '15:00');
insert into Wws (usr_id, dayOfWeek, week, start_time, end_time) values (136, 4, 6, '10:00', '12:00');
insert into Wws (usr_id, dayOfWeek, week, start_time, end_time) values (137, 4, 6, '20:00', '22:00');
insert into Wws (usr_id, dayOfWeek, week, start_time, end_time) values (138, 4, 7, '12:00', '15:00');
insert into Wws (usr_id, dayOfWeek, week, start_time, end_time) values (139, 4, 7, '15:00', '16:00');
insert into Wws (usr_id, dayOfWeek, week, start_time, end_time) values (140, 4, 7, '16:00', '19:00');
insert into Wws (usr_id, dayOfWeek, week, start_time, end_time) values (141, 4, 7, '13:00', '14:00');
insert into Wws (usr_id, dayOfWeek, week, start_time, end_time) values (142, 4, 7, '11:00', '15:00');
insert into Wws (usr_id, dayOfWeek, week, start_time, end_time) values (143, 4, 7, '13:00', '17:00');
insert into Wws (usr_id, dayOfWeek, week, start_time, end_time) values (144, 4, 7, '17:00', '18:00');
insert into Wws (usr_id, dayOfWeek, week, start_time, end_time) values (145, 4, 7, '14:00', '17:00');
insert into Wws (usr_id, dayOfWeek, week, start_time, end_time) values (146, 4, 7, '12:00', '14:00');
insert into Wws (usr_id, dayOfWeek, week, start_time, end_time) values (147, 4, 7, '20:00', '21:00');
insert into Wws (usr_id, dayOfWeek, week, start_time, end_time) values (148, 4, 7, '11:00', '14:00');
insert into Wws (usr_id, dayOfWeek, week, start_time, end_time) values (149, 4, 7, '19:00', '20:00');
insert into Wws (usr_id, dayOfWeek, week, start_time, end_time) values (150, 4, 7, '21:00', '22:00');