INSERT INTO Restaurants (res_id,rname,address, postal_code, min_amount) VALUES (1,'Non Lacinia','Blk 079 Jalan White Drive', '717330','15');
INSERT INTO Restaurants (res_id,rname,address, postal_code, min_amount) VALUES (2,'Dignissim','Blk 782H Gorczany Walk Place', '169063','15');
INSERT INTO Restaurants (res_id,rname,address, postal_code, min_amount) VALUES (3,'Rhoncus Donec Est','Blk 22 Jalan Powlowski Way','589225','15');
INSERT INTO Restaurants (res_id,rname,address, postal_code, min_amount) VALUES (4,'Muthusamy Pizza','00 Schultz Road Alley', '839299','10');
INSERT INTO Restaurants (res_id,rname,address, postal_code, min_amount) VALUES (5,'Molestie','458 Jalan Gorczany Road','898654','20');
INSERT INTO Restaurants (res_id,rname,address, postal_code, min_amount) VALUES (6,'Din Tai Fung','70 Jalan McLaughlin Park','271391','10');
INSERT INTO Restaurants (res_id,rname,address, postal_code, min_amount) VALUES (7,'McDonald','38 Effertz Alley Drive','640615','10');
INSERT INTO Restaurants (res_id,rname,address, postal_code, min_amount) VALUES (8,'KFC','Blk 552C Jalan Wehner Place','065843','5');
INSERT INTO Restaurants (res_id,rname,address, postal_code, min_amount) VALUES (9,'Italian Delights','Blk 522 Rempel Road Alley','786446','15');
INSERT INTO Restaurants (res_id,rname,address, postal_code, min_amount) VALUES (10,'Marche','Blk 665E Rutherford Hill Lane','494001','15');
INSERT INTO Restaurants (res_id,rname,address, postal_code, min_amount) VALUES (11,'Pezzo','47 Monahan Avenue Hill','359027','5');
INSERT INTO Restaurants (res_id,rname,address, postal_code, min_amount) VALUES (12,'Ameens','47 Monahan Avenue Hill','359027','5');
INSERT INTO Restaurants (res_id,rname,address, postal_code, min_amount) VALUES (13,'Yakiniku','47 Monahan Avenue Hill','359027','15');
INSERT INTO Restaurants (res_id,rname,address, postal_code, min_amount) VALUES (14,'Sukiya','47 Monahan Avenue Hill','359027','15');
INSERT INTO Restaurants (res_id,rname,address, postal_code, min_amount) VALUES (15,'Mala Xiang Guo','Blk 041G Schroeder Highway Road','813773','10');
INSERT INTO Restaurants (res_id,rname,address, postal_code, min_amount) VALUES (16,'Encik Tan','Blk 041G Schroeder Highway Road','813773','10');
INSERT INTO Restaurants (res_id,rname,address, postal_code, min_amount) VALUES (17,'Lau Pasat','Blk 041G Schroeder Highway Road','813773','10');
INSERT INTO Restaurants (res_id,rname,address, postal_code, min_amount) VALUES (18,'Tauke Chicken Rice','Blk 407F Jalan Feil Walk.','360067','5');
INSERT INTO Restaurants (res_id,rname,address, postal_code, min_amount) VALUES (19,'Old Chang Kee','129 Gorczany Way Grove','049362','10');
INSERT INTO Restaurants (res_id,rname,address, postal_code, min_amount) VALUES (20,'Lemens Bak Kut Teh','913 Jalan Jast Walk','793598','20');
INSERT INTO Restaurants (res_id,rname,address, postal_code, min_amount) VALUES (21,'Smoking Duck','Blk 679G Jalan Brekke Hill','112660','10');
INSERT INTO Restaurants (res_id,rname,address, postal_code, min_amount) VALUES (22,'Chicken Heaven','24 Lesch Link Grove','761880','5');
INSERT INTO Restaurants (res_id,rname,address, postal_code, min_amount) VALUES (23,'Food Hell','Blk 403 Moen Crescent Hill','839054','15');
INSERT INTO Restaurants (res_id,rname,address, postal_code, min_amount) VALUES (24,'Subway','875 Bayer Park Bridge','684031','20');
INSERT INTO Restaurants (res_id,rname,address, postal_code, min_amount) VALUES (25,'GongCha','Blk 694E Jalan Klocko Park','091338','5');
INSERT INTO Restaurants (res_id,rname,address, postal_code, min_amount) VALUES (26,'TeaLive','Blk 234A Jalan Anderson Place','003615','5');
INSERT INTO Restaurants (res_id,rname,address, postal_code, min_amount) VALUES (27,'LiHo','58 Littel Lane Lane','479405','15');
INSERT INTO Restaurants (res_id,rname,address, postal_code, min_amount) VALUES (28,'ShareTea','Blk 65 Gislason Way Road','988666','10');
INSERT INTO Restaurants (res_id,rname,address, postal_code, min_amount) VALUES (29,'Koi','792 Jalan Lindgren Alley','012557','15');
INSERT INTO Restaurants (res_id,rname,address, postal_code, min_amount) VALUES (30,'Domino Pizza','21 Beer Lane Park','516864','10');
INSERT INTO Restaurants (res_id,rname,address, postal_code, min_amount) VALUES (31,'Malaysian Street','16 Jalan White Road','297936','5');
INSERT INTO Restaurants (res_id,rname,address, postal_code, min_amount) VALUES (32,'Burmese Heaven','89 Stehr Bridge Bridge','563987','10');
INSERT INTO Restaurants (res_id,rname,address, postal_code, min_amount) VALUES (33,'Kim Gary','Blk 566G Zulauf Place Place','618084','20');
INSERT INTO Restaurants (res_id,rname,address, postal_code, min_amount) VALUES (34,'Dim Sum Ling Long','452 Klein Link Place','075249','20');
INSERT INTO Restaurants (res_id,rname,address, postal_code, min_amount) VALUES (35,'Formosa Heaven','Blk 825A Jalan Reichel Alley','637790','5');
INSERT INTO Restaurants (res_id,rname,address, postal_code, min_amount) VALUES (36,'Nandos','Blk 334F Feil Alley Alley','003289','10');
INSERT INTO Restaurants (res_id,rname,address, postal_code, min_amount) VALUES (37,'Vel Venenatis','22 Konopelski Crescent Drive','429706','5');
INSERT INTO Restaurants (res_id,rname,address, postal_code, min_amount) VALUES (38,'Nulla Aliquet','90 Jalan Lebsack Park','671896','10');
INSERT INTO Restaurants (res_id,rname,address, postal_code, min_amount) VALUES (39,'Hong Kong Delights','Blk 358E Upton Avenue Way','500018','20');
INSERT INTO Restaurants (res_id,rname,address, postal_code, min_amount) VALUES (40,'Pedro Branca','Blk 358E Upton Avenue Way','500018','10');
INSERT INTO Restaurants (res_id,rname,address, postal_code, min_amount) VALUES (41,'Korean BBQ Plate','12 Mraz Avenue Hill','448842','15');
INSERT INTO Restaurants (res_id,rname,address, postal_code, min_amount) VALUES (42,'Western Food','356 Anderson Walk Avenue','307835','15');
INSERT INTO Restaurants (res_id,rname,address, postal_code, min_amount) VALUES (43,'GreenDot','Blk 36 Hirthe Lane Walk','938862','15');
INSERT INTO Restaurants (res_id,rname,address, postal_code, min_amount) VALUES (44,'Organic Matters','Blk 965C Hand Highway Bridge','627179','10');
INSERT INTO Restaurants (res_id,rname,address, postal_code, min_amount) VALUES (45,'Iaculis','27 Jalan Koepp Highway','866428','10');
INSERT INTO Restaurants (res_id,rname,address, postal_code, min_amount) VALUES (46,'Vietnamese Boat','Blk 964 Jalan Crooks Quay','656646','10');
INSERT INTO Restaurants (res_id,rname,address, postal_code, min_amount) VALUES (47,'Food Paradise','04 Jalan Dach Link','326746','20');
INSERT INTO Restaurants (res_id,rname,address, postal_code, min_amount) VALUES (48,'Him Heang','Blk 832 Jalan Lynch Drive','499780','10');
INSERT INTO Restaurants (res_id,rname,address, postal_code, min_amount) VALUES (49,'Secret Recipe','39 Jalan Lindgren Drive','852713','10');
INSERT INTO Restaurants (res_id,rname,address, postal_code, min_amount) VALUES (50,'Aliquam Erat Volutpat','Blk 318E Schaden Lane Alley','696290','5');
INSERT INTO FoodCategories(category) VALUES ('Others');
--MenuItems
 INSERT INTO MenuItems (res_id, food_id, price, name, description, imagepath, category) VALUES (1,1,21.3,'Flaxseed salad with tangerine dressing','A mouth-watering flaxseed salad served with tangerine dressing', 'https://cafedelites.com/wp-content/uploads/2016/08/Balsamic-Chicken-Avocado-Caprese-Salad-32.jpg', 'Appetizers');
 INSERT INTO MenuItems (res_id, food_id,price,name,description, imagepath, category) VALUES (1,2,21,'Nutmeg scones with tangerine jam','Fluffy, all-butter scones served with tangerine jam and fresh clotted cream', 'https://www.bbcgoodfood.com/sites/default/files/styles/recipe/public/recipe/recipe-image/2019/08/scones.jpg?itok=Lr3bXsFN', 'Sides');
 INSERT INTO MenuItems (res_id, food_id,price,name,description, imagepath, category) VALUES (1,3,19,'Potato and lime kebab','Skewer-cooked baby new potato and tangy lime served in warm pitta pockets', 'https://upload.wikimedia.org/wikipedia/commons/thumb/5/5b/Lula_kebab_2.jpg/1200px-Lula_kebab_2.jpg', 'Mains (International)');
 INSERT INTO MenuItems (res_id, food_id,price, name,description, imagepath, category) VALUES (1,4, 25.69,'Potato and hazelnut cake','Moist cake made with baby new potato and hazelnut', 'https://lh3.googleusercontent.com/proxy/198tobmRqh1XimIYcbwxe6ohUhhpMFNUhkep6FeICFFsFPYwIqzTY2C1y3to1bd2lsXD0e1ZDOLsN4WwcQd2PVHr7NTDRJKbeeWdcRTOVK0IU7dAFdmPMdu9RGIsoDF_ATQRKubHbXAVaC__plyW8Ig', 'Dessert');
 INSERT INTO MenuItems (res_id, food_id,price,name,description, imagepath, category) VALUES (1,5, 4.5,'Guava and lemon cheesecake','A velvety cheesecake layered with fresh guava and tangy lemon', 'https://i2.wp.com/www.cocoandash.com/wp-content/uploads/2019/08/IMG_0679.jpg?fit=2497%2C1664&ssl=1', 'Dessert');
 INSERT INTO MenuItems (res_id, food_id,price,name,description, imagepath, category) VALUES (1,6,13.42,'Ricotta and chicken dumplings','Thin pastry cases stuffed with ricotta and free range chicken', 'https://www.lemonsforlulu.com/wp-content/uploads/2017/08/Ricotta-Dumplings-2-720x720.jpg', 'Mains (Western)');
 INSERT INTO MenuItems (res_id, food_id,price,name,description, imagepath, category) VALUES (1,7,15.4,'Asafoetida and quorn vindaloo','Hot vindaloo made with asafoetida and quorn', 'https://i0.wp.com/himalayapalace.nl/wp-content/uploads/2020/03/Chicken_Vindaloo_Very_Hot.jpg?fit=1600%2C2000&ssl=1', 'Mains (Indian)');
 INSERT INTO MenuItems (res_id, food_id,price,name,description, imagepath, category) VALUES (1,8,5.67,'Lancashire cheese and peanut salad','A crunchy salad featuring lancashire cheese and peanut', 'https://c8.alamy.com/comp/D6F4KY/lancashire-cheese-and-pancetta-salad-D6F4KY.jpg', 'Appetizers');
 INSERT INTO MenuItems (res_id, food_id,price,name,description, imagepath, category) VALUES (1,9,24,'Kiwi fruit and paneer salad','A crisp salad featuring fresh kiwi fruit and fried paneer', 'https://c8.alamy.com/comp/D6F4KY/lancashire-cheese-and-pancetta-salad-D6F4KY.jpg', 'Appetizers');
 INSERT INTO MenuItems (res_id, food_id,price,name,description, imagepath, category) VALUES (1,10,10.23,'Bresaola and sausage penne','Fresh egg tubular pasta in a sauce made from bresaola and Cumberland sausage', 'https://live.staticflickr.com/908/40056093940_be0f1d2f36_b.jpg', 'Mains (Western)');
 
 INSERT INTO MenuItems (res_id, food_id, price, name, description, imagepath, category) VALUES (2,1,21.3,'Flaxseed salad with tangerine dressing','A mouth-watering flaxseed salad served with tangerine dressing', 'https://cafedelites.com/wp-content/uploads/2016/08/Balsamic-Chicken-Avocado-Caprese-Salad-32.jpg', 'Appetizers');
 INSERT INTO MenuItems (res_id, food_id,price,name,description, imagepath, category) VALUES (2,2,21,'Nutmeg scones with tangerine jam','Fluffy, all-butter scones served with tangerine jam and fresh clotted cream', 'https://www.bbcgoodfood.com/sites/default/files/styles/recipe/public/recipe/recipe-image/2019/08/scones.jpg?itok=Lr3bXsFN', 'Sides');
 INSERT INTO MenuItems (res_id, food_id,price,name,description, imagepath, category) VALUES (2,3,19,'Potato and lime kebab','Skewer-cooked baby new potato and tangy lime served in warm pitta pockets', 'https://upload.wikimedia.org/wikipedia/commons/thumb/5/5b/Lula_kebab_2.jpg/1200px-Lula_kebab_2.jpg', 'Mains (International)');
 INSERT INTO MenuItems (res_id, food_id,price, name,description, imagepath, category) VALUES (2,4, 25.69,'Potato and hazelnut cake','Moist cake made with baby new potato and hazelnut', 'https://lh3.googleusercontent.com/proxy/198tobmRqh1XimIYcbwxe6ohUhhpMFNUhkep6FeICFFsFPYwIqzTY2C1y3to1bd2lsXD0e1ZDOLsN4WwcQd2PVHr7NTDRJKbeeWdcRTOVK0IU7dAFdmPMdu9RGIsoDF_ATQRKubHbXAVaC__plyW8Ig', 'Dessert');
 INSERT INTO MenuItems (res_id, food_id,price,name,description, imagepath, category) VALUES (2,5, 4.5,'Guava and lemon cheesecake','A velvety cheesecake layered with fresh guava and tangy lemon', 'https://i2.wp.com/www.cocoandash.com/wp-content/uploads/2019/08/IMG_0679.jpg?fit=2497%2C1664&ssl=1', 'Dessert');
 INSERT INTO MenuItems (res_id, food_id,price,name,description, imagepath, category) VALUES (2,6,13.42,'Ricotta and chicken dumplings','Thin pastry cases stuffed with ricotta and free range chicken', 'https://www.lemonsforlulu.com/wp-content/uploads/2017/08/Ricotta-Dumplings-2-720x720.jpg', 'Mains (Western)');
 INSERT INTO MenuItems (res_id, food_id,price,name,description, imagepath, category) VALUES (2,7,15.4,'Asafoetida and quorn vindaloo','Hot vindaloo made with asafoetida and quorn', 'https://i0.wp.com/himalayapalace.nl/wp-content/uploads/2020/03/Chicken_Vindaloo_Very_Hot.jpg?fit=1600%2C2000&ssl=1', 'Mains (Indian)');
 INSERT INTO MenuItems (res_id, food_id,price,name,description, imagepath, category) VALUES (2,8,5.67,'Lancashire cheese and peanut salad','A crunchy salad featuring lancashire cheese and peanut', 'https://c8.alamy.com/comp/D6F4KY/lancashire-cheese-and-pancetta-salad-D6F4KY.jpg', 'Appetizers');
 INSERT INTO MenuItems (res_id, food_id,price,name,description, imagepath, category) VALUES (2,9,24,'Kiwi fruit and paneer salad','A crisp salad featuring fresh kiwi fruit and fried paneer', 'https://c8.alamy.com/comp/D6F4KY/lancashire-cheese-and-pancetta-salad-D6F4KY.jpg', 'Appetizers');
 INSERT INTO MenuItems (res_id, food_id,price,name,description, imagepath, category) VALUES (2,10,10.23,'Bresaola and sausage penne','Fresh egg tubular pasta in a sauce made from bresaola and Cumberland sausage', 'https://live.staticflickr.com/908/40056093940_be0f1d2f36_b.jpg', 'Mains (Western)');
 
 INSERT INTO MenuItems (res_id, food_id, price, name, description, imagepath, category) VALUES (3,1,21.3,'Flaxseed salad with tangerine dressing','A mouth-watering flaxseed salad served with tangerine dressing', 'https://cafedelites.com/wp-content/uploads/2016/08/Balsamic-Chicken-Avocado-Caprese-Salad-32.jpg', 'Appetizers');
 INSERT INTO MenuItems (res_id, food_id,price,name,description, imagepath, category) VALUES (3,2,21,'Nutmeg scones with tangerine jam','Fluffy, all-butter scones served with tangerine jam and fresh clotted cream', 'https://www.bbcgoodfood.com/sites/default/files/styles/recipe/public/recipe/recipe-image/2019/08/scones.jpg?itok=Lr3bXsFN', 'Sides');
 INSERT INTO MenuItems (res_id, food_id,price,name,description, imagepath, category) VALUES (3,3,19,'Potato and lime kebab','Skewer-cooked baby new potato and tangy lime served in warm pitta pockets', 'https://upload.wikimedia.org/wikipedia/commons/thumb/5/5b/Lula_kebab_2.jpg/1200px-Lula_kebab_2.jpg', 'Mains (International)');
 INSERT INTO MenuItems (res_id, food_id,price, name,description, imagepath, category) VALUES (3,4, 25.69,'Potato and hazelnut cake','Moist cake made with baby new potato and hazelnut', 'https://lh3.googleusercontent.com/proxy/198tobmRqh1XimIYcbwxe6ohUhhpMFNUhkep6FeICFFsFPYwIqzTY2C1y3to1bd2lsXD0e1ZDOLsN4WwcQd2PVHr7NTDRJKbeeWdcRTOVK0IU7dAFdmPMdu9RGIsoDF_ATQRKubHbXAVaC__plyW8Ig', 'Dessert');
 INSERT INTO MenuItems (res_id, food_id,price,name,description, imagepath, category) VALUES (3,5, 4.5,'Guava and lemon cheesecake','A velvety cheesecake layered with fresh guava and tangy lemon', 'https://i2.wp.com/www.cocoandash.com/wp-content/uploads/2019/08/IMG_0679.jpg?fit=2497%2C1664&ssl=1', 'Dessert');
 INSERT INTO MenuItems (res_id, food_id,price,name,description, imagepath, category) VALUES (3,6,13.42,'Ricotta and chicken dumplings','Thin pastry cases stuffed with ricotta and free range chicken', 'https://www.lemonsforlulu.com/wp-content/uploads/2017/08/Ricotta-Dumplings-2-720x720.jpg', 'Mains (Western)');
 INSERT INTO MenuItems (res_id, food_id,price,name,description, imagepath, category) VALUES (3,7,15.4,'Asafoetida and quorn vindaloo','Hot vindaloo made with asafoetida and quorn', 'https://i0.wp.com/himalayapalace.nl/wp-content/uploads/2020/03/Chicken_Vindaloo_Very_Hot.jpg?fit=1600%2C2000&ssl=1', 'Mains (Indian)');
 INSERT INTO MenuItems (res_id, food_id,price,name,description, imagepath, category) VALUES (3,8,5.67,'Lancashire cheese and peanut salad','A crunchy salad featuring lancashire cheese and peanut', 'https://c8.alamy.com/comp/D6F4KY/lancashire-cheese-and-pancetta-salad-D6F4KY.jpg', 'Appetizers');
 INSERT INTO MenuItems (res_id, food_id,price,name,description, imagepath, category) VALUES (3,9,24,'Kiwi fruit and paneer salad','A crisp salad featuring fresh kiwi fruit and fried paneer', 'https://c8.alamy.com/comp/D6F4KY/lancashire-cheese-and-pancetta-salad-D6F4KY.jpg', 'Appetizers');
 INSERT INTO MenuItems (res_id, food_id,price,name,description, imagepath, category) VALUES (3,10,10.23,'Bresaola and sausage penne','Fresh egg tubular pasta in a sauce made from bresaola and Cumberland sausage', 'https://live.staticflickr.com/908/40056093940_be0f1d2f36_b.jpg', 'Mains (Western)');
 
 INSERT INTO MenuItems (res_id, food_id, price, name, description, imagepath, category) VALUES (4,1,21.3,'Flaxseed salad with tangerine dressing','A mouth-watering flaxseed salad served with tangerine dressing', 'https://cafedelites.com/wp-content/uploads/2016/08/Balsamic-Chicken-Avocado-Caprese-Salad-32.jpg', 'Appetizers');
 INSERT INTO MenuItems (res_id, food_id,price,name,description, imagepath, category) VALUES (4,2,21,'Nutmeg scones with tangerine jam','Fluffy, all-butter scones served with tangerine jam and fresh clotted cream', 'https://www.bbcgoodfood.com/sites/default/files/styles/recipe/public/recipe/recipe-image/2019/08/scones.jpg?itok=Lr3bXsFN', 'Sides');
 INSERT INTO MenuItems (res_id, food_id,price,name,description, imagepath, category) VALUES (4,3,19,'Potato and lime kebab','Skewer-cooked baby new potato and tangy lime served in warm pitta pockets', 'https://upload.wikimedia.org/wikipedia/commons/thumb/5/5b/Lula_kebab_2.jpg/1200px-Lula_kebab_2.jpg', 'Mains (International)');
 INSERT INTO MenuItems (res_id, food_id,price, name,description, imagepath, category) VALUES (4,4, 25.69,'Potato and hazelnut cake','Moist cake made with baby new potato and hazelnut', 'https://lh3.googleusercontent.com/proxy/198tobmRqh1XimIYcbwxe6ohUhhpMFNUhkep6FeICFFsFPYwIqzTY2C1y3to1bd2lsXD0e1ZDOLsN4WwcQd2PVHr7NTDRJKbeeWdcRTOVK0IU7dAFdmPMdu9RGIsoDF_ATQRKubHbXAVaC__plyW8Ig', 'Dessert');
 INSERT INTO MenuItems (res_id, food_id,price,name,description, imagepath, category) VALUES (4,5, 4.5,'Guava and lemon cheesecake','A velvety cheesecake layered with fresh guava and tangy lemon', 'https://i2.wp.com/www.cocoandash.com/wp-content/uploads/2019/08/IMG_0679.jpg?fit=2497%2C1664&ssl=1', 'Dessert');
 INSERT INTO MenuItems (res_id, food_id,price,name,description, imagepath, category) VALUES (4,6,13.42,'Ricotta and chicken dumplings','Thin pastry cases stuffed with ricotta and free range chicken', 'https://www.lemonsforlulu.com/wp-content/uploads/2017/08/Ricotta-Dumplings-2-720x720.jpg', 'Mains (Western)');
 INSERT INTO MenuItems (res_id, food_id,price,name,description, imagepath, category) VALUES (4,7,15.4,'Asafoetida and quorn vindaloo','Hot vindaloo made with asafoetida and quorn', 'https://i0.wp.com/himalayapalace.nl/wp-content/uploads/2020/03/Chicken_Vindaloo_Very_Hot.jpg?fit=1600%2C2000&ssl=1', 'Mains (Indian)');
 INSERT INTO MenuItems (res_id, food_id,price,name,description, imagepath, category) VALUES (4,8,5.67,'Lancashire cheese and peanut salad','A crunchy salad featuring lancashire cheese and peanut', 'https://c8.alamy.com/comp/D6F4KY/lancashire-cheese-and-pancetta-salad-D6F4KY.jpg', 'Appetizers');
 INSERT INTO MenuItems (res_id, food_id,price,name,description, imagepath, category) VALUES (4,9,24,'Kiwi fruit and paneer salad','A crisp salad featuring fresh kiwi fruit and fried paneer', 'https://c8.alamy.com/comp/D6F4KY/lancashire-cheese-and-pancetta-salad-D6F4KY.jpg', 'Appetizers');
 INSERT INTO MenuItems (res_id, food_id,price,name,description, imagepath, category) VALUES (4,10,10.23,'Bresaola and sausage penne','Fresh egg tubular pasta in a sauce made from bresaola and Cumberland sausage', 'https://live.staticflickr.com/908/40056093940_be0f1d2f36_b.jpg', 'Mains (Western)');
 
 INSERT INTO MenuItems (res_id, food_id, price, name, description, imagepath, category) VALUES (5,1,21.3,'Flaxseed salad with tangerine dressing','A mouth-watering flaxseed salad served with tangerine dressing', 'https://cafedelites.com/wp-content/uploads/2016/08/Balsamic-Chicken-Avocado-Caprese-Salad-32.jpg', 'Appetizers');
 INSERT INTO MenuItems (res_id, food_id,price,name,description, imagepath, category) VALUES (5,2,21,'Nutmeg scones with tangerine jam','Fluffy, all-butter scones served with tangerine jam and fresh clotted cream', 'https://www.bbcgoodfood.com/sites/default/files/styles/recipe/public/recipe/recipe-image/2019/08/scones.jpg?itok=Lr3bXsFN', 'Sides');
 INSERT INTO MenuItems (res_id, food_id,price,name,description, imagepath, category) VALUES (5,3,19,'Potato and lime kebab','Skewer-cooked baby new potato and tangy lime served in warm pitta pockets', 'https://upload.wikimedia.org/wikipedia/commons/thumb/5/5b/Lula_kebab_2.jpg/1200px-Lula_kebab_2.jpg', 'Mains (International)');
 INSERT INTO MenuItems (res_id, food_id,price, name,description, imagepath, category) VALUES (5,4, 25.69,'Potato and hazelnut cake','Moist cake made with baby new potato and hazelnut', 'https://lh3.googleusercontent.com/proxy/198tobmRqh1XimIYcbwxe6ohUhhpMFNUhkep6FeICFFsFPYwIqzTY2C1y3to1bd2lsXD0e1ZDOLsN4WwcQd2PVHr7NTDRJKbeeWdcRTOVK0IU7dAFdmPMdu9RGIsoDF_ATQRKubHbXAVaC__plyW8Ig', 'Dessert');
 INSERT INTO MenuItems (res_id, food_id,price,name,description, imagepath, category) VALUES (5,5, 4.5,'Guava and lemon cheesecake','A velvety cheesecake layered with fresh guava and tangy lemon', 'https://i2.wp.com/www.cocoandash.com/wp-content/uploads/2019/08/IMG_0679.jpg?fit=2497%2C1664&ssl=1', 'Dessert');
 INSERT INTO MenuItems (res_id, food_id,price,name,description, imagepath, category) VALUES (5,6,13.42,'Ricotta and chicken dumplings','Thin pastry cases stuffed with ricotta and free range chicken', 'https://www.lemonsforlulu.com/wp-content/uploads/2017/08/Ricotta-Dumplings-2-720x720.jpg', 'Mains (Western)');
 INSERT INTO MenuItems (res_id, food_id,price,name,description, imagepath, category) VALUES (5,7,15.4,'Asafoetida and quorn vindaloo','Hot vindaloo made with asafoetida and quorn', 'https://i0.wp.com/himalayapalace.nl/wp-content/uploads/2020/03/Chicken_Vindaloo_Very_Hot.jpg?fit=1600%2C2000&ssl=1', 'Mains (Indian)');
 INSERT INTO MenuItems (res_id, food_id,price,name,description, imagepath, category) VALUES (5,8,5.67,'Lancashire cheese and peanut salad','A crunchy salad featuring lancashire cheese and peanut', 'https://c8.alamy.com/comp/D6F4KY/lancashire-cheese-and-pancetta-salad-D6F4KY.jpg', 'Appetizers');
 INSERT INTO MenuItems (res_id, food_id,price,name,description, imagepath, category) VALUES (5,9,24,'Kiwi fruit and paneer salad','A crisp salad featuring fresh kiwi fruit and fried paneer', 'https://c8.alamy.com/comp/D6F4KY/lancashire-cheese-and-pancetta-salad-D6F4KY.jpg', 'Appetizers');
 INSERT INTO MenuItems (res_id, food_id,price,name,description, imagepath, category) VALUES (5,10,10.23,'Bresaola and sausage penne','Fresh egg tubular pasta in a sauce made from bresaola and Cumberland sausage', 'https://live.staticflickr.com/908/40056093940_be0f1d2f36_b.jpg', 'Mains (Western)');

INSERT INTO MenuItems (res_id, food_id, price, name, description, imagepath, category) VALUES (6,1,21.3,'Flaxseed salad with tangerine dressing','A mouth-watering flaxseed salad served with tangerine dressing', 'https://cafedelites.com/wp-content/uploads/2016/08/Balsamic-Chicken-Avocado-Caprese-Salad-32.jpg', 'Appetizers');
 INSERT INTO MenuItems (res_id, food_id,price,name,description, imagepath, category) VALUES (6,2,21,'Nutmeg scones with tangerine jam','Fluffy, all-butter scones served with tangerine jam and fresh clotted cream', 'https://www.bbcgoodfood.com/sites/default/files/styles/recipe/public/recipe/recipe-image/2019/08/scones.jpg?itok=Lr3bXsFN', 'Sides');
 INSERT INTO MenuItems (res_id, food_id,price,name,description, imagepath, category) VALUES (6,3,19,'Potato and lime kebab','Skewer-cooked baby new potato and tangy lime served in warm pitta pockets', 'https://upload.wikimedia.org/wikipedia/commons/thumb/5/5b/Lula_kebab_2.jpg/1200px-Lula_kebab_2.jpg', 'Mains (International)');
 INSERT INTO MenuItems (res_id, food_id,price, name,description, imagepath, category) VALUES (6,4, 25.69,'Potato and hazelnut cake','Moist cake made with baby new potato and hazelnut', 'https://lh3.googleusercontent.com/proxy/198tobmRqh1XimIYcbwxe6ohUhhpMFNUhkep6FeICFFsFPYwIqzTY2C1y3to1bd2lsXD0e1ZDOLsN4WwcQd2PVHr7NTDRJKbeeWdcRTOVK0IU7dAFdmPMdu9RGIsoDF_ATQRKubHbXAVaC__plyW8Ig', 'Dessert');
 INSERT INTO MenuItems (res_id, food_id,price,name,description, imagepath, category) VALUES (6,5, 4.5,'Guava and lemon cheesecake','A velvety cheesecake layered with fresh guava and tangy lemon', 'https://i2.wp.com/www.cocoandash.com/wp-content/uploads/2019/08/IMG_0679.jpg?fit=2497 1664&ssl=1', 'Dessert');
 INSERT INTO MenuItems (res_id, food_id,price,name,description, imagepath, category) VALUES (6,6,13.42,'Ricotta and chicken dumplings','Thin pastry cases stuffed with ricotta and free range chicken', 'https://www.lemonsforlulu.com/wp-content/uploads/2017/08/Ricotta-Dumplings-2-720x720.jpg', 'Mains (Western)');
 INSERT INTO MenuItems (res_id, food_id,price,name,description, imagepath, category) VALUES (6,7,15.4,'Asafoetida and quorn vindaloo','Hot vindaloo made with asafoetida and quorn', 'https://i0.wp.com/himalayapalace.nl/wp-content/uploads/2020/03/Chicken_Vindaloo_Very_Hot.jpg?fit=1600 2000&ssl=1', 'Mains (Indian)');
 INSERT INTO MenuItems (res_id, food_id,price,name,description, imagepath, category) VALUES (6,8,5.67,'Lancashire cheese and peanut salad','A crunchy salad featuring lancashire cheese and peanut', 'https://c8.alamy.com/comp/D6F4KY/lancashire-cheese-and-pancetta-salad-D6F4KY.jpg', 'Appetizers');
 INSERT INTO MenuItems (res_id, food_id,price,name,description, imagepath, category) VALUES (6,9,24,'Kiwi fruit and paneer salad','A crisp salad featuring fresh kiwi fruit and fried paneer', 'https://c8.alamy.com/comp/D6F4KY/lancashire-cheese-and-pancetta-salad-D6F4KY.jpg', 'Appetizers');
 INSERT INTO MenuItems (res_id, food_id,price,name,description, imagepath, category) VALUES (6,10,10.23,'Bresaola and sausage penne','Fresh egg tubular pasta in a sauce made from bresaola and Cumberland sausage', 'https://live.staticflickr.com/908/40056093940_be0f1d2f36_b.jpg', 'Mains (Western)');

INSERT INTO MenuItems (res_id, food_id, price, name, description, imagepath, category) VALUES (7,1,21.3,'Flaxseed salad with tangerine dressing','A mouth-watering flaxseed salad served with tangerine dressing', 'https://cafedelites.com/wp-content/uploads/2016/08/Balsamic-Chicken-Avocado-Caprese-Salad-32.jpg', 'Appetizers');
 INSERT INTO MenuItems (res_id, food_id,price,name,description, imagepath, category) VALUES (7,2,21,'Nutmeg scones with tangerine jam','Fluffy, all-butter scones served with tangerine jam and fresh clotted cream', 'https://www.bbcgoodfood.com/sites/default/files/styles/recipe/public/recipe/recipe-image/2019/08/scones.jpg?itok=Lr3bXsFN', 'Sides');
 INSERT INTO MenuItems (res_id, food_id,price,name,description, imagepath, category) VALUES (7,3,19,'Potato and lime kebab','Skewer-cooked baby new potato and tangy lime served in warm pitta pockets', 'https://upload.wikimedia.org/wikipedia/commons/thumb/5/5b/Lula_kebab_2.jpg/1200px-Lula_kebab_2.jpg', 'Mains (International)');
 INSERT INTO MenuItems (res_id, food_id,price, name,description, imagepath, category) VALUES (7,4, 25.69,'Potato and hazelnut cake','Moist cake made with baby new potato and hazelnut', 'https://lh3.googleusercontent.com/proxy/198tobmRqh1XimIYcbwxe6ohUhhpMFNUhkep6FeICFFsFPYwIqzTY2C1y3to1bd2lsXD0e1ZDOLsN4WwcQd2PVHr7NTDRJKbeeWdcRTOVK0IU7dAFdmPMdu9RGIsoDF_ATQRKubHbXAVaC__plyW8Ig', 'Dessert');
 INSERT INTO MenuItems (res_id, food_id,price,name,description, imagepath, category) VALUES (7,5, 4.5,'Guava and lemon cheesecake','A velvety cheesecake layered with fresh guava and tangy lemon', 'https://i2.wp.com/www.cocoandash.com/wp-content/uploads/2019/08/IMG_0679.jpg?fit=2497 1664&ssl=1', 'Dessert');
 INSERT INTO MenuItems (res_id, food_id,price,name,description, imagepath, category) VALUES (7,6,13.42,'Ricotta and chicken dumplings','Thin pastry cases stuffed with ricotta and free range chicken', 'https://www.lemonsforlulu.com/wp-content/uploads/2017/08/Ricotta-Dumplings-2-720x720.jpg', 'Mains (Western)');
 INSERT INTO MenuItems (res_id, food_id,price,name,description, imagepath, category) VALUES (7,7,15.4,'Asafoetida and quorn vindaloo','Hot vindaloo made with asafoetida and quorn', 'https://i0.wp.com/himalayapalace.nl/wp-content/uploads/2020/03/Chicken_Vindaloo_Very_Hot.jpg?fit=1600 2000&ssl=1', 'Mains (Indian)');
 INSERT INTO MenuItems (res_id, food_id,price,name,description, imagepath, category) VALUES (7,8,5.67,'Lancashire cheese and peanut salad','A crunchy salad featuring lancashire cheese and peanut', 'https://c8.alamy.com/comp/D6F4KY/lancashire-cheese-and-pancetta-salad-D6F4KY.jpg', 'Appetizers');
 INSERT INTO MenuItems (res_id, food_id,price,name,description, imagepath, category) VALUES (7,9,24,'Kiwi fruit and paneer salad','A crisp salad featuring fresh kiwi fruit and fried paneer', 'https://c8.alamy.com/comp/D6F4KY/lancashire-cheese-and-pancetta-salad-D6F4KY.jpg', 'Appetizers');
 INSERT INTO MenuItems (res_id, food_id,price,name,description, imagepath, category) VALUES (7,10,10.23,'Bresaola and sausage penne','Fresh egg tubular pasta in a sauce made from bresaola and Cumberland sausage', 'https://live.staticflickr.com/908/40056093940_be0f1d2f36_b.jpg', 'Mains (Western)');

INSERT INTO MenuItems (res_id, food_id, price, name, description, imagepath, category) VALUES (8,1,21.3,'Flaxseed salad with tangerine dressing','A mouth-watering flaxseed salad served with tangerine dressing', 'https://cafedelites.com/wp-content/uploads/2016/08/Balsamic-Chicken-Avocado-Caprese-Salad-32.jpg', 'Appetizers');
 INSERT INTO MenuItems (res_id, food_id,price,name,description, imagepath, category) VALUES (8,2,21,'Nutmeg scones with tangerine jam','Fluffy, all-butter scones served with tangerine jam and fresh clotted cream', 'https://www.bbcgoodfood.com/sites/default/files/styles/recipe/public/recipe/recipe-image/2019/08/scones.jpg?itok=Lr3bXsFN', 'Sides');
 INSERT INTO MenuItems (res_id, food_id,price,name,description, imagepath, category) VALUES (8,3,19,'Potato and lime kebab','Skewer-cooked baby new potato and tangy lime served in warm pitta pockets', 'https://upload.wikimedia.org/wikipedia/commons/thumb/5/5b/Lula_kebab_2.jpg/1200px-Lula_kebab_2.jpg', 'Mains (International)');
 INSERT INTO MenuItems (res_id, food_id,price, name,description, imagepath, category) VALUES (8,4, 25.69,'Potato and hazelnut cake','Moist cake made with baby new potato and hazelnut', 'https://lh3.googleusercontent.com/proxy/198tobmRqh1XimIYcbwxe6ohUhhpMFNUhkep6FeICFFsFPYwIqzTY2C1y3to1bd2lsXD0e1ZDOLsN4WwcQd2PVHr7NTDRJKbeeWdcRTOVK0IU7dAFdmPMdu9RGIsoDF_ATQRKubHbXAVaC__plyW8Ig', 'Dessert');
 INSERT INTO MenuItems (res_id, food_id,price,name,description, imagepath, category) VALUES (8,5, 4.5,'Guava and lemon cheesecake','A velvety cheesecake layered with fresh guava and tangy lemon', 'https://i2.wp.com/www.cocoandash.com/wp-content/uploads/2019/08/IMG_0679.jpg?fit=24971664&ssl=1', 'Dessert');
 INSERT INTO MenuItems (res_id, food_id,price,name,description, imagepath, category) VALUES (8,6,13.42,'Ricotta and chicken dumplings','Thin pastry cases stuffed with ricotta and free range chicken', 'https://www.lemonsforlulu.com/wp-content/uploads/2017/08/Ricotta-Dumplings-2-720x720.jpg', 'Mains (Western)');
 INSERT INTO MenuItems (res_id, food_id,price,name,description, imagepath, category) VALUES (8,7,15.4,'Asafoetida and quorn vindaloo','Hot vindaloo made with asafoetida and quorn', 'https://i0.wp.com/himalayapalace.nl/wp-content/uploads/2020/03/Chicken_Vindaloo_Very_Hot.jpg?fit=16002000&ssl=1', 'Mains (Indian)');
 INSERT INTO MenuItems (res_id, food_id,price,name,description, imagepath, category) VALUES (8,8,5.67,'Lancashire cheese and peanut salad','A crunchy salad featuring lancashire cheese and peanut', 'https://c8.alamy.com/comp/D6F4KY/lancashire-cheese-and-pancetta-salad-D6F4KY.jpg', 'Appetizers');
 INSERT INTO MenuItems (res_id, food_id,price,name,description, imagepath, category) VALUES (8,9,24,'Kiwi fruit and paneer salad','A crisp salad featuring fresh kiwi fruit and fried paneer', 'https://c8.alamy.com/comp/D6F4KY/lancashire-cheese-and-pancetta-salad-D6F4KY.jpg', 'Appetizers');
 INSERT INTO MenuItems (res_id, food_id,price,name,description, imagepath, category) VALUES (8,10,10.23,'Bresaola and sausage penne','Fresh egg tubular pasta in a sauce made from bresaola and Cumberland sausage', 'https://live.staticflickr.com/908/40056093940_be0f1d2f36_b.jpg', 'Mains (Western)');

INSERT INTO MenuItems (res_id, food_id, price, name, description, imagepath, category) VALUES (9,1,21.3,'Flaxseed salad with tangerine dressing','A mouth-watering flaxseed salad served with tangerine dressing', 'https://cafedelites.com/wp-content/uploads/2016/08/Balsamic-Chicken-Avocado-Caprese-Salad-32.jpg', 'Appetizers');
 INSERT INTO MenuItems (res_id, food_id,price,name,description, imagepath, category) VALUES (9,2,21,'Nutmeg scones with tangerine jam','Fluffy, all-butter scones served with tangerine jam and fresh clotted cream', 'https://www.bbcgoodfood.com/sites/default/files/styles/recipe/public/recipe/recipe-image/2019/08/scones.jpg?itok=Lr3bXsFN', 'Sides');
 INSERT INTO MenuItems (res_id, food_id,price,name,description, imagepath, category) VALUES (9,3,19,'Potato and lime kebab','Skewer-cooked baby new potato and tangy lime served in warm pitta pockets', 'https://upload.wikimedia.org/wikipedia/commons/thumb/5/5b/Lula_kebab_2.jpg/1200px-Lula_kebab_2.jpg', 'Mains (International)');
 INSERT INTO MenuItems (res_id, food_id,price, name,description, imagepath, category) VALUES (9,4, 25.69,'Potato and hazelnut cake','Moist cake made with baby new potato and hazelnut', 'https://lh3.googleusercontent.com/proxy/198tobmRqh1XimIYcbwxe6ohUhhpMFNUhkep6FeICFFsFPYwIqzTY2C1y3to1bd2lsXD0e1ZDOLsN4WwcQd2PVHr7NTDRJKbeeWdcRTOVK0IU7dAFdmPMdu9RGIsoDF_ATQRKubHbXAVaC__plyW8Ig', 'Dessert');
 INSERT INTO MenuItems (res_id, food_id,price,name,description, imagepath, category) VALUES (9,5, 4.5,'Guava and lemon cheesecake','A velvety cheesecake layered with fresh guava and tangy lemon', 'https://i2.wp.com/www.cocoandash.com/wp-content/uploads/2019/08/IMG_0679.jpg?fit=2497 	1664&ssl=1', 'Dessert');
 INSERT INTO MenuItems (res_id, food_id,price,name,description, imagepath, category) VALUES (9,6,13.42,'Ricotta and chicken dumplings','Thin pastry cases stuffed with ricotta and free range chicken', 'https://www.lemonsforlulu.com/wp-content/uploads/2017/08/Ricotta-Dumplings-2-720x720.jpg', 'Mains (Western)');
 INSERT INTO MenuItems (res_id, food_id,price,name,description, imagepath, category) VALUES (9,7,15.4,'Asafoetida and quorn vindaloo','Hot vindaloo made with asafoetida and quorn', 'https://i0.wp.com/himalayapalace.nl/wp-content/uploads/2020/03/Chicken_Vindaloo_Very_Hot.jpg?fit=1600 	2000&ssl=1', 'Mains (Indian)');
 INSERT INTO MenuItems (res_id, food_id,price,name,description, imagepath, category) VALUES (9,8,5.67,'Lancashire cheese and peanut salad','A crunchy salad featuring lancashire cheese and peanut', 'https://c8.alamy.com/comp/D6F4KY/lancashire-cheese-and-pancetta-salad-D6F4KY.jpg', 'Appetizers');
 INSERT INTO MenuItems (res_id, food_id,price,name,description, imagepath, category) VALUES (9,9,24,'Kiwi fruit and paneer salad','A crisp salad featuring fresh kiwi fruit and fried paneer', 'https://c8.alamy.com/comp/D6F4KY/lancashire-cheese-and-pancetta-salad-D6F4KY.jpg', 'Appetizers');
 INSERT INTO MenuItems (res_id, food_id,price,name,description, imagepath, category) VALUES (9,10,10.23,'Bresaola and sausage penne','Fresh egg tubular pasta in a sauce made from bresaola and Cumberland sausage', 'https://live.staticflickr.com/908/40056093940_be0f1d2f36_b.jpg', 'Mains (Western)');

INSERT INTO MenuItems (res_id, food_id, price, name, description, imagepath, category) VALUES (10,1,21.3,'Flaxseed salad with tangerine dressing','A mouth-watering flaxseed salad served with tangerine dressing', 'https://cafedelites.com/wp-content/uploads/2016/08/Balsamic-Chicken-Avocado-Caprese-Salad-32.jpg', 'Appetizers');
 INSERT INTO MenuItems (res_id, food_id,price,name,description, imagepath, category) VALUES (10,2,21,'Nutmeg scones with tangerine jam','Fluffy, all-butter scones served with tangerine jam and fresh clotted cream', 'https://www.bbcgoodfood.com/sites/default/files/styles/recipe/public/recipe/recipe-image/2019/08/scones.jpg?itok=Lr3bXsFN', 'Sides');
 INSERT INTO MenuItems (res_id, food_id,price,name,description, imagepath, category) VALUES (10,3,19,'Potato and lime kebab','Skewer-cooked baby new potato and tangy lime served in warm pitta pockets', 'https://upload.wikimedia.org/wikipedia/commons/thumb/5/5b/Lula_kebab_2.jpg/1200px-Lula_kebab_2.jpg', 'Mains (International)');
 INSERT INTO MenuItems (res_id, food_id,price, name,description, imagepath, category) VALUES (10,4, 25.69,'Potato and hazelnut cake','Moist cake made with baby new potato and hazelnut', 'https://lh3.googleusercontent.com/proxy/198tobmRqh1XimIYcbwxe6ohUhhpMFNUhkep6FeICFFsFPYwIqzTY2C1y3to1bd2lsXD0e1ZDOLsN4WwcQd2PVHr7NTDRJKbeeWdcRTOVK0IU7dAFdmPMdu9RGIsoDF_ATQRKubHbXAVaC__plyW8Ig', 'Dessert');
 INSERT INTO MenuItems (res_id, food_id,price,name,description, imagepath, category) VALUES (10,5, 4.5,'Guava and lemon cheesecake','A velvety cheesecake layered with fresh guava and tangy lemon', 'https://i2.wp.com/www.cocoandash.com/wp-content/uploads/2019/08/IMG_0679.jpg?fit=2497 
1664&ssl=1', 'Dessert');
 INSERT INTO MenuItems (res_id, food_id,price,name,description, imagepath, category) VALUES (10,6,13.42,'Ricotta and chicken dumplings','Thin pastry cases stuffed with ricotta and free range chicken', 'https://www.lemonsforlulu.com/wp-content/uploads/2017/08/Ricotta-Dumplings-2-720x720.jpg', 'Mains (Western)');
 INSERT INTO MenuItems (res_id, food_id,price,name,description, imagepath, category) VALUES (10,7,15.4,'Asafoetida and quorn vindaloo','Hot vindaloo made with asafoetida and quorn', 'https://i0.wp.com/himalayapalace.nl/wp-content/uploads/2020/03/Chicken_Vindaloo_Very_Hot.jpg?fit=1600 
2000&ssl=1', 'Mains (Indian)');
 INSERT INTO MenuItems (res_id, food_id,price,name,description, imagepath, category) VALUES (10,8,5.67,'Lancashire cheese and peanut salad','A crunchy salad featuring lancashire cheese and peanut', 'https://c8.alamy.com/comp/D6F4KY/lancashire-cheese-and-pancetta-salad-D6F4KY.jpg', 'Appetizers');
 INSERT INTO MenuItems (res_id, food_id,price,name,description, imagepath, category) VALUES (10,9,24,'Kiwi fruit and paneer salad','A crisp salad featuring fresh kiwi fruit and fried paneer', 'https://c8.alamy.com/comp/D6F4KY/lancashire-cheese-and-pancetta-salad-D6F4KY.jpg', 'Appetizers');
 INSERT INTO MenuItems (res_id, food_id,price,name,description, imagepath, category) VALUES (10,10,10.23,'Bresaola and sausage penne','Fresh egg tubular pasta in a sauce made from bresaola and Cumberland sausage', 'https://live.staticflickr.com/908/40056093940_be0f1d2f36_b.jpg', 'Mains (Western)');

INSERT INTO MenuItems (res_id, food_id, price, name, description, imagepath, category) VALUES (11,1,21.3,'Flaxseed salad with tangerine dressing','A mouth-watering flaxseed salad served with tangerine dressing', 'https://cafedelites.com/wp-content/uploads/2016/08/Balsamic-Chicken-Avocado-Caprese-Salad-32.jpg', 'Appetizers');
 INSERT INTO MenuItems (res_id, food_id,price,name,description, imagepath, category) VALUES (11,2,21,'Nutmeg scones with tangerine jam','Fluffy, all-butter scones served with tangerine jam and fresh clotted cream', 'https://www.bbcgoodfood.com/sites/default/files/styles/recipe/public/recipe/recipe-image/2019/08/scones.jpg?itok=Lr3bXsFN', 'Sides');
 INSERT INTO MenuItems (res_id, food_id,price,name,description, imagepath, category) VALUES (11,3,19,'Potato and lime kebab','Skewer-cooked baby new potato and tangy lime served in warm pitta pockets', 'https://upload.wikimedia.org/wikipedia/commons/thumb/5/5b/Lula_kebab_2.jpg/1200px-Lula_kebab_2.jpg', 'Mains (International)');
 INSERT INTO MenuItems (res_id, food_id,price, name,description, imagepath, category) VALUES (11,4, 25.69,'Potato and hazelnut cake','Moist cake made with baby new potato and hazelnut', 'https://lh3.googleusercontent.com/proxy/198tobmRqh1XimIYcbwxe6ohUhhpMFNUhkep6FeICFFsFPYwIqzTY2C1y3to1bd2lsXD0e1ZDOLsN4WwcQd2PVHr7NTDRJKbeeWdcRTOVK0IU7dAFdmPMdu9RGIsoDF_ATQRKubHbXAVaC__plyW8Ig', 'Dessert');
 INSERT INTO MenuItems (res_id, food_id,price,name,description, imagepath, category) VALUES (11,5, 4.5,'Guava and lemon cheesecake','A velvety cheesecake layered with fresh guava and tangy lemon', 'https://i2.wp.com/www.cocoandash.com/wp-content/uploads/2019/08/IMG_0679.jpg?fit=2497%2C1664&ssl=1', 'Dessert');
 INSERT INTO MenuItems (res_id, food_id,price,name,description, imagepath, category) VALUES (11,6,13.42,'Ricotta and chicken dumplings','Thin pastry cases stuffed with ricotta and free range chicken', 'https://www.lemonsforlulu.com/wp-content/uploads/2017/08/Ricotta-Dumplings-2-720x720.jpg', 'Mains (Western)');
 INSERT INTO MenuItems (res_id, food_id,price,name,description, imagepath, category) VALUES (11,7,15.4,'Asafoetida and quorn vindaloo','Hot vindaloo made with asafoetida and quorn', 'https://i0.wp.com/himalayapalace.nl/wp-content/uploads/2020/03/Chicken_Vindaloo_Very_Hot.jpg?fit=1600%2C2000&ssl=1', 'Mains (Indian)');
 INSERT INTO MenuItems (res_id, food_id,price,name,description, imagepath, category) VALUES (11,8,5.67,'Lancashire cheese and peanut salad','A crunchy salad featuring lancashire cheese and peanut', 'https://c8.alamy.com/comp/D6F4KY/lancashire-cheese-and-pancetta-salad-D6F4KY.jpg', 'Appetizers');
 INSERT INTO MenuItems (res_id, food_id,price,name,description, imagepath, category) VALUES (11,9,24,'Kiwi fruit and paneer salad','A crisp salad featuring fresh kiwi fruit and fried paneer', 'https://c8.alamy.com/comp/D6F4KY/lancashire-cheese-and-pancetta-salad-D6F4KY.jpg', 'Appetizers');
 INSERT INTO MenuItems (res_id, food_id,price,name,description, imagepath, category) VALUES (11,10,10.23,'Bresaola and sausage penne','Fresh egg tubular pasta in a sauce made from bresaola and Cumberland sausage', 'https://live.staticflickr.com/908/40056093940_be0f1d2f36_b.jpg', 'Mains (Western)');

INSERT INTO MenuItems (res_id, food_id, price, name, description, imagepath, category) VALUES (12,1,21.3,'Flaxseed salad with tangerine dressing','A mouth-watering flaxseed salad served with tangerine dressing', 'https://cafedelites.com/wp-content/uploads/2016/08/Balsamic-Chicken-Avocado-Caprese-Salad-32.jpg', 'Appetizers');
 INSERT INTO MenuItems (res_id, food_id,price,name,description, imagepath, category) VALUES (12,2,21,'Nutmeg scones with tangerine jam','Fluffy, all-butter scones served with tangerine jam and fresh clotted cream', 'https://www.bbcgoodfood.com/sites/default/files/styles/recipe/public/recipe/recipe-image/2019/08/scones.jpg?itok=Lr3bXsFN', 'Sides');
 INSERT INTO MenuItems (res_id, food_id,price,name,description, imagepath, category) VALUES (12,3,19,'Potato and lime kebab','Skewer-cooked baby new potato and tangy lime served in warm pitta pockets', 'https://upload.wikimedia.org/wikipedia/commons/thumb/5/5b/Lula_kebab_2.jpg/1200px-Lula_kebab_2.jpg', 'Mains (International)');
 INSERT INTO MenuItems (res_id, food_id,price, name,description, imagepath, category) VALUES (12,4, 25.69,'Potato and hazelnut cake','Moist cake made with baby new potato and hazelnut', 'https://lh3.googleusercontent.com/proxy/198tobmRqh1XimIYcbwxe6ohUhhpMFNUhkep6FeICFFsFPYwIqzTY2C1y3to1bd2lsXD0e1ZDOLsN4WwcQd2PVHr7NTDRJKbeeWdcRTOVK0IU7dAFdmPMdu9RGIsoDF_ATQRKubHbXAVaC__plyW8Ig', 'Dessert');
 INSERT INTO MenuItems (res_id, food_id,price,name,description, imagepath, category) VALUES (12,5, 4.5,'Guava and lemon cheesecake','A velvety cheesecake layered with fresh guava and tangy lemon', 'https://i2.wp.com/www.cocoandash.com/wp-content/uploads/2019/08/IMG_0679.jpg?fit=2497%2C1664&ssl=1', 'Dessert');
 INSERT INTO MenuItems (res_id, food_id,price,name,description, imagepath, category) VALUES (12,6,13.42,'Ricotta and chicken dumplings','Thin pastry cases stuffed with ricotta and free range chicken', 'https://www.lemonsforlulu.com/wp-content/uploads/2017/08/Ricotta-Dumplings-2-720x720.jpg', 'Mains (Western)');
 INSERT INTO MenuItems (res_id, food_id,price,name,description, imagepath, category) VALUES (12,7,15.4,'Asafoetida and quorn vindaloo','Hot vindaloo made with asafoetida and quorn', 'https://i0.wp.com/himalayapalace.nl/wp-content/uploads/2020/03/Chicken_Vindaloo_Very_Hot.jpg?fit=1600%2C2000&ssl=1', 'Mains (Indian)');
 INSERT INTO MenuItems (res_id, food_id,price,name,description, imagepath, category) VALUES (12,8,5.67,'Lancashire cheese and peanut salad','A crunchy salad featuring lancashire cheese and peanut', 'https://c8.alamy.com/comp/D6F4KY/lancashire-cheese-and-pancetta-salad-D6F4KY.jpg', 'Appetizers');
 INSERT INTO MenuItems (res_id, food_id,price,name,description, imagepath, category) VALUES (12,9,24,'Kiwi fruit and paneer salad','A crisp salad featuring fresh kiwi fruit and fried paneer', 'https://c8.alamy.com/comp/D6F4KY/lancashire-cheese-and-pancetta-salad-D6F4KY.jpg', 'Appetizers');
 INSERT INTO MenuItems (res_id, food_id,price,name,description, imagepath, category) VALUES (12,10,10.23,'Bresaola and sausage penne','Fresh egg tubular pasta in a sauce made from bresaola and Cumberland sausage', 'https://live.staticflickr.com/908/40056093940_be0f1d2f36_b.jpg', 'Mains (Western)');

INSERT INTO MenuItems (res_id, food_id, price, name, description, imagepath, category) VALUES (13,1,21.3,'Flaxseed salad with tangerine dressing','A mouth-watering flaxseed salad served with tangerine dressing', 'https://cafedelites.com/wp-content/uploads/2016/08/Balsamic-Chicken-Avocado-Caprese-Salad-32.jpg', 'Appetizers');
 INSERT INTO MenuItems (res_id, food_id,price,name,description, imagepath, category) VALUES (13,2,21,'Nutmeg scones with tangerine jam','Fluffy, all-butter scones served with tangerine jam and fresh clotted cream', 'https://www.bbcgoodfood.com/sites/default/files/styles/recipe/public/recipe/recipe-image/2019/08/scones.jpg?itok=Lr3bXsFN', 'Sides');
 INSERT INTO MenuItems (res_id, food_id,price,name,description, imagepath, category) VALUES (13,3,19,'Potato and lime kebab','Skewer-cooked baby new potato and tangy lime served in warm pitta pockets', 'https://upload.wikimedia.org/wikipedia/commons/thumb/5/5b/Lula_kebab_2.jpg/1200px-Lula_kebab_2.jpg', 'Mains (International)');
 INSERT INTO MenuItems (res_id, food_id,price, name,description, imagepath, category) VALUES (13,4, 25.69,'Potato and hazelnut cake','Moist cake made with baby new potato and hazelnut', 'https://lh3.googleusercontent.com/proxy/198tobmRqh1XimIYcbwxe6ohUhhpMFNUhkep6FeICFFsFPYwIqzTY2C1y3to1bd2lsXD0e1ZDOLsN4WwcQd2PVHr7NTDRJKbeeWdcRTOVK0IU7dAFdmPMdu9RGIsoDF_ATQRKubHbXAVaC__plyW8Ig', 'Dessert');
 INSERT INTO MenuItems (res_id, food_id,price,name,description, imagepath, category) VALUES (13,5, 4.5,'Guava and lemon cheesecake','A velvety cheesecake layered with fresh guava and tangy lemon', 'https://i2.wp.com/www.cocoandash.com/wp-content/uploads/2019/08/IMG_0679.jpg?fit=2497%2C1664&ssl=1', 'Dessert');
 INSERT INTO MenuItems (res_id, food_id,price,name,description, imagepath, category) VALUES (13,6,13.42,'Ricotta and chicken dumplings','Thin pastry cases stuffed with ricotta and free range chicken', 'https://www.lemonsforlulu.com/wp-content/uploads/2017/08/Ricotta-Dumplings-2-720x720.jpg', 'Mains (Western)');
 INSERT INTO MenuItems (res_id, food_id,price,name,description, imagepath, category) VALUES (13,7,15.4,'Asafoetida and quorn vindaloo','Hot vindaloo made with asafoetida and quorn', 'https://i0.wp.com/himalayapalace.nl/wp-content/uploads/2020/03/Chicken_Vindaloo_Very_Hot.jpg?fit=1600%2C2000&ssl=1', 'Mains (Indian)');
 INSERT INTO MenuItems (res_id, food_id,price,name,description, imagepath, category) VALUES (13,8,5.67,'Lancashire cheese and peanut salad','A crunchy salad featuring lancashire cheese and peanut', 'https://c8.alamy.com/comp/D6F4KY/lancashire-cheese-and-pancetta-salad-D6F4KY.jpg', 'Appetizers');
 INSERT INTO MenuItems (res_id, food_id,price,name,description, imagepath, category) VALUES (13,9,24,'Kiwi fruit and paneer salad','A crisp salad featuring fresh kiwi fruit and fried paneer', 'https://c8.alamy.com/comp/D6F4KY/lancashire-cheese-and-pancetta-salad-D6F4KY.jpg', 'Appetizers');
 INSERT INTO MenuItems (res_id, food_id,price,name,description, imagepath, category) VALUES (13,10,10.23,'Bresaola and sausage penne','Fresh egg tubular pasta in a sauce made from bresaola and Cumberland sausage', 'https://live.staticflickr.com/908/40056093940_be0f1d2f36_b.jpg', 'Mains (Western)');

INSERT INTO MenuItems (res_id, food_id, price, name, description, imagepath, category) VALUES (14,1,21.3,'Flaxseed salad with tangerine dressing','A mouth-watering flaxseed salad served with tangerine dressing', 'https://cafedelites.com/wp-content/uploads/2016/08/Balsamic-Chicken-Avocado-Caprese-Salad-32.jpg', 'Appetizers');
 INSERT INTO MenuItems (res_id, food_id,price,name,description, imagepath, category) VALUES (14,2,21,'Nutmeg scones with tangerine jam','Fluffy, all-butter scones served with tangerine jam and fresh clotted cream', 'https://www.bbcgoodfood.com/sites/default/files/styles/recipe/public/recipe/recipe-image/2019/08/scones.jpg?itok=Lr3bXsFN', 'Sides');
 INSERT INTO MenuItems (res_id, food_id,price,name,description, imagepath, category) VALUES (14,3,19,'Potato and lime kebab','Skewer-cooked baby new potato and tangy lime served in warm pitta pockets', 'https://upload.wikimedia.org/wikipedia/commons/thumb/5/5b/Lula_kebab_2.jpg/1200px-Lula_kebab_2.jpg', 'Mains (International)');
 INSERT INTO MenuItems (res_id, food_id,price, name,description, imagepath, category) VALUES (14,4, 25.69,'Potato and hazelnut cake','Moist cake made with baby new potato and hazelnut', 'https://lh3.googleusercontent.com/proxy/198tobmRqh1XimIYcbwxe6ohUhhpMFNUhkep6FeICFFsFPYwIqzTY2C1y3to1bd2lsXD0e1ZDOLsN4WwcQd2PVHr7NTDRJKbeeWdcRTOVK0IU7dAFdmPMdu9RGIsoDF_ATQRKubHbXAVaC__plyW8Ig', 'Dessert');
 INSERT INTO MenuItems (res_id, food_id,price,name,description, imagepath, category) VALUES (14,5, 4.5,'Guava and lemon cheesecake','A velvety cheesecake layered with fresh guava and tangy lemon', 'https://i2.wp.com/www.cocoandash.com/wp-content/uploads/2019/08/IMG_0679.jpg?fit=2497%2C1664&ssl=1', 'Dessert');
 INSERT INTO MenuItems (res_id, food_id,price,name,description, imagepath, category) VALUES (14,6,13.42,'Ricotta and chicken dumplings','Thin pastry cases stuffed with ricotta and free range chicken', 'https://www.lemonsforlulu.com/wp-content/uploads/2017/08/Ricotta-Dumplings-2-720x720.jpg', 'Mains (Western)');
 INSERT INTO MenuItems (res_id, food_id,price,name,description, imagepath, category) VALUES (14,7,15.4,'Asafoetida and quorn vindaloo','Hot vindaloo made with asafoetida and quorn', 'https://i0.wp.com/himalayapalace.nl/wp-content/uploads/2020/03/Chicken_Vindaloo_Very_Hot.jpg?fit=1600%2C2000&ssl=1', 'Mains (Indian)');
 INSERT INTO MenuItems (res_id, food_id,price,name,description, imagepath, category) VALUES (14,8,5.67,'Lancashire cheese and peanut salad','A crunchy salad featuring lancashire cheese and peanut', 'https://c8.alamy.com/comp/D6F4KY/lancashire-cheese-and-pancetta-salad-D6F4KY.jpg', 'Appetizers');
 INSERT INTO MenuItems (res_id, food_id,price,name,description, imagepath, category) VALUES (14,9,24,'Kiwi fruit and paneer salad','A crisp salad featuring fresh kiwi fruit and fried paneer', 'https://c8.alamy.com/comp/D6F4KY/lancashire-cheese-and-pancetta-salad-D6F4KY.jpg', 'Appetizers');
 INSERT INTO MenuItems (res_id, food_id,price,name,description, imagepath, category) VALUES (14,10,10.23,'Bresaola and sausage penne','Fresh egg tubular pasta in a sauce made from bresaola and Cumberland sausage', 'https://live.staticflickr.com/908/40056093940_be0f1d2f36_b.jpg', 'Mains (Western)');

INSERT INTO MenuItems (res_id, food_id, price, name, description, imagepath, category) VALUES (15,1,21.3,'Flaxseed salad with tangerine dressing','A mouth-watering flaxseed salad served with tangerine dressing', 'https://cafedelites.com/wp-content/uploads/2016/08/Balsamic-Chicken-Avocado-Caprese-Salad-32.jpg', 'Appetizers');
 INSERT INTO MenuItems (res_id, food_id,price,name,description, imagepath, category) VALUES (15,2,21,'Nutmeg scones with tangerine jam','Fluffy, all-butter scones served with tangerine jam and fresh clotted cream', 'https://www.bbcgoodfood.com/sites/default/files/styles/recipe/public/recipe/recipe-image/2019/08/scones.jpg?itok=Lr3bXsFN', 'Sides');
 INSERT INTO MenuItems (res_id, food_id,price,name,description, imagepath, category) VALUES (15,3,19,'Potato and lime kebab','Skewer-cooked baby new potato and tangy lime served in warm pitta pockets', 'https://upload.wikimedia.org/wikipedia/commons/thumb/5/5b/Lula_kebab_2.jpg/1200px-Lula_kebab_2.jpg', 'Mains (International)');
 INSERT INTO MenuItems (res_id, food_id,price, name,description, imagepath, category) VALUES (15,4, 25.69,'Potato and hazelnut cake','Moist cake made with baby new potato and hazelnut', 'https://lh3.googleusercontent.com/proxy/198tobmRqh1XimIYcbwxe6ohUhhpMFNUhkep6FeICFFsFPYwIqzTY2C1y3to1bd2lsXD0e1ZDOLsN4WwcQd2PVHr7NTDRJKbeeWdcRTOVK0IU7dAFdmPMdu9RGIsoDF_ATQRKubHbXAVaC__plyW8Ig', 'Dessert');
 INSERT INTO MenuItems (res_id, food_id,price,name,description, imagepath, category) VALUES (15,5, 4.5,'Guava and lemon cheesecake','A velvety cheesecake layered with fresh guava and tangy lemon', 'https://i2.wp.com/www.cocoandash.com/wp-content/uploads/2019/08/IMG_0679.jpg?fit=2497%2C1664&ssl=1', 'Dessert');
 INSERT INTO MenuItems (res_id, food_id,price,name,description, imagepath, category) VALUES (15,6,13.42,'Ricotta and chicken dumplings','Thin pastry cases stuffed with ricotta and free range chicken', 'https://www.lemonsforlulu.com/wp-content/uploads/2017/08/Ricotta-Dumplings-2-720x720.jpg', 'Mains (Western)');
 INSERT INTO MenuItems (res_id, food_id,price,name,description, imagepath, category) VALUES (15,7,15.4,'Asafoetida and quorn vindaloo','Hot vindaloo made with asafoetida and quorn', 'https://i0.wp.com/himalayapalace.nl/wp-content/uploads/2020/03/Chicken_Vindaloo_Very_Hot.jpg?fit=1600%2C2000&ssl=1', 'Mains (Indian)');
 INSERT INTO MenuItems (res_id, food_id,price,name,description, imagepath, category) VALUES (15,8,5.67,'Lancashire cheese and peanut salad','A crunchy salad featuring lancashire cheese and peanut', 'https://c8.alamy.com/comp/D6F4KY/lancashire-cheese-and-pancetta-salad-D6F4KY.jpg', 'Appetizers');
 INSERT INTO MenuItems (res_id, food_id,price,name,description, imagepath, category) VALUES (15,9,24,'Kiwi fruit and paneer salad','A crisp salad featuring fresh kiwi fruit and fried paneer', 'https://c8.alamy.com/comp/D6F4KY/lancashire-cheese-and-pancetta-salad-D6F4KY.jpg', 'Appetizers');
 INSERT INTO MenuItems (res_id, food_id,price,name,description, imagepath, category) VALUES (15,10,10.23,'Bresaola and sausage penne','Fresh egg tubular pasta in a sauce made from bresaola and Cumberland sausage', 'https://live.staticflickr.com/908/40056093940_be0f1d2f36_b.jpg', 'Mains (Western)');

INSERT INTO MenuItems (res_id, food_id, price, name, description, imagepath, category) VALUES (16,1,21.3,'Flaxseed salad with tangerine dressing','A mouth-watering flaxseed salad served with tangerine dressing', 'https://cafedelites.com/wp-content/uploads/2016/08/Balsamic-Chicken-Avocado-Caprese-Salad-32.jpg', 'Appetizers');
 INSERT INTO MenuItems (res_id, food_id,price,name,description, imagepath, category) VALUES (16,2,21,'Nutmeg scones with tangerine jam','Fluffy, all-butter scones served with tangerine jam and fresh clotted cream', 'https://www.bbcgoodfood.com/sites/default/files/styles/recipe/public/recipe/recipe-image/2019/08/scones.jpg?itok=Lr3bXsFN', 'Sides');
 INSERT INTO MenuItems (res_id, food_id,price,name,description, imagepath, category) VALUES (16,3,19,'Potato and lime kebab','Skewer-cooked baby new potato and tangy lime served in warm pitta pockets', 'https://upload.wikimedia.org/wikipedia/commons/thumb/5/5b/Lula_kebab_2.jpg/1200px-Lula_kebab_2.jpg', 'Mains (International)');
 INSERT INTO MenuItems (res_id, food_id,price, name,description, imagepath, category) VALUES (16,4, 25.69,'Potato and hazelnut cake','Moist cake made with baby new potato and hazelnut', 'https://lh3.googleusercontent.com/proxy/198tobmRqh1XimIYcbwxe6ohUhhpMFNUhkep6FeICFFsFPYwIqzTY2C1y3to1bd2lsXD0e1ZDOLsN4WwcQd2PVHr7NTDRJKbeeWdcRTOVK0IU7dAFdmPMdu9RGIsoDF_ATQRKubHbXAVaC__plyW8Ig', 'Dessert');
 INSERT INTO MenuItems (res_id, food_id,price,name,description, imagepath, category) VALUES (16,5, 4.5,'Guava and lemon cheesecake','A velvety cheesecake layered with fresh guava and tangy lemon', 'https://i2.wp.com/www.cocoandash.com/wp-content/uploads/2019/08/IMG_0679.jpg?fit=2497%2C1664&ssl=1', 'Dessert');
 INSERT INTO MenuItems (res_id, food_id,price,name,description, imagepath, category) VALUES (16,6,13.42,'Ricotta and chicken dumplings','Thin pastry cases stuffed with ricotta and free range chicken', 'https://www.lemonsforlulu.com/wp-content/uploads/2017/08/Ricotta-Dumplings-2-720x720.jpg', 'Mains (Western)');
 INSERT INTO MenuItems (res_id, food_id,price,name,description, imagepath, category) VALUES (16,7,15.4,'Asafoetida and quorn vindaloo','Hot vindaloo made with asafoetida and quorn', 'https://i0.wp.com/himalayapalace.nl/wp-content/uploads/2020/03/Chicken_Vindaloo_Very_Hot.jpg?fit=1600%2C2000&ssl=1', 'Mains (Indian)');
 INSERT INTO MenuItems (res_id, food_id,price,name,description, imagepath, category) VALUES (16,8,5.67,'Lancashire cheese and peanut salad','A crunchy salad featuring lancashire cheese and peanut', 'https://c8.alamy.com/comp/D6F4KY/lancashire-cheese-and-pancetta-salad-D6F4KY.jpg', 'Appetizers');
 INSERT INTO MenuItems (res_id, food_id,price,name,description, imagepath, category) VALUES (16,9,24,'Kiwi fruit and paneer salad','A crisp salad featuring fresh kiwi fruit and fried paneer', 'https://c8.alamy.com/comp/D6F4KY/lancashire-cheese-and-pancetta-salad-D6F4KY.jpg', 'Appetizers');
 INSERT INTO MenuItems (res_id, food_id,price,name,description, imagepath, category) VALUES (16,10,10.23,'Bresaola and sausage penne','Fresh egg tubular pasta in a sauce made from bresaola and Cumberland sausage', 'https://live.staticflickr.com/908/40056093940_be0f1d2f36_b.jpg', 'Mains (Western)');

INSERT INTO MenuItems (res_id, food_id, price, name, description, imagepath, category) VALUES (17,1,21.3,'Flaxseed salad with tangerine dressing','A mouth-watering flaxseed salad served with tangerine dressing', 'https://cafedelites.com/wp-content/uploads/2016/08/Balsamic-Chicken-Avocado-Caprese-Salad-32.jpg', 'Appetizers');
 INSERT INTO MenuItems (res_id, food_id,price,name,description, imagepath, category) VALUES (17,2,21,'Nutmeg scones with tangerine jam','Fluffy, all-butter scones served with tangerine jam and fresh clotted cream', 'https://www.bbcgoodfood.com/sites/default/files/styles/recipe/public/recipe/recipe-image/2019/08/scones.jpg?itok=Lr3bXsFN', 'Sides');
 INSERT INTO MenuItems (res_id, food_id,price,name,description, imagepath, category) VALUES (17,3,19,'Potato and lime kebab','Skewer-cooked baby new potato and tangy lime served in warm pitta pockets', 'https://upload.wikimedia.org/wikipedia/commons/thumb/5/5b/Lula_kebab_2.jpg/1200px-Lula_kebab_2.jpg', 'Mains (International)');
 INSERT INTO MenuItems (res_id, food_id,price, name,description, imagepath, category) VALUES (17,4, 25.69,'Potato and hazelnut cake','Moist cake made with baby new potato and hazelnut', 'https://lh3.googleusercontent.com/proxy/198tobmRqh1XimIYcbwxe6ohUhhpMFNUhkep6FeICFFsFPYwIqzTY2C1y3to1bd2lsXD0e1ZDOLsN4WwcQd2PVHr7NTDRJKbeeWdcRTOVK0IU7dAFdmPMdu9RGIsoDF_ATQRKubHbXAVaC__plyW8Ig', 'Dessert');
 INSERT INTO MenuItems (res_id, food_id,price,name,description, imagepath, category) VALUES (17,5, 4.5,'Guava and lemon cheesecake','A velvety cheesecake layered with fresh guava and tangy lemon', 'https://i2.wp.com/www.cocoandash.com/wp-content/uploads/2019/08/IMG_0679.jpg?fit=2497%2C1664&ssl=1', 'Dessert');
 INSERT INTO MenuItems (res_id, food_id,price,name,description, imagepath, category) VALUES (17,6,13.42,'Ricotta and chicken dumplings','Thin pastry cases stuffed with ricotta and free range chicken', 'https://www.lemonsforlulu.com/wp-content/uploads/2017/08/Ricotta-Dumplings-2-720x720.jpg', 'Mains (Western)');
 INSERT INTO MenuItems (res_id, food_id,price,name,description, imagepath, category) VALUES (17,7,15.4,'Asafoetida and quorn vindaloo','Hot vindaloo made with asafoetida and quorn', 'https://i0.wp.com/himalayapalace.nl/wp-content/uploads/2020/03/Chicken_Vindaloo_Very_Hot.jpg?fit=1600%2C2000&ssl=1', 'Mains (Indian)');
 INSERT INTO MenuItems (res_id, food_id,price,name,description, imagepath, category) VALUES (17,8,5.67,'Lancashire cheese and peanut salad','A crunchy salad featuring lancashire cheese and peanut', 'https://c8.alamy.com/comp/D6F4KY/lancashire-cheese-and-pancetta-salad-D6F4KY.jpg', 'Appetizers');
 INSERT INTO MenuItems (res_id, food_id,price,name,description, imagepath, category) VALUES (17,9,24,'Kiwi fruit and paneer salad','A crisp salad featuring fresh kiwi fruit and fried paneer', 'https://c8.alamy.com/comp/D6F4KY/lancashire-cheese-and-pancetta-salad-D6F4KY.jpg', 'Appetizers');
 INSERT INTO MenuItems (res_id, food_id,price,name,description, imagepath, category) VALUES (17,10,10.23,'Bresaola and sausage penne','Fresh egg tubular pasta in a sauce made from bresaola and Cumberland sausage', 'https://live.staticflickr.com/908/40056093940_be0f1d2f36_b.jpg', 'Mains (Western)');

INSERT INTO MenuItems (res_id, food_id, price, name, description, imagepath, category) VALUES (18,1,21.3,'Flaxseed salad with tangerine dressing','A mouth-watering flaxseed salad served with tangerine dressing', 'https://cafedelites.com/wp-content/uploads/2016/08/Balsamic-Chicken-Avocado-Caprese-Salad-32.jpg', 'Appetizers');
 INSERT INTO MenuItems (res_id, food_id,price,name,description, imagepath, category) VALUES (18,2,21,'Nutmeg scones with tangerine jam','Fluffy, all-butter scones served with tangerine jam and fresh clotted cream', 'https://www.bbcgoodfood.com/sites/default/files/styles/recipe/public/recipe/recipe-image/2019/08/scones.jpg?itok=Lr3bXsFN', 'Sides');
 INSERT INTO MenuItems (res_id, food_id,price,name,description, imagepath, category) VALUES (18,3,19,'Potato and lime kebab','Skewer-cooked baby new potato and tangy lime served in warm pitta pockets', 'https://upload.wikimedia.org/wikipedia/commons/thumb/5/5b/Lula_kebab_2.jpg/1200px-Lula_kebab_2.jpg', 'Mains (International)');
 INSERT INTO MenuItems (res_id, food_id,price, name,description, imagepath, category) VALUES (18,4, 25.69,'Potato and hazelnut cake','Moist cake made with baby new potato and hazelnut', 'https://lh3.googleusercontent.com/proxy/198tobmRqh1XimIYcbwxe6ohUhhpMFNUhkep6FeICFFsFPYwIqzTY2C1y3to1bd2lsXD0e1ZDOLsN4WwcQd2PVHr7NTDRJKbeeWdcRTOVK0IU7dAFdmPMdu9RGIsoDF_ATQRKubHbXAVaC__plyW8Ig', 'Dessert');
 INSERT INTO MenuItems (res_id, food_id,price,name,description, imagepath, category) VALUES (18,5, 4.5,'Guava and lemon cheesecake','A velvety cheesecake layered with fresh guava and tangy lemon', 'https://i2.wp.com/www.cocoandash.com/wp-content/uploads/2019/08/IMG_0679.jpg?fit=2497%2C1664&ssl=1', 'Dessert');
 INSERT INTO MenuItems (res_id, food_id,price,name,description, imagepath, category) VALUES (18,6,13.42,'Ricotta and chicken dumplings','Thin pastry cases stuffed with ricotta and free range chicken', 'https://www.lemonsforlulu.com/wp-content/uploads/2017/08/Ricotta-Dumplings-2-720x720.jpg', 'Mains (Western)');
 INSERT INTO MenuItems (res_id, food_id,price,name,description, imagepath, category) VALUES (18,7,15.4,'Asafoetida and quorn vindaloo','Hot vindaloo made with asafoetida and quorn', 'https://i0.wp.com/himalayapalace.nl/wp-content/uploads/2020/03/Chicken_Vindaloo_Very_Hot.jpg?fit=1600%2C2000&ssl=1', 'Mains (Indian)');
 INSERT INTO MenuItems (res_id, food_id,price,name,description, imagepath, category) VALUES (18,8,5.67,'Lancashire cheese and peanut salad','A crunchy salad featuring lancashire cheese and peanut', 'https://c8.alamy.com/comp/D6F4KY/lancashire-cheese-and-pancetta-salad-D6F4KY.jpg', 'Appetizers');
 INSERT INTO MenuItems (res_id, food_id,price,name,description, imagepath, category) VALUES (18,9,24,'Kiwi fruit and paneer salad','A crisp salad featuring fresh kiwi fruit and fried paneer', 'https://c8.alamy.com/comp/D6F4KY/lancashire-cheese-and-pancetta-salad-D6F4KY.jpg', 'Appetizers');
 INSERT INTO MenuItems (res_id, food_id,price,name,description, imagepath, category) VALUES (18,10,10.23,'Bresaola and sausage penne','Fresh egg tubular pasta in a sauce made from bresaola and Cumberland sausage', 'https://live.staticflickr.com/908/40056093940_be0f1d2f36_b.jpg', 'Mains (Western)');

INSERT INTO MenuItems (res_id, food_id, price, name, description, imagepath, category) VALUES (19,1,21.3,'Flaxseed salad with tangerine dressing','A mouth-watering flaxseed salad served with tangerine dressing', 'https://cafedelites.com/wp-content/uploads/2016/08/Balsamic-Chicken-Avocado-Caprese-Salad-32.jpg', 'Appetizers');
 INSERT INTO MenuItems (res_id, food_id,price,name,description, imagepath, category) VALUES (19,2,21,'Nutmeg scones with tangerine jam','Fluffy, all-butter scones served with tangerine jam and fresh clotted cream', 'https://www.bbcgoodfood.com/sites/default/files/styles/recipe/public/recipe/recipe-image/2019/08/scones.jpg?itok=Lr3bXsFN', 'Sides');
 INSERT INTO MenuItems (res_id, food_id,price,name,description, imagepath, category) VALUES (19,3,19,'Potato and lime kebab','Skewer-cooked baby new potato and tangy lime served in warm pitta pockets', 'https://upload.wikimedia.org/wikipedia/commons/thumb/5/5b/Lula_kebab_2.jpg/1200px-Lula_kebab_2.jpg', 'Mains (International)');
 INSERT INTO MenuItems (res_id, food_id,price, name,description, imagepath, category) VALUES (19,4, 25.69,'Potato and hazelnut cake','Moist cake made with baby new potato and hazelnut', 'https://lh3.googleusercontent.com/proxy/198tobmRqh1XimIYcbwxe6ohUhhpMFNUhkep6FeICFFsFPYwIqzTY2C1y3to1bd2lsXD0e1ZDOLsN4WwcQd2PVHr7NTDRJKbeeWdcRTOVK0IU7dAFdmPMdu9RGIsoDF_ATQRKubHbXAVaC__plyW8Ig', 'Dessert');
 INSERT INTO MenuItems (res_id, food_id,price,name,description, imagepath, category) VALUES (19,5, 4.5,'Guava and lemon cheesecake','A velvety cheesecake layered with fresh guava and tangy lemon', 'https://i2.wp.com/www.cocoandash.com/wp-content/uploads/2019/08/IMG_0679.jpg?fit=2497%2C1664&ssl=1', 'Dessert');
 INSERT INTO MenuItems (res_id, food_id,price,name,description, imagepath, category) VALUES (19,6,13.42,'Ricotta and chicken dumplings','Thin pastry cases stuffed with ricotta and free range chicken', 'https://www.lemonsforlulu.com/wp-content/uploads/2017/08/Ricotta-Dumplings-2-720x720.jpg', 'Mains (Western)');
 INSERT INTO MenuItems (res_id, food_id,price,name,description, imagepath, category) VALUES (19,7,15.4,'Asafoetida and quorn vindaloo','Hot vindaloo made with asafoetida and quorn', 'https://i0.wp.com/himalayapalace.nl/wp-content/uploads/2020/03/Chicken_Vindaloo_Very_Hot.jpg?fit=1600%2C2000&ssl=1', 'Mains (Indian)');
 INSERT INTO MenuItems (res_id, food_id,price,name,description, imagepath, category) VALUES (19,8,5.67,'Lancashire cheese and peanut salad','A crunchy salad featuring lancashire cheese and peanut', 'https://c8.alamy.com/comp/D6F4KY/lancashire-cheese-and-pancetta-salad-D6F4KY.jpg', 'Appetizers');
 INSERT INTO MenuItems (res_id, food_id,price,name,description, imagepath, category) VALUES (19,9,24,'Kiwi fruit and paneer salad','A crisp salad featuring fresh kiwi fruit and fried paneer', 'https://c8.alamy.com/comp/D6F4KY/lancashire-cheese-and-pancetta-salad-D6F4KY.jpg', 'Appetizers');
 INSERT INTO MenuItems (res_id, food_id,price,name,description, imagepath, category) VALUES (19,10,10.23,'Bresaola and sausage penne','Fresh egg tubular pasta in a sauce made from bresaola and Cumberland sausage', 'https://live.staticflickr.com/908/40056093940_be0f1d2f36_b.jpg', 'Mains (Western)');

INSERT INTO MenuItems (res_id, food_id, price, name, description, imagepath, category) VALUES (20,1,21.3,'Flaxseed salad with tangerine dressing','A mouth-watering flaxseed salad served with tangerine dressing', 'https://cafedelites.com/wp-content/uploads/2016/08/Balsamic-Chicken-Avocado-Caprese-Salad-32.jpg', 'Appetizers');
 INSERT INTO MenuItems (res_id, food_id,price,name,description, imagepath, category) VALUES (20,2,21,'Nutmeg scones with tangerine jam','Fluffy, all-butter scones served with tangerine jam and fresh clotted cream', 'https://www.bbcgoodfood.com/sites/default/files/styles/recipe/public/recipe/recipe-image/2019/08/scones.jpg?itok=Lr3bXsFN', 'Sides');
 INSERT INTO MenuItems (res_id, food_id,price,name,description, imagepath, category) VALUES (20,3,19,'Potato and lime kebab','Skewer-cooked baby new potato and tangy lime served in warm pitta pockets', 'https://upload.wikimedia.org/wikipedia/commons/thumb/5/5b/Lula_kebab_2.jpg/1200px-Lula_kebab_2.jpg', 'Mains (International)');
 INSERT INTO MenuItems (res_id, food_id,price, name,description, imagepath, category) VALUES (20,4, 25.69,'Potato and hazelnut cake','Moist cake made with baby new potato and hazelnut', 'https://lh3.googleusercontent.com/proxy/198tobmRqh1XimIYcbwxe6ohUhhpMFNUhkep6FeICFFsFPYwIqzTY2C1y3to1bd2lsXD0e1ZDOLsN4WwcQd2PVHr7NTDRJKbeeWdcRTOVK0IU7dAFdmPMdu9RGIsoDF_ATQRKubHbXAVaC__plyW8Ig', 'Dessert');
 INSERT INTO MenuItems (res_id, food_id,price,name,description, imagepath, category) VALUES (20,5, 4.5,'Guava and lemon cheesecake','A velvety cheesecake layered with fresh guava and tangy lemon', 'https://i2.wp.com/www.cocoandash.com/wp-content/uploads/2019/08/IMG_0679.jpg?fit=2497%2C1664&ssl=1', 'Dessert');
 INSERT INTO MenuItems (res_id, food_id,price,name,description, imagepath, category) VALUES (20,6,13.42,'Ricotta and chicken dumplings','Thin pastry cases stuffed with ricotta and free range chicken', 'https://www.lemonsforlulu.com/wp-content/uploads/2017/08/Ricotta-Dumplings-2-720x720.jpg', 'Mains (Western)');
 INSERT INTO MenuItems (res_id, food_id,price,name,description, imagepath, category) VALUES (20,7,15.4,'Asafoetida and quorn vindaloo','Hot vindaloo made with asafoetida and quorn', 'https://i0.wp.com/himalayapalace.nl/wp-content/uploads/2020/03/Chicken_Vindaloo_Very_Hot.jpg?fit=1600%2C2000&ssl=1', 'Mains (Indian)');
 INSERT INTO MenuItems (res_id, food_id,price,name,description, imagepath, category) VALUES (20,8,5.67,'Lancashire cheese and peanut salad','A crunchy salad featuring lancashire cheese and peanut', 'https://c8.alamy.com/comp/D6F4KY/lancashire-cheese-and-pancetta-salad-D6F4KY.jpg', 'Appetizers');
 INSERT INTO MenuItems (res_id, food_id,price,name,description, imagepath, category) VALUES (20,9,24,'Kiwi fruit and paneer salad','A crisp salad featuring fresh kiwi fruit and fried paneer', 'https://c8.alamy.com/comp/D6F4KY/lancashire-cheese-and-pancetta-salad-D6F4KY.jpg', 'Appetizers');
 INSERT INTO MenuItems (res_id, food_id,price,name,description, imagepath, category) VALUES (20,10,10.23,'Bresaola and sausage penne','Fresh egg tubular pasta in a sauce made from bresaola and Cumberland sausage', 'https://live.staticflickr.com/908/40056093940_be0f1d2f36_b.jpg', 'Mains (Western)');

INSERT INTO MenuItems (res_id, food_id, price, name, description, imagepath, category) VALUES (21,1,21.3,'Flaxseed salad with tangerine dressing','A mouth-watering flaxseed salad served with tangerine dressing', 'https://cafedelites.com/wp-content/uploads/2016/08/Balsamic-Chicken-Avocado-Caprese-Salad-32.jpg', 'Appetizers');
 INSERT INTO MenuItems (res_id, food_id,price,name,description, imagepath, category) VALUES (21,2,21,'Nutmeg scones with tangerine jam','Fluffy, all-butter scones served with tangerine jam and fresh clotted cream', 'https://www.bbcgoodfood.com/sites/default/files/styles/recipe/public/recipe/recipe-image/2019/08/scones.jpg?itok=Lr3bXsFN', 'Sides');
 INSERT INTO MenuItems (res_id, food_id,price,name,description, imagepath, category) VALUES (21,3,19,'Potato and lime kebab','Skewer-cooked baby new potato and tangy lime served in warm pitta pockets', 'https://upload.wikimedia.org/wikipedia/commons/thumb/5/5b/Lula_kebab_2.jpg/1200px-Lula_kebab_2.jpg', 'Mains (International)');
 INSERT INTO MenuItems (res_id, food_id,price, name,description, imagepath, category) VALUES (21,4, 25.69,'Potato and hazelnut cake','Moist cake made with baby new potato and hazelnut', 'https://lh3.googleusercontent.com/proxy/198tobmRqh1XimIYcbwxe6ohUhhpMFNUhkep6FeICFFsFPYwIqzTY2C1y3to1bd2lsXD0e1ZDOLsN4WwcQd2PVHr7NTDRJKbeeWdcRTOVK0IU7dAFdmPMdu9RGIsoDF_ATQRKubHbXAVaC__plyW8Ig', 'Dessert');
 INSERT INTO MenuItems (res_id, food_id,price,name,description, imagepath, category) VALUES (21,5, 4.5,'Guava and lemon cheesecake','A velvety cheesecake layered with fresh guava and tangy lemon', 'https://i2.wp.com/www.cocoandash.com/wp-content/uploads/2019/08/IMG_0679.jpg?fit=2497%2C1664&ssl=1', 'Dessert');
 INSERT INTO MenuItems (res_id, food_id,price,name,description, imagepath, category) VALUES (21,6,13.42,'Ricotta and chicken dumplings','Thin pastry cases stuffed with ricotta and free range chicken', 'https://www.lemonsforlulu.com/wp-content/uploads/2017/08/Ricotta-Dumplings-2-720x720.jpg', 'Mains (Western)');
 INSERT INTO MenuItems (res_id, food_id,price,name,description, imagepath, category) VALUES (21,7,15.4,'Asafoetida and quorn vindaloo','Hot vindaloo made with asafoetida and quorn', 'https://i0.wp.com/himalayapalace.nl/wp-content/uploads/2020/03/Chicken_Vindaloo_Very_Hot.jpg?fit=1600%2C2000&ssl=1', 'Mains (Indian)');
 INSERT INTO MenuItems (res_id, food_id,price,name,description, imagepath, category) VALUES (21,8,5.67,'Lancashire cheese and peanut salad','A crunchy salad featuring lancashire cheese and peanut', 'https://c8.alamy.com/comp/D6F4KY/lancashire-cheese-and-pancetta-salad-D6F4KY.jpg', 'Appetizers');
 INSERT INTO MenuItems (res_id, food_id,price,name,description, imagepath, category) VALUES (21,9,24,'Kiwi fruit and paneer salad','A crisp salad featuring fresh kiwi fruit and fried paneer', 'https://c8.alamy.com/comp/D6F4KY/lancashire-cheese-and-pancetta-salad-D6F4KY.jpg', 'Appetizers');
 INSERT INTO MenuItems (res_id, food_id,price,name,description, imagepath, category) VALUES (21,10,10.23,'Bresaola and sausage penne','Fresh egg tubular pasta in a sauce made from bresaola and Cumberland sausage', 'https://live.staticflickr.com/908/40056093940_be0f1d2f36_b.jpg', 'Mains (Western)');

INSERT INTO MenuItems (res_id, food_id, price, name, description, imagepath, category) VALUES (22,1,21.3,'Flaxseed salad with tangerine dressing','A mouth-watering flaxseed salad served with tangerine dressing', 'https://cafedelites.com/wp-content/uploads/2016/08/Balsamic-Chicken-Avocado-Caprese-Salad-32.jpg', 'Appetizers');
 INSERT INTO MenuItems (res_id, food_id,price,name,description, imagepath, category) VALUES (22,2,21,'Nutmeg scones with tangerine jam','Fluffy, all-butter scones served with tangerine jam and fresh clotted cream', 'https://www.bbcgoodfood.com/sites/default/files/styles/recipe/public/recipe/recipe-image/2019/08/scones.jpg?itok=Lr3bXsFN', 'Sides');
 INSERT INTO MenuItems (res_id, food_id,price,name,description, imagepath, category) VALUES (22,3,19,'Potato and lime kebab','Skewer-cooked baby new potato and tangy lime served in warm pitta pockets', 'https://upload.wikimedia.org/wikipedia/commons/thumb/5/5b/Lula_kebab_2.jpg/1200px-Lula_kebab_2.jpg', 'Mains (International)');
 INSERT INTO MenuItems (res_id, food_id,price, name,description, imagepath, category) VALUES (22,4, 25.69,'Potato and hazelnut cake','Moist cake made with baby new potato and hazelnut', 'https://lh3.googleusercontent.com/proxy/198tobmRqh1XimIYcbwxe6ohUhhpMFNUhkep6FeICFFsFPYwIqzTY2C1y3to1bd2lsXD0e1ZDOLsN4WwcQd2PVHr7NTDRJKbeeWdcRTOVK0IU7dAFdmPMdu9RGIsoDF_ATQRKubHbXAVaC__plyW8Ig', 'Dessert');
 INSERT INTO MenuItems (res_id, food_id,price,name,description, imagepath, category) VALUES (22,5, 4.5,'Guava and lemon cheesecake','A velvety cheesecake layered with fresh guava and tangy lemon', 'https://i2.wp.com/www.cocoandash.com/wp-content/uploads/2019/08/IMG_0679.jpg?fit=2497%2C1664&ssl=1', 'Dessert');
 INSERT INTO MenuItems (res_id, food_id,price,name,description, imagepath, category) VALUES (22,6,13.42,'Ricotta and chicken dumplings','Thin pastry cases stuffed with ricotta and free range chicken', 'https://www.lemonsforlulu.com/wp-content/uploads/2017/08/Ricotta-Dumplings-2-720x720.jpg', 'Mains (Western)');
 INSERT INTO MenuItems (res_id, food_id,price,name,description, imagepath, category) VALUES (22,7,15.4,'Asafoetida and quorn vindaloo','Hot vindaloo made with asafoetida and quorn', 'https://i0.wp.com/himalayapalace.nl/wp-content/uploads/2020/03/Chicken_Vindaloo_Very_Hot.jpg?fit=1600%2C2000&ssl=1', 'Mains (Indian)');
 INSERT INTO MenuItems (res_id, food_id,price,name,description, imagepath, category) VALUES (22,8,5.67,'Lancashire cheese and peanut salad','A crunchy salad featuring lancashire cheese and peanut', 'https://c8.alamy.com/comp/D6F4KY/lancashire-cheese-and-pancetta-salad-D6F4KY.jpg', 'Appetizers');
 INSERT INTO MenuItems (res_id, food_id,price,name,description, imagepath, category) VALUES (22,9,24,'Kiwi fruit and paneer salad','A crisp salad featuring fresh kiwi fruit and fried paneer', 'https://c8.alamy.com/comp/D6F4KY/lancashire-cheese-and-pancetta-salad-D6F4KY.jpg', 'Appetizers');
 INSERT INTO MenuItems (res_id, food_id,price,name,description, imagepath, category) VALUES (22,10,10.23,'Bresaola and sausage penne','Fresh egg tubular pasta in a sauce made from bresaola and Cumberland sausage', 'https://live.staticflickr.com/908/40056093940_be0f1d2f36_b.jpg', 'Mains (Western)');

INSERT INTO MenuItems (res_id, food_id, price, name, description, imagepath, category) VALUES (23,1,21.3,'Flaxseed salad with tangerine dressing','A mouth-watering flaxseed salad served with tangerine dressing', 'https://cafedelites.com/wp-content/uploads/2016/08/Balsamic-Chicken-Avocado-Caprese-Salad-32.jpg', 'Appetizers');
 INSERT INTO MenuItems (res_id, food_id,price,name,description, imagepath, category) VALUES (23,2,21,'Nutmeg scones with tangerine jam','Fluffy, all-butter scones served with tangerine jam and fresh clotted cream', 'https://www.bbcgoodfood.com/sites/default/files/styles/recipe/public/recipe/recipe-image/2019/08/scones.jpg?itok=Lr3bXsFN', 'Sides');
 INSERT INTO MenuItems (res_id, food_id,price,name,description, imagepath, category) VALUES (23,3,19,'Potato and lime kebab','Skewer-cooked baby new potato and tangy lime served in warm pitta pockets', 'https://upload.wikimedia.org/wikipedia/commons/thumb/5/5b/Lula_kebab_2.jpg/1200px-Lula_kebab_2.jpg', 'Mains (International)');
 INSERT INTO MenuItems (res_id, food_id,price, name,description, imagepath, category) VALUES (23,4, 25.69,'Potato and hazelnut cake','Moist cake made with baby new potato and hazelnut', 'https://lh3.googleusercontent.com/proxy/198tobmRqh1XimIYcbwxe6ohUhhpMFNUhkep6FeICFFsFPYwIqzTY2C1y3to1bd2lsXD0e1ZDOLsN4WwcQd2PVHr7NTDRJKbeeWdcRTOVK0IU7dAFdmPMdu9RGIsoDF_ATQRKubHbXAVaC__plyW8Ig', 'Dessert');
 INSERT INTO MenuItems (res_id, food_id,price,name,description, imagepath, category) VALUES (23,5, 4.5,'Guava and lemon cheesecake','A velvety cheesecake layered with fresh guava and tangy lemon', 'https://i2.wp.com/www.cocoandash.com/wp-content/uploads/2019/08/IMG_0679.jpg?fit=2497%2C1664&ssl=1', 'Dessert');
 INSERT INTO MenuItems (res_id, food_id,price,name,description, imagepath, category) VALUES (23,6,13.42,'Ricotta and chicken dumplings','Thin pastry cases stuffed with ricotta and free range chicken', 'https://www.lemonsforlulu.com/wp-content/uploads/2017/08/Ricotta-Dumplings-2-720x720.jpg', 'Mains (Western)');
 INSERT INTO MenuItems (res_id, food_id,price,name,description, imagepath, category) VALUES (23,7,15.4,'Asafoetida and quorn vindaloo','Hot vindaloo made with asafoetida and quorn', 'https://i0.wp.com/himalayapalace.nl/wp-content/uploads/2020/03/Chicken_Vindaloo_Very_Hot.jpg?fit=1600%2C2000&ssl=1', 'Mains (Indian)');
 INSERT INTO MenuItems (res_id, food_id,price,name,description, imagepath, category) VALUES (23,8,5.67,'Lancashire cheese and peanut salad','A crunchy salad featuring lancashire cheese and peanut', 'https://c8.alamy.com/comp/D6F4KY/lancashire-cheese-and-pancetta-salad-D6F4KY.jpg', 'Appetizers');
 INSERT INTO MenuItems (res_id, food_id,price,name,description, imagepath, category) VALUES (23,9,24,'Kiwi fruit and paneer salad','A crisp salad featuring fresh kiwi fruit and fried paneer', 'https://c8.alamy.com/comp/D6F4KY/lancashire-cheese-and-pancetta-salad-D6F4KY.jpg', 'Appetizers');
 INSERT INTO MenuItems (res_id, food_id,price,name,description, imagepath, category) VALUES (23,10,10.23,'Bresaola and sausage penne','Fresh egg tubular pasta in a sauce made from bresaola and Cumberland sausage', 'https://live.staticflickr.com/908/40056093940_be0f1d2f36_b.jpg', 'Mains (Western)');

INSERT INTO MenuItems (res_id, food_id, price, name, description, imagepath, category) VALUES (24,1,21.3,'Flaxseed salad with tangerine dressing','A mouth-watering flaxseed salad served with tangerine dressing', 'https://cafedelites.com/wp-content/uploads/2016/08/Balsamic-Chicken-Avocado-Caprese-Salad-32.jpg', 'Appetizers');
 INSERT INTO MenuItems (res_id, food_id,price,name,description, imagepath, category) VALUES (24,2,21,'Nutmeg scones with tangerine jam','Fluffy, all-butter scones served with tangerine jam and fresh clotted cream', 'https://www.bbcgoodfood.com/sites/default/files/styles/recipe/public/recipe/recipe-image/2019/08/scones.jpg?itok=Lr3bXsFN', 'Sides');
 INSERT INTO MenuItems (res_id, food_id,price,name,description, imagepath, category) VALUES (24,3,19,'Potato and lime kebab','Skewer-cooked baby new potato and tangy lime served in warm pitta pockets', 'https://upload.wikimedia.org/wikipedia/commons/thumb/5/5b/Lula_kebab_2.jpg/1200px-Lula_kebab_2.jpg', 'Mains (International)');
 INSERT INTO MenuItems (res_id, food_id,price, name,description, imagepath, category) VALUES (24,4, 25.69,'Potato and hazelnut cake','Moist cake made with baby new potato and hazelnut', 'https://lh3.googleusercontent.com/proxy/198tobmRqh1XimIYcbwxe6ohUhhpMFNUhkep6FeICFFsFPYwIqzTY2C1y3to1bd2lsXD0e1ZDOLsN4WwcQd2PVHr7NTDRJKbeeWdcRTOVK0IU7dAFdmPMdu9RGIsoDF_ATQRKubHbXAVaC__plyW8Ig', 'Dessert');
 INSERT INTO MenuItems (res_id, food_id,price,name,description, imagepath, category) VALUES (24,5, 4.5,'Guava and lemon cheesecake','A velvety cheesecake layered with fresh guava and tangy lemon', 'https://i2.wp.com/www.cocoandash.com/wp-content/uploads/2019/08/IMG_0679.jpg?fit=2497%2C1664&ssl=1', 'Dessert');
 INSERT INTO MenuItems (res_id, food_id,price,name,description, imagepath, category) VALUES (24,6,13.42,'Ricotta and chicken dumplings','Thin pastry cases stuffed with ricotta and free range chicken', 'https://www.lemonsforlulu.com/wp-content/uploads/2017/08/Ricotta-Dumplings-2-720x720.jpg', 'Mains (Western)');
 INSERT INTO MenuItems (res_id, food_id,price,name,description, imagepath, category) VALUES (24,7,15.4,'Asafoetida and quorn vindaloo','Hot vindaloo made with asafoetida and quorn', 'https://i0.wp.com/himalayapalace.nl/wp-content/uploads/2020/03/Chicken_Vindaloo_Very_Hot.jpg?fit=1600%2C2000&ssl=1', 'Mains (Indian)');
 INSERT INTO MenuItems (res_id, food_id,price,name,description, imagepath, category) VALUES (24,8,5.67,'Lancashire cheese and peanut salad','A crunchy salad featuring lancashire cheese and peanut', 'https://c8.alamy.com/comp/D6F4KY/lancashire-cheese-and-pancetta-salad-D6F4KY.jpg', 'Appetizers');
 INSERT INTO MenuItems (res_id, food_id,price,name,description, imagepath, category) VALUES (24,9,24,'Kiwi fruit and paneer salad','A crisp salad featuring fresh kiwi fruit and fried paneer', 'https://c8.alamy.com/comp/D6F4KY/lancashire-cheese-and-pancetta-salad-D6F4KY.jpg', 'Appetizers');
 INSERT INTO MenuItems (res_id, food_id,price,name,description, imagepath, category) VALUES (24,10,10.23,'Bresaola and sausage penne','Fresh egg tubular pasta in a sauce made from bresaola and Cumberland sausage', 'https://live.staticflickr.com/908/40056093940_be0f1d2f36_b.jpg', 'Mains (Western)');

INSERT INTO MenuItems (res_id, food_id, price, name, description, imagepath, category) VALUES (25,1,21.3,'Flaxseed salad with tangerine dressing','A mouth-watering flaxseed salad served with tangerine dressing', 'https://cafedelites.com/wp-content/uploads/2016/08/Balsamic-Chicken-Avocado-Caprese-Salad-32.jpg', 'Appetizers');
 INSERT INTO MenuItems (res_id, food_id,price,name,description, imagepath, category) VALUES (25,2,21,'Nutmeg scones with tangerine jam','Fluffy, all-butter scones served with tangerine jam and fresh clotted cream', 'https://www.bbcgoodfood.com/sites/default/files/styles/recipe/public/recipe/recipe-image/2019/08/scones.jpg?itok=Lr3bXsFN', 'Sides');
 INSERT INTO MenuItems (res_id, food_id,price,name,description, imagepath, category) VALUES (25,3,19,'Potato and lime kebab','Skewer-cooked baby new potato and tangy lime served in warm pitta pockets', 'https://upload.wikimedia.org/wikipedia/commons/thumb/5/5b/Lula_kebab_2.jpg/1200px-Lula_kebab_2.jpg', 'Mains (International)');
 INSERT INTO MenuItems (res_id, food_id,price, name,description, imagepath, category) VALUES (25,4, 25.69,'Potato and hazelnut cake','Moist cake made with baby new potato and hazelnut', 'https://lh3.googleusercontent.com/proxy/198tobmRqh1XimIYcbwxe6ohUhhpMFNUhkep6FeICFFsFPYwIqzTY2C1y3to1bd2lsXD0e1ZDOLsN4WwcQd2PVHr7NTDRJKbeeWdcRTOVK0IU7dAFdmPMdu9RGIsoDF_ATQRKubHbXAVaC__plyW8Ig', 'Dessert');
 INSERT INTO MenuItems (res_id, food_id,price,name,description, imagepath, category) VALUES (25,5, 4.5,'Guava and lemon cheesecake','A velvety cheesecake layered with fresh guava and tangy lemon', 'https://i2.wp.com/www.cocoandash.com/wp-content/uploads/2019/08/IMG_0679.jpg?fit=2497%2C1664&ssl=1', 'Dessert');
 INSERT INTO MenuItems (res_id, food_id,price,name,description, imagepath, category) VALUES (25,6,13.42,'Ricotta and chicken dumplings','Thin pastry cases stuffed with ricotta and free range chicken', 'https://www.lemonsforlulu.com/wp-content/uploads/2017/08/Ricotta-Dumplings-2-720x720.jpg', 'Mains (Western)');
 INSERT INTO MenuItems (res_id, food_id,price,name,description, imagepath, category) VALUES (25,7,15.4,'Asafoetida and quorn vindaloo','Hot vindaloo made with asafoetida and quorn', 'https://i0.wp.com/himalayapalace.nl/wp-content/uploads/2020/03/Chicken_Vindaloo_Very_Hot.jpg?fit=1600%2C2000&ssl=1', 'Mains (Indian)');
 INSERT INTO MenuItems (res_id, food_id,price,name,description, imagepath, category) VALUES (25,8,5.67,'Lancashire cheese and peanut salad','A crunchy salad featuring lancashire cheese and peanut', 'https://c8.alamy.com/comp/D6F4KY/lancashire-cheese-and-pancetta-salad-D6F4KY.jpg', 'Appetizers');
 INSERT INTO MenuItems (res_id, food_id,price,name,description, imagepath, category) VALUES (25,9,24,'Kiwi fruit and paneer salad','A crisp salad featuring fresh kiwi fruit and fried paneer', 'https://c8.alamy.com/comp/D6F4KY/lancashire-cheese-and-pancetta-salad-D6F4KY.jpg', 'Appetizers');
 INSERT INTO MenuItems (res_id, food_id,price,name,description, imagepath, category) VALUES (25,10,10.23,'Bresaola and sausage penne','Fresh egg tubular pasta in a sauce made from bresaola and Cumberland sausage', 'https://live.staticflickr.com/908/40056093940_be0f1d2f36_b.jpg', 'Mains (Western)');

INSERT INTO MenuItems (res_id, food_id, price, name, description, imagepath, category) VALUES (26,1,21.3,'Flaxseed salad with tangerine dressing','A mouth-watering flaxseed salad served with tangerine dressing', 'https://cafedelites.com/wp-content/uploads/2016/08/Balsamic-Chicken-Avocado-Caprese-Salad-32.jpg', 'Appetizers');
 INSERT INTO MenuItems (res_id, food_id,price,name,description, imagepath, category) VALUES (26,2,21,'Nutmeg scones with tangerine jam','Fluffy, all-butter scones served with tangerine jam and fresh clotted cream', 'https://www.bbcgoodfood.com/sites/default/files/styles/recipe/public/recipe/recipe-image/2019/08/scones.jpg?itok=Lr3bXsFN', 'Sides');
 INSERT INTO MenuItems (res_id, food_id,price,name,description, imagepath, category) VALUES (26,3,19,'Potato and lime kebab','Skewer-cooked baby new potato and tangy lime served in warm pitta pockets', 'https://upload.wikimedia.org/wikipedia/commons/thumb/5/5b/Lula_kebab_2.jpg/1200px-Lula_kebab_2.jpg', 'Mains (International)');
 INSERT INTO MenuItems (res_id, food_id,price, name,description, imagepath, category) VALUES (26,4, 25.69,'Potato and hazelnut cake','Moist cake made with baby new potato and hazelnut', 'https://lh3.googleusercontent.com/proxy/198tobmRqh1XimIYcbwxe6ohUhhpMFNUhkep6FeICFFsFPYwIqzTY2C1y3to1bd2lsXD0e1ZDOLsN4WwcQd2PVHr7NTDRJKbeeWdcRTOVK0IU7dAFdmPMdu9RGIsoDF_ATQRKubHbXAVaC__plyW8Ig', 'Dessert');
 INSERT INTO MenuItems (res_id, food_id,price,name,description, imagepath, category) VALUES (26,5, 4.5,'Guava and lemon cheesecake','A velvety cheesecake layered with fresh guava and tangy lemon', 'https://i2.wp.com/www.cocoandash.com/wp-content/uploads/2019/08/IMG_0679.jpg?fit=2497%2C1664&ssl=1', 'Dessert');
 INSERT INTO MenuItems (res_id, food_id,price,name,description, imagepath, category) VALUES (26,6,13.42,'Ricotta and chicken dumplings','Thin pastry cases stuffed with ricotta and free range chicken', 'https://www.lemonsforlulu.com/wp-content/uploads/2017/08/Ricotta-Dumplings-2-720x720.jpg', 'Mains (Western)');
 INSERT INTO MenuItems (res_id, food_id,price,name,description, imagepath, category) VALUES (26,7,15.4,'Asafoetida and quorn vindaloo','Hot vindaloo made with asafoetida and quorn', 'https://i0.wp.com/himalayapalace.nl/wp-content/uploads/2020/03/Chicken_Vindaloo_Very_Hot.jpg?fit=1600%2C2000&ssl=1', 'Mains (Indian)');
 INSERT INTO MenuItems (res_id, food_id,price,name,description, imagepath, category) VALUES (26,8,5.67,'Lancashire cheese and peanut salad','A crunchy salad featuring lancashire cheese and peanut', 'https://c8.alamy.com/comp/D6F4KY/lancashire-cheese-and-pancetta-salad-D6F4KY.jpg', 'Appetizers');
 INSERT INTO MenuItems (res_id, food_id,price,name,description, imagepath, category) VALUES (26,9,24,'Kiwi fruit and paneer salad','A crisp salad featuring fresh kiwi fruit and fried paneer', 'https://c8.alamy.com/comp/D6F4KY/lancashire-cheese-and-pancetta-salad-D6F4KY.jpg', 'Appetizers');
 INSERT INTO MenuItems (res_id, food_id,price,name,description, imagepath, category) VALUES (26,10,10.23,'Bresaola and sausage penne','Fresh egg tubular pasta in a sauce made from bresaola and Cumberland sausage', 'https://live.staticflickr.com/908/40056093940_be0f1d2f36_b.jpg', 'Mains (Western)');

INSERT INTO MenuItems (res_id, food_id, price, name, description, imagepath, category) VALUES (27,1,21.3,'Flaxseed salad with tangerine dressing','A mouth-watering flaxseed salad served with tangerine dressing', 'https://cafedelites.com/wp-content/uploads/2016/08/Balsamic-Chicken-Avocado-Caprese-Salad-32.jpg', 'Appetizers');
 INSERT INTO MenuItems (res_id, food_id,price,name,description, imagepath, category) VALUES (27,2,21,'Nutmeg scones with tangerine jam','Fluffy, all-butter scones served with tangerine jam and fresh clotted cream', 'https://www.bbcgoodfood.com/sites/default/files/styles/recipe/public/recipe/recipe-image/2019/08/scones.jpg?itok=Lr3bXsFN', 'Sides');
 INSERT INTO MenuItems (res_id, food_id,price,name,description, imagepath, category) VALUES (27,3,19,'Potato and lime kebab','Skewer-cooked baby new potato and tangy lime served in warm pitta pockets', 'https://upload.wikimedia.org/wikipedia/commons/thumb/5/5b/Lula_kebab_2.jpg/1200px-Lula_kebab_2.jpg', 'Mains (International)');
 INSERT INTO MenuItems (res_id, food_id,price, name,description, imagepath, category) VALUES (27,4, 25.69,'Potato and hazelnut cake','Moist cake made with baby new potato and hazelnut', 'https://lh3.googleusercontent.com/proxy/198tobmRqh1XimIYcbwxe6ohUhhpMFNUhkep6FeICFFsFPYwIqzTY2C1y3to1bd2lsXD0e1ZDOLsN4WwcQd2PVHr7NTDRJKbeeWdcRTOVK0IU7dAFdmPMdu9RGIsoDF_ATQRKubHbXAVaC__plyW8Ig', 'Dessert');
 INSERT INTO MenuItems (res_id, food_id,price,name,description, imagepath, category) VALUES (27,5, 4.5,'Guava and lemon cheesecake','A velvety cheesecake layered with fresh guava and tangy lemon', 'https://i2.wp.com/www.cocoandash.com/wp-content/uploads/2019/08/IMG_0679.jpg?fit=2497%2C1664&ssl=1', 'Dessert');
 INSERT INTO MenuItems (res_id, food_id,price,name,description, imagepath, category) VALUES (27,6,13.42,'Ricotta and chicken dumplings','Thin pastry cases stuffed with ricotta and free range chicken', 'https://www.lemonsforlulu.com/wp-content/uploads/2017/08/Ricotta-Dumplings-2-720x720.jpg', 'Mains (Western)');
 INSERT INTO MenuItems (res_id, food_id,price,name,description, imagepath, category) VALUES (27,7,15.4,'Asafoetida and quorn vindaloo','Hot vindaloo made with asafoetida and quorn', 'https://i0.wp.com/himalayapalace.nl/wp-content/uploads/2020/03/Chicken_Vindaloo_Very_Hot.jpg?fit=1600%2C2000&ssl=1', 'Mains (Indian)');
 INSERT INTO MenuItems (res_id, food_id,price,name,description, imagepath, category) VALUES (27,8,5.67,'Lancashire cheese and peanut salad','A crunchy salad featuring lancashire cheese and peanut', 'https://c8.alamy.com/comp/D6F4KY/lancashire-cheese-and-pancetta-salad-D6F4KY.jpg', 'Appetizers');
 INSERT INTO MenuItems (res_id, food_id,price,name,description, imagepath, category) VALUES (27,9,24,'Kiwi fruit and paneer salad','A crisp salad featuring fresh kiwi fruit and fried paneer', 'https://c8.alamy.com/comp/D6F4KY/lancashire-cheese-and-pancetta-salad-D6F4KY.jpg', 'Appetizers');
 INSERT INTO MenuItems (res_id, food_id,price,name,description, imagepath, category) VALUES (27,10,10.23,'Bresaola and sausage penne','Fresh egg tubular pasta in a sauce made from bresaola and Cumberland sausage', 'https://live.staticflickr.com/908/40056093940_be0f1d2f36_b.jpg', 'Mains (Western)');

INSERT INTO MenuItems (res_id, food_id, price, name, description, imagepath, category) VALUES (28,1,21.3,'Flaxseed salad with tangerine dressing','A mouth-watering flaxseed salad served with tangerine dressing', 'https://cafedelites.com/wp-content/uploads/2016/08/Balsamic-Chicken-Avocado-Caprese-Salad-32.jpg', 'Appetizers');
 INSERT INTO MenuItems (res_id, food_id,price,name,description, imagepath, category) VALUES (28,2,21,'Nutmeg scones with tangerine jam','Fluffy, all-butter scones served with tangerine jam and fresh clotted cream', 'https://www.bbcgoodfood.com/sites/default/files/styles/recipe/public/recipe/recipe-image/2019/08/scones.jpg?itok=Lr3bXsFN', 'Sides');
 INSERT INTO MenuItems (res_id, food_id,price,name,description, imagepath, category) VALUES (28,3,19,'Potato and lime kebab','Skewer-cooked baby new potato and tangy lime served in warm pitta pockets', 'https://upload.wikimedia.org/wikipedia/commons/thumb/5/5b/Lula_kebab_2.jpg/1200px-Lula_kebab_2.jpg', 'Mains (International)');
 INSERT INTO MenuItems (res_id, food_id,price, name,description, imagepath, category) VALUES (28,4, 25.69,'Potato and hazelnut cake','Moist cake made with baby new potato and hazelnut', 'https://lh3.googleusercontent.com/proxy/198tobmRqh1XimIYcbwxe6ohUhhpMFNUhkep6FeICFFsFPYwIqzTY2C1y3to1bd2lsXD0e1ZDOLsN4WwcQd2PVHr7NTDRJKbeeWdcRTOVK0IU7dAFdmPMdu9RGIsoDF_ATQRKubHbXAVaC__plyW8Ig', 'Dessert');
 INSERT INTO MenuItems (res_id, food_id,price,name,description, imagepath, category) VALUES (28,5, 4.5,'Guava and lemon cheesecake','A velvety cheesecake layered with fresh guava and tangy lemon', 'https://i2.wp.com/www.cocoandash.com/wp-content/uploads/2019/08/IMG_0679.jpg?fit=2497%2C1664&ssl=1', 'Dessert');
 INSERT INTO MenuItems (res_id, food_id,price,name,description, imagepath, category) VALUES (28,6,13.42,'Ricotta and chicken dumplings','Thin pastry cases stuffed with ricotta and free range chicken', 'https://www.lemonsforlulu.com/wp-content/uploads/2017/08/Ricotta-Dumplings-2-720x720.jpg', 'Mains (Western)');
 INSERT INTO MenuItems (res_id, food_id,price,name,description, imagepath, category) VALUES (28,7,15.4,'Asafoetida and quorn vindaloo','Hot vindaloo made with asafoetida and quorn', 'https://i0.wp.com/himalayapalace.nl/wp-content/uploads/2020/03/Chicken_Vindaloo_Very_Hot.jpg?fit=1600%2C2000&ssl=1', 'Mains (Indian)');
 INSERT INTO MenuItems (res_id, food_id,price,name,description, imagepath, category) VALUES (28,8,5.67,'Lancashire cheese and peanut salad','A crunchy salad featuring lancashire cheese and peanut', 'https://c8.alamy.com/comp/D6F4KY/lancashire-cheese-and-pancetta-salad-D6F4KY.jpg', 'Appetizers');
 INSERT INTO MenuItems (res_id, food_id,price,name,description, imagepath, category) VALUES (28,9,24,'Kiwi fruit and paneer salad','A crisp salad featuring fresh kiwi fruit and fried paneer', 'https://c8.alamy.com/comp/D6F4KY/lancashire-cheese-and-pancetta-salad-D6F4KY.jpg', 'Appetizers');
 INSERT INTO MenuItems (res_id, food_id,price,name,description, imagepath, category) VALUES (28,10,10.23,'Bresaola and sausage penne','Fresh egg tubular pasta in a sauce made from bresaola and Cumberland sausage', 'https://live.staticflickr.com/908/40056093940_be0f1d2f36_b.jpg', 'Mains (Western)');

INSERT INTO MenuItems (res_id, food_id, price, name, description, imagepath, category) VALUES (29,1,21.3,'Flaxseed salad with tangerine dressing','A mouth-watering flaxseed salad served with tangerine dressing', 'https://cafedelites.com/wp-content/uploads/2016/08/Balsamic-Chicken-Avocado-Caprese-Salad-32.jpg', 'Appetizers');
 INSERT INTO MenuItems (res_id, food_id,price,name,description, imagepath, category) VALUES (29,2,21,'Nutmeg scones with tangerine jam','Fluffy, all-butter scones served with tangerine jam and fresh clotted cream', 'https://www.bbcgoodfood.com/sites/default/files/styles/recipe/public/recipe/recipe-image/2019/08/scones.jpg?itok=Lr3bXsFN', 'Sides');
 INSERT INTO MenuItems (res_id, food_id,price,name,description, imagepath, category) VALUES (29,3,19,'Potato and lime kebab','Skewer-cooked baby new potato and tangy lime served in warm pitta pockets', 'https://upload.wikimedia.org/wikipedia/commons/thumb/5/5b/Lula_kebab_2.jpg/1200px-Lula_kebab_2.jpg', 'Mains (International)');
 INSERT INTO MenuItems (res_id, food_id,price, name,description, imagepath, category) VALUES (29,4, 25.69,'Potato and hazelnut cake','Moist cake made with baby new potato and hazelnut', 'https://lh3.googleusercontent.com/proxy/198tobmRqh1XimIYcbwxe6ohUhhpMFNUhkep6FeICFFsFPYwIqzTY2C1y3to1bd2lsXD0e1ZDOLsN4WwcQd2PVHr7NTDRJKbeeWdcRTOVK0IU7dAFdmPMdu9RGIsoDF_ATQRKubHbXAVaC__plyW8Ig', 'Dessert');
 INSERT INTO MenuItems (res_id, food_id,price,name,description, imagepath, category) VALUES (29,5, 4.5,'Guava and lemon cheesecake','A velvety cheesecake layered with fresh guava and tangy lemon', 'https://i2.wp.com/www.cocoandash.com/wp-content/uploads/2019/08/IMG_0679.jpg?fit=2497%2C1664&ssl=1', 'Dessert');
 INSERT INTO MenuItems (res_id, food_id,price,name,description, imagepath, category) VALUES (29,6,13.42,'Ricotta and chicken dumplings','Thin pastry cases stuffed with ricotta and free range chicken', 'https://www.lemonsforlulu.com/wp-content/uploads/2017/08/Ricotta-Dumplings-2-720x720.jpg', 'Mains (Western)');
 INSERT INTO MenuItems (res_id, food_id,price,name,description, imagepath, category) VALUES (29,7,15.4,'Asafoetida and quorn vindaloo','Hot vindaloo made with asafoetida and quorn', 'https://i0.wp.com/himalayapalace.nl/wp-content/uploads/2020/03/Chicken_Vindaloo_Very_Hot.jpg?fit=1600%2C2000&ssl=1', 'Mains (Indian)');
 INSERT INTO MenuItems (res_id, food_id,price,name,description, imagepath, category) VALUES (29,8,5.67,'Lancashire cheese and peanut salad','A crunchy salad featuring lancashire cheese and peanut', 'https://c8.alamy.com/comp/D6F4KY/lancashire-cheese-and-pancetta-salad-D6F4KY.jpg', 'Appetizers');
 INSERT INTO MenuItems (res_id, food_id,price,name,description, imagepath, category) VALUES (29,9,24,'Kiwi fruit and paneer salad','A crisp salad featuring fresh kiwi fruit and fried paneer', 'https://c8.alamy.com/comp/D6F4KY/lancashire-cheese-and-pancetta-salad-D6F4KY.jpg', 'Appetizers');
 INSERT INTO MenuItems (res_id, food_id,price,name,description, imagepath, category) VALUES (29,10,10.23,'Bresaola and sausage penne','Fresh egg tubular pasta in a sauce made from bresaola and Cumberland sausage', 'https://live.staticflickr.com/908/40056093940_be0f1d2f36_b.jpg', 'Mains (Western)');

INSERT INTO MenuItems (res_id, food_id, price, name, description, imagepath, category) VALUES (30,1,21.3,'Flaxseed salad with tangerine dressing','A mouth-watering flaxseed salad served with tangerine dressing', 'https://cafedelites.com/wp-content/uploads/2016/08/Balsamic-Chicken-Avocado-Caprese-Salad-32.jpg', 'Appetizers');
 INSERT INTO MenuItems (res_id, food_id,price,name,description, imagepath, category) VALUES (30,2,21,'Nutmeg scones with tangerine jam','Fluffy, all-butter scones served with tangerine jam and fresh clotted cream', 'https://www.bbcgoodfood.com/sites/default/files/styles/recipe/public/recipe/recipe-image/2019/08/scones.jpg?itok=Lr3bXsFN', 'Sides');
 INSERT INTO MenuItems (res_id, food_id,price,name,description, imagepath, category) VALUES (30,3,19,'Potato and lime kebab','Skewer-cooked baby new potato and tangy lime served in warm pitta pockets', 'https://upload.wikimedia.org/wikipedia/commons/thumb/5/5b/Lula_kebab_2.jpg/1200px-Lula_kebab_2.jpg', 'Mains (International)');
 INSERT INTO MenuItems (res_id, food_id,price, name,description, imagepath, category) VALUES (30,4, 25.69,'Potato and hazelnut cake','Moist cake made with baby new potato and hazelnut', 'https://lh3.googleusercontent.com/proxy/198tobmRqh1XimIYcbwxe6ohUhhpMFNUhkep6FeICFFsFPYwIqzTY2C1y3to1bd2lsXD0e1ZDOLsN4WwcQd2PVHr7NTDRJKbeeWdcRTOVK0IU7dAFdmPMdu9RGIsoDF_ATQRKubHbXAVaC__plyW8Ig', 'Dessert');
 INSERT INTO MenuItems (res_id, food_id,price,name,description, imagepath, category) VALUES (30,5, 4.5,'Guava and lemon cheesecake','A velvety cheesecake layered with fresh guava and tangy lemon', 'https://i2.wp.com/www.cocoandash.com/wp-content/uploads/2019/08/IMG_0679.jpg?fit=2497%2C1664&ssl=1', 'Dessert');
 INSERT INTO MenuItems (res_id, food_id,price,name,description, imagepath, category) VALUES (30,6,13.42,'Ricotta and chicken dumplings','Thin pastry cases stuffed with ricotta and free range chicken', 'https://www.lemonsforlulu.com/wp-content/uploads/2017/08/Ricotta-Dumplings-2-720x720.jpg', 'Mains (Western)');
 INSERT INTO MenuItems (res_id, food_id,price,name,description, imagepath, category) VALUES (30,7,15.4,'Asafoetida and quorn vindaloo','Hot vindaloo made with asafoetida and quorn', 'https://i0.wp.com/himalayapalace.nl/wp-content/uploads/2020/03/Chicken_Vindaloo_Very_Hot.jpg?fit=1600%2C2000&ssl=1', 'Mains (Indian)');
 INSERT INTO MenuItems (res_id, food_id,price,name,description, imagepath, category) VALUES (30,8,5.67,'Lancashire cheese and peanut salad','A crunchy salad featuring lancashire cheese and peanut', 'https://c8.alamy.com/comp/D6F4KY/lancashire-cheese-and-pancetta-salad-D6F4KY.jpg', 'Appetizers');
 INSERT INTO MenuItems (res_id, food_id,price,name,description, imagepath, category) VALUES (30,9,24,'Kiwi fruit and paneer salad','A crisp salad featuring fresh kiwi fruit and fried paneer', 'https://c8.alamy.com/comp/D6F4KY/lancashire-cheese-and-pancetta-salad-D6F4KY.jpg', 'Appetizers');
 INSERT INTO MenuItems (res_id, food_id,price,name,description, imagepath, category) VALUES (30,10,10.23,'Bresaola and sausage penne','Fresh egg tubular pasta in a sauce made from bresaola and Cumberland sausage', 'https://live.staticflickr.com/908/40056093940_be0f1d2f36_b.jpg', 'Mains (Western)');

INSERT INTO MenuItems (res_id, food_id, price, name, description, imagepath, category) VALUES (31,1,21.3,'Flaxseed salad with tangerine dressing','A mouth-watering flaxseed salad served with tangerine dressing', 'https://cafedelites.com/wp-content/uploads/2016/08/Balsamic-Chicken-Avocado-Caprese-Salad-32.jpg', 'Appetizers');
 INSERT INTO MenuItems (res_id, food_id,price,name,description, imagepath, category) VALUES (31,2,21,'Nutmeg scones with tangerine jam','Fluffy, all-butter scones served with tangerine jam and fresh clotted cream', 'https://www.bbcgoodfood.com/sites/default/files/styles/recipe/public/recipe/recipe-image/2019/08/scones.jpg?itok=Lr3bXsFN', 'Sides');
 INSERT INTO MenuItems (res_id, food_id,price,name,description, imagepath, category) VALUES (31,3,19,'Potato and lime kebab','Skewer-cooked baby new potato and tangy lime served in warm pitta pockets', 'https://upload.wikimedia.org/wikipedia/commons/thumb/5/5b/Lula_kebab_2.jpg/1200px-Lula_kebab_2.jpg', 'Mains (International)');
 INSERT INTO MenuItems (res_id, food_id,price, name,description, imagepath, category) VALUES (31,4, 25.69,'Potato and hazelnut cake','Moist cake made with baby new potato and hazelnut', 'https://lh3.googleusercontent.com/proxy/198tobmRqh1XimIYcbwxe6ohUhhpMFNUhkep6FeICFFsFPYwIqzTY2C1y3to1bd2lsXD0e1ZDOLsN4WwcQd2PVHr7NTDRJKbeeWdcRTOVK0IU7dAFdmPMdu9RGIsoDF_ATQRKubHbXAVaC__plyW8Ig', 'Dessert');
 INSERT INTO MenuItems (res_id, food_id,price,name,description, imagepath, category) VALUES (31,5, 4.5,'Guava and lemon cheesecake','A velvety cheesecake layered with fresh guava and tangy lemon', 'https://i2.wp.com/www.cocoandash.com/wp-content/uploads/2019/08/IMG_0679.jpg?fit=2497%2C1664&ssl=1', 'Dessert');
 INSERT INTO MenuItems (res_id, food_id,price,name,description, imagepath, category) VALUES (31,6,13.42,'Ricotta and chicken dumplings','Thin pastry cases stuffed with ricotta and free range chicken', 'https://www.lemonsforlulu.com/wp-content/uploads/2017/08/Ricotta-Dumplings-2-720x720.jpg', 'Mains (Western)');
 INSERT INTO MenuItems (res_id, food_id,price,name,description, imagepath, category) VALUES (31,7,15.4,'Asafoetida and quorn vindaloo','Hot vindaloo made with asafoetida and quorn', 'https://i0.wp.com/himalayapalace.nl/wp-content/uploads/2020/03/Chicken_Vindaloo_Very_Hot.jpg?fit=1600%2C2000&ssl=1', 'Mains (Indian)');
 INSERT INTO MenuItems (res_id, food_id,price,name,description, imagepath, category) VALUES (31,8,5.67,'Lancashire cheese and peanut salad','A crunchy salad featuring lancashire cheese and peanut', 'https://c8.alamy.com/comp/D6F4KY/lancashire-cheese-and-pancetta-salad-D6F4KY.jpg', 'Appetizers');
 INSERT INTO MenuItems (res_id, food_id,price,name,description, imagepath, category) VALUES (31,9,24,'Kiwi fruit and paneer salad','A crisp salad featuring fresh kiwi fruit and fried paneer', 'https://c8.alamy.com/comp/D6F4KY/lancashire-cheese-and-pancetta-salad-D6F4KY.jpg', 'Appetizers');
 INSERT INTO MenuItems (res_id, food_id,price,name,description, imagepath, category) VALUES (31,10,10.23,'Bresaola and sausage penne','Fresh egg tubular pasta in a sauce made from bresaola and Cumberland sausage', 'https://live.staticflickr.com/908/40056093940_be0f1d2f36_b.jpg', 'Mains (Western)');

INSERT INTO MenuItems (res_id, food_id, price, name, description, imagepath, category) VALUES (32,1,21.3,'Flaxseed salad with tangerine dressing','A mouth-watering flaxseed salad served with tangerine dressing', 'https://cafedelites.com/wp-content/uploads/2016/08/Balsamic-Chicken-Avocado-Caprese-Salad-32.jpg', 'Appetizers');
 INSERT INTO MenuItems (res_id, food_id,price,name,description, imagepath, category) VALUES (32,2,21,'Nutmeg scones with tangerine jam','Fluffy, all-butter scones served with tangerine jam and fresh clotted cream', 'https://www.bbcgoodfood.com/sites/default/files/styles/recipe/public/recipe/recipe-image/2019/08/scones.jpg?itok=Lr3bXsFN', 'Sides');
 INSERT INTO MenuItems (res_id, food_id,price,name,description, imagepath, category) VALUES (32,3,19,'Potato and lime kebab','Skewer-cooked baby new potato and tangy lime served in warm pitta pockets', 'https://upload.wikimedia.org/wikipedia/commons/thumb/5/5b/Lula_kebab_2.jpg/1200px-Lula_kebab_2.jpg', 'Mains (International)');
 INSERT INTO MenuItems (res_id, food_id,price, name,description, imagepath, category) VALUES (32,4, 25.69,'Potato and hazelnut cake','Moist cake made with baby new potato and hazelnut', 'https://lh3.googleusercontent.com/proxy/198tobmRqh1XimIYcbwxe6ohUhhpMFNUhkep6FeICFFsFPYwIqzTY2C1y3to1bd2lsXD0e1ZDOLsN4WwcQd2PVHr7NTDRJKbeeWdcRTOVK0IU7dAFdmPMdu9RGIsoDF_ATQRKubHbXAVaC__plyW8Ig', 'Dessert');
 INSERT INTO MenuItems (res_id, food_id,price,name,description, imagepath, category) VALUES (32,5, 4.5,'Guava and lemon cheesecake','A velvety cheesecake layered with fresh guava and tangy lemon', 'https://i2.wp.com/www.cocoandash.com/wp-content/uploads/2019/08/IMG_0679.jpg?fit=2497%2C1664&ssl=1', 'Dessert');
 INSERT INTO MenuItems (res_id, food_id,price,name,description, imagepath, category) VALUES (32,6,13.42,'Ricotta and chicken dumplings','Thin pastry cases stuffed with ricotta and free range chicken', 'https://www.lemonsforlulu.com/wp-content/uploads/2017/08/Ricotta-Dumplings-2-720x720.jpg', 'Mains (Western)');
 INSERT INTO MenuItems (res_id, food_id,price,name,description, imagepath, category) VALUES (32,7,15.4,'Asafoetida and quorn vindaloo','Hot vindaloo made with asafoetida and quorn', 'https://i0.wp.com/himalayapalace.nl/wp-content/uploads/2020/03/Chicken_Vindaloo_Very_Hot.jpg?fit=1600%2C2000&ssl=1', 'Mains (Indian)');
 INSERT INTO MenuItems (res_id, food_id,price,name,description, imagepath, category) VALUES (32,8,5.67,'Lancashire cheese and peanut salad','A crunchy salad featuring lancashire cheese and peanut', 'https://c8.alamy.com/comp/D6F4KY/lancashire-cheese-and-pancetta-salad-D6F4KY.jpg', 'Appetizers');
 INSERT INTO MenuItems (res_id, food_id,price,name,description, imagepath, category) VALUES (32,9,24,'Kiwi fruit and paneer salad','A crisp salad featuring fresh kiwi fruit and fried paneer', 'https://c8.alamy.com/comp/D6F4KY/lancashire-cheese-and-pancetta-salad-D6F4KY.jpg', 'Appetizers');
 INSERT INTO MenuItems (res_id, food_id,price,name,description, imagepath, category) VALUES (32,10,10.23,'Bresaola and sausage penne','Fresh egg tubular pasta in a sauce made from bresaola and Cumberland sausage', 'https://live.staticflickr.com/908/40056093940_be0f1d2f36_b.jpg', 'Mains (Western)');

INSERT INTO MenuItems (res_id, food_id, price, name, description, imagepath, category) VALUES (33,1,21.3,'Flaxseed salad with tangerine dressing','A mouth-watering flaxseed salad served with tangerine dressing', 'https://cafedelites.com/wp-content/uploads/2016/08/Balsamic-Chicken-Avocado-Caprese-Salad-32.jpg', 'Appetizers');
 INSERT INTO MenuItems (res_id, food_id,price,name,description, imagepath, category) VALUES (33,2,21,'Nutmeg scones with tangerine jam','Fluffy, all-butter scones served with tangerine jam and fresh clotted cream', 'https://www.bbcgoodfood.com/sites/default/files/styles/recipe/public/recipe/recipe-image/2019/08/scones.jpg?itok=Lr3bXsFN', 'Sides');
 INSERT INTO MenuItems (res_id, food_id,price,name,description, imagepath, category) VALUES (33,3,19,'Potato and lime kebab','Skewer-cooked baby new potato and tangy lime served in warm pitta pockets', 'https://upload.wikimedia.org/wikipedia/commons/thumb/5/5b/Lula_kebab_2.jpg/1200px-Lula_kebab_2.jpg', 'Mains (International)');
 INSERT INTO MenuItems (res_id, food_id,price, name,description, imagepath, category) VALUES (33,4, 25.69,'Potato and hazelnut cake','Moist cake made with baby new potato and hazelnut', 'https://lh3.googleusercontent.com/proxy/198tobmRqh1XimIYcbwxe6ohUhhpMFNUhkep6FeICFFsFPYwIqzTY2C1y3to1bd2lsXD0e1ZDOLsN4WwcQd2PVHr7NTDRJKbeeWdcRTOVK0IU7dAFdmPMdu9RGIsoDF_ATQRKubHbXAVaC__plyW8Ig', 'Dessert');
 INSERT INTO MenuItems (res_id, food_id,price,name,description, imagepath, category) VALUES (33,5, 4.5,'Guava and lemon cheesecake','A velvety cheesecake layered with fresh guava and tangy lemon', 'https://i2.wp.com/www.cocoandash.com/wp-content/uploads/2019/08/IMG_0679.jpg?fit=2497%2C1664&ssl=1', 'Dessert');
 INSERT INTO MenuItems (res_id, food_id,price,name,description, imagepath, category) VALUES (33,6,13.42,'Ricotta and chicken dumplings','Thin pastry cases stuffed with ricotta and free range chicken', 'https://www.lemonsforlulu.com/wp-content/uploads/2017/08/Ricotta-Dumplings-2-720x720.jpg', 'Mains (Western)');
 INSERT INTO MenuItems (res_id, food_id,price,name,description, imagepath, category) VALUES (33,7,15.4,'Asafoetida and quorn vindaloo','Hot vindaloo made with asafoetida and quorn', 'https://i0.wp.com/himalayapalace.nl/wp-content/uploads/2020/03/Chicken_Vindaloo_Very_Hot.jpg?fit=1600%2C2000&ssl=1', 'Mains (Indian)');
 INSERT INTO MenuItems (res_id, food_id,price,name,description, imagepath, category) VALUES (33,8,5.67,'Lancashire cheese and peanut salad','A crunchy salad featuring lancashire cheese and peanut', 'https://c8.alamy.com/comp/D6F4KY/lancashire-cheese-and-pancetta-salad-D6F4KY.jpg', 'Appetizers');
 INSERT INTO MenuItems (res_id, food_id,price,name,description, imagepath, category) VALUES (33,9,24,'Kiwi fruit and paneer salad','A crisp salad featuring fresh kiwi fruit and fried paneer', 'https://c8.alamy.com/comp/D6F4KY/lancashire-cheese-and-pancetta-salad-D6F4KY.jpg', 'Appetizers');
 INSERT INTO MenuItems (res_id, food_id,price,name,description, imagepath, category) VALUES (33,10,10.23,'Bresaola and sausage penne','Fresh egg tubular pasta in a sauce made from bresaola and Cumberland sausage', 'https://live.staticflickr.com/908/40056093940_be0f1d2f36_b.jpg', 'Mains (Western)');

INSERT INTO MenuItems (res_id, food_id, price, name, description, imagepath, category) VALUES (34,1,21.3,'Flaxseed salad with tangerine dressing','A mouth-watering flaxseed salad served with tangerine dressing', 'https://cafedelites.com/wp-content/uploads/2016/08/Balsamic-Chicken-Avocado-Caprese-Salad-32.jpg', 'Appetizers');
 INSERT INTO MenuItems (res_id, food_id,price,name,description, imagepath, category) VALUES (34,2,21,'Nutmeg scones with tangerine jam','Fluffy, all-butter scones served with tangerine jam and fresh clotted cream', 'https://www.bbcgoodfood.com/sites/default/files/styles/recipe/public/recipe/recipe-image/2019/08/scones.jpg?itok=Lr3bXsFN', 'Sides');
 INSERT INTO MenuItems (res_id, food_id,price,name,description, imagepath, category) VALUES (34,3,19,'Potato and lime kebab','Skewer-cooked baby new potato and tangy lime served in warm pitta pockets', 'https://upload.wikimedia.org/wikipedia/commons/thumb/5/5b/Lula_kebab_2.jpg/1200px-Lula_kebab_2.jpg', 'Mains (International)');
 INSERT INTO MenuItems (res_id, food_id,price, name,description, imagepath, category) VALUES (34,4, 25.69,'Potato and hazelnut cake','Moist cake made with baby new potato and hazelnut', 'https://lh3.googleusercontent.com/proxy/198tobmRqh1XimIYcbwxe6ohUhhpMFNUhkep6FeICFFsFPYwIqzTY2C1y3to1bd2lsXD0e1ZDOLsN4WwcQd2PVHr7NTDRJKbeeWdcRTOVK0IU7dAFdmPMdu9RGIsoDF_ATQRKubHbXAVaC__plyW8Ig', 'Dessert');
 INSERT INTO MenuItems (res_id, food_id,price,name,description, imagepath, category) VALUES (34,5, 4.5,'Guava and lemon cheesecake','A velvety cheesecake layered with fresh guava and tangy lemon', 'https://i2.wp.com/www.cocoandash.com/wp-content/uploads/2019/08/IMG_0679.jpg?fit=2497%2C1664&ssl=1', 'Dessert');
 INSERT INTO MenuItems (res_id, food_id,price,name,description, imagepath, category) VALUES (34,6,13.42,'Ricotta and chicken dumplings','Thin pastry cases stuffed with ricotta and free range chicken', 'https://www.lemonsforlulu.com/wp-content/uploads/2017/08/Ricotta-Dumplings-2-720x720.jpg', 'Mains (Western)');
 INSERT INTO MenuItems (res_id, food_id,price,name,description, imagepath, category) VALUES (34,7,15.4,'Asafoetida and quorn vindaloo','Hot vindaloo made with asafoetida and quorn', 'https://i0.wp.com/himalayapalace.nl/wp-content/uploads/2020/03/Chicken_Vindaloo_Very_Hot.jpg?fit=1600%2C2000&ssl=1', 'Mains (Indian)');
 INSERT INTO MenuItems (res_id, food_id,price,name,description, imagepath, category) VALUES (34,8,5.67,'Lancashire cheese and peanut salad','A crunchy salad featuring lancashire cheese and peanut', 'https://c8.alamy.com/comp/D6F4KY/lancashire-cheese-and-pancetta-salad-D6F4KY.jpg', 'Appetizers');
 INSERT INTO MenuItems (res_id, food_id,price,name,description, imagepath, category) VALUES (34,9,24,'Kiwi fruit and paneer salad','A crisp salad featuring fresh kiwi fruit and fried paneer', 'https://c8.alamy.com/comp/D6F4KY/lancashire-cheese-and-pancetta-salad-D6F4KY.jpg', 'Appetizers');
 INSERT INTO MenuItems (res_id, food_id,price,name,description, imagepath, category) VALUES (34,10,10.23,'Bresaola and sausage penne','Fresh egg tubular pasta in a sauce made from bresaola and Cumberland sausage', 'https://live.staticflickr.com/908/40056093940_be0f1d2f36_b.jpg', 'Mains (Western)');

INSERT INTO MenuItems (res_id, food_id, price, name, description, imagepath, category) VALUES (35,1,21.3,'Flaxseed salad with tangerine dressing','A mouth-watering flaxseed salad served with tangerine dressing', 'https://cafedelites.com/wp-content/uploads/2016/08/Balsamic-Chicken-Avocado-Caprese-Salad-32.jpg', 'Appetizers');
 INSERT INTO MenuItems (res_id, food_id,price,name,description, imagepath, category) VALUES (35,2,21,'Nutmeg scones with tangerine jam','Fluffy, all-butter scones served with tangerine jam and fresh clotted cream', 'https://www.bbcgoodfood.com/sites/default/files/styles/recipe/public/recipe/recipe-image/2019/08/scones.jpg?itok=Lr3bXsFN', 'Sides');
 INSERT INTO MenuItems (res_id, food_id,price,name,description, imagepath, category) VALUES (35,3,19,'Potato and lime kebab','Skewer-cooked baby new potato and tangy lime served in warm pitta pockets', 'https://upload.wikimedia.org/wikipedia/commons/thumb/5/5b/Lula_kebab_2.jpg/1200px-Lula_kebab_2.jpg', 'Mains (International)');
 INSERT INTO MenuItems (res_id, food_id,price, name,description, imagepath, category) VALUES (35,4, 25.69,'Potato and hazelnut cake','Moist cake made with baby new potato and hazelnut', 'https://lh3.googleusercontent.com/proxy/198tobmRqh1XimIYcbwxe6ohUhhpMFNUhkep6FeICFFsFPYwIqzTY2C1y3to1bd2lsXD0e1ZDOLsN4WwcQd2PVHr7NTDRJKbeeWdcRTOVK0IU7dAFdmPMdu9RGIsoDF_ATQRKubHbXAVaC__plyW8Ig', 'Dessert');
 INSERT INTO MenuItems (res_id, food_id,price,name,description, imagepath, category) VALUES (35,5, 4.5,'Guava and lemon cheesecake','A velvety cheesecake layered with fresh guava and tangy lemon', 'https://i2.wp.com/www.cocoandash.com/wp-content/uploads/2019/08/IMG_0679.jpg?fit=2497%2C1664&ssl=1', 'Dessert');
 INSERT INTO MenuItems (res_id, food_id,price,name,description, imagepath, category) VALUES (35,6,13.42,'Ricotta and chicken dumplings','Thin pastry cases stuffed with ricotta and free range chicken', 'https://www.lemonsforlulu.com/wp-content/uploads/2017/08/Ricotta-Dumplings-2-720x720.jpg', 'Mains (Western)');
 INSERT INTO MenuItems (res_id, food_id,price,name,description, imagepath, category) VALUES (35,7,15.4,'Asafoetida and quorn vindaloo','Hot vindaloo made with asafoetida and quorn', 'https://i0.wp.com/himalayapalace.nl/wp-content/uploads/2020/03/Chicken_Vindaloo_Very_Hot.jpg?fit=1600%2C2000&ssl=1', 'Mains (Indian)');
 INSERT INTO MenuItems (res_id, food_id,price,name,description, imagepath, category) VALUES (35,8,5.67,'Lancashire cheese and peanut salad','A crunchy salad featuring lancashire cheese and peanut', 'https://c8.alamy.com/comp/D6F4KY/lancashire-cheese-and-pancetta-salad-D6F4KY.jpg', 'Appetizers');
 INSERT INTO MenuItems (res_id, food_id,price,name,description, imagepath, category) VALUES (35,9,24,'Kiwi fruit and paneer salad','A crisp salad featuring fresh kiwi fruit and fried paneer', 'https://c8.alamy.com/comp/D6F4KY/lancashire-cheese-and-pancetta-salad-D6F4KY.jpg', 'Appetizers');
 INSERT INTO MenuItems (res_id, food_id,price,name,description, imagepath, category) VALUES (35,10,10.23,'Bresaola and sausage penne','Fresh egg tubular pasta in a sauce made from bresaola and Cumberland sausage', 'https://live.staticflickr.com/908/40056093940_be0f1d2f36_b.jpg', 'Mains (Western)');

INSERT INTO MenuItems (res_id, food_id, price, name, description, imagepath, category) VALUES (36,1,21.3,'Flaxseed salad with tangerine dressing','A mouth-watering flaxseed salad served with tangerine dressing', 'https://cafedelites.com/wp-content/uploads/2016/08/Balsamic-Chicken-Avocado-Caprese-Salad-32.jpg', 'Appetizers');
 INSERT INTO MenuItems (res_id, food_id,price,name,description, imagepath, category) VALUES (36,2,21,'Nutmeg scones with tangerine jam','Fluffy, all-butter scones served with tangerine jam and fresh clotted cream', 'https://www.bbcgoodfood.com/sites/default/files/styles/recipe/public/recipe/recipe-image/2019/08/scones.jpg?itok=Lr3bXsFN', 'Sides');
 INSERT INTO MenuItems (res_id, food_id,price,name,description, imagepath, category) VALUES (36,3,19,'Potato and lime kebab','Skewer-cooked baby new potato and tangy lime served in warm pitta pockets', 'https://upload.wikimedia.org/wikipedia/commons/thumb/5/5b/Lula_kebab_2.jpg/1200px-Lula_kebab_2.jpg', 'Mains (International)');
 INSERT INTO MenuItems (res_id, food_id,price, name,description, imagepath, category) VALUES (36,4, 25.69,'Potato and hazelnut cake','Moist cake made with baby new potato and hazelnut', 'https://lh3.googleusercontent.com/proxy/198tobmRqh1XimIYcbwxe6ohUhhpMFNUhkep6FeICFFsFPYwIqzTY2C1y3to1bd2lsXD0e1ZDOLsN4WwcQd2PVHr7NTDRJKbeeWdcRTOVK0IU7dAFdmPMdu9RGIsoDF_ATQRKubHbXAVaC__plyW8Ig', 'Dessert');
 INSERT INTO MenuItems (res_id, food_id,price,name,description, imagepath, category) VALUES (36,5, 4.5,'Guava and lemon cheesecake','A velvety cheesecake layered with fresh guava and tangy lemon', 'https://i2.wp.com/www.cocoandash.com/wp-content/uploads/2019/08/IMG_0679.jpg?fit=2497%2C1664&ssl=1', 'Dessert');
 INSERT INTO MenuItems (res_id, food_id,price,name,description, imagepath, category) VALUES (36,6,13.42,'Ricotta and chicken dumplings','Thin pastry cases stuffed with ricotta and free range chicken', 'https://www.lemonsforlulu.com/wp-content/uploads/2017/08/Ricotta-Dumplings-2-720x720.jpg', 'Mains (Western)');
 INSERT INTO MenuItems (res_id, food_id,price,name,description, imagepath, category) VALUES (36,7,15.4,'Asafoetida and quorn vindaloo','Hot vindaloo made with asafoetida and quorn', 'https://i0.wp.com/himalayapalace.nl/wp-content/uploads/2020/03/Chicken_Vindaloo_Very_Hot.jpg?fit=1600%2C2000&ssl=1', 'Mains (Indian)');
 INSERT INTO MenuItems (res_id, food_id,price,name,description, imagepath, category) VALUES (36,8,5.67,'Lancashire cheese and peanut salad','A crunchy salad featuring lancashire cheese and peanut', 'https://c8.alamy.com/comp/D6F4KY/lancashire-cheese-and-pancetta-salad-D6F4KY.jpg', 'Appetizers');
 INSERT INTO MenuItems (res_id, food_id,price,name,description, imagepath, category) VALUES (36,9,24,'Kiwi fruit and paneer salad','A crisp salad featuring fresh kiwi fruit and fried paneer', 'https://c8.alamy.com/comp/D6F4KY/lancashire-cheese-and-pancetta-salad-D6F4KY.jpg', 'Appetizers');
 INSERT INTO MenuItems (res_id, food_id,price,name,description, imagepath, category) VALUES (36,10,10.23,'Bresaola and sausage penne','Fresh egg tubular pasta in a sauce made from bresaola and Cumberland sausage', 'https://live.staticflickr.com/908/40056093940_be0f1d2f36_b.jpg', 'Mains (Western)');

INSERT INTO MenuItems (res_id, food_id, price, name, description, imagepath, category) VALUES (37,1,21.3,'Flaxseed salad with tangerine dressing','A mouth-watering flaxseed salad served with tangerine dressing', 'https://cafedelites.com/wp-content/uploads/2016/08/Balsamic-Chicken-Avocado-Caprese-Salad-32.jpg', 'Appetizers');
 INSERT INTO MenuItems (res_id, food_id,price,name,description, imagepath, category) VALUES (37,2,21,'Nutmeg scones with tangerine jam','Fluffy, all-butter scones served with tangerine jam and fresh clotted cream', 'https://www.bbcgoodfood.com/sites/default/files/styles/recipe/public/recipe/recipe-image/2019/08/scones.jpg?itok=Lr3bXsFN', 'Sides');
 INSERT INTO MenuItems (res_id, food_id,price,name,description, imagepath, category) VALUES (37,3,19,'Potato and lime kebab','Skewer-cooked baby new potato and tangy lime served in warm pitta pockets', 'https://upload.wikimedia.org/wikipedia/commons/thumb/5/5b/Lula_kebab_2.jpg/1200px-Lula_kebab_2.jpg', 'Mains (International)');
 INSERT INTO MenuItems (res_id, food_id,price, name,description, imagepath, category) VALUES (37,4, 25.69,'Potato and hazelnut cake','Moist cake made with baby new potato and hazelnut', 'https://lh3.googleusercontent.com/proxy/198tobmRqh1XimIYcbwxe6ohUhhpMFNUhkep6FeICFFsFPYwIqzTY2C1y3to1bd2lsXD0e1ZDOLsN4WwcQd2PVHr7NTDRJKbeeWdcRTOVK0IU7dAFdmPMdu9RGIsoDF_ATQRKubHbXAVaC__plyW8Ig', 'Dessert');
 INSERT INTO MenuItems (res_id, food_id,price,name,description, imagepath, category) VALUES (37,5, 4.5,'Guava and lemon cheesecake','A velvety cheesecake layered with fresh guava and tangy lemon', 'https://i2.wp.com/www.cocoandash.com/wp-content/uploads/2019/08/IMG_0679.jpg?fit=2497%2C1664&ssl=1', 'Dessert');
 INSERT INTO MenuItems (res_id, food_id,price,name,description, imagepath, category) VALUES (37,6,13.42,'Ricotta and chicken dumplings','Thin pastry cases stuffed with ricotta and free range chicken', 'https://www.lemonsforlulu.com/wp-content/uploads/2017/08/Ricotta-Dumplings-2-720x720.jpg', 'Mains (Western)');
 INSERT INTO MenuItems (res_id, food_id,price,name,description, imagepath, category) VALUES (37,7,15.4,'Asafoetida and quorn vindaloo','Hot vindaloo made with asafoetida and quorn', 'https://i0.wp.com/himalayapalace.nl/wp-content/uploads/2020/03/Chicken_Vindaloo_Very_Hot.jpg?fit=1600%2C2000&ssl=1', 'Mains (Indian)');
 INSERT INTO MenuItems (res_id, food_id,price,name,description, imagepath, category) VALUES (37,8,5.67,'Lancashire cheese and peanut salad','A crunchy salad featuring lancashire cheese and peanut', 'https://c8.alamy.com/comp/D6F4KY/lancashire-cheese-and-pancetta-salad-D6F4KY.jpg', 'Appetizers');
 INSERT INTO MenuItems (res_id, food_id,price,name,description, imagepath, category) VALUES (37,9,24,'Kiwi fruit and paneer salad','A crisp salad featuring fresh kiwi fruit and fried paneer', 'https://c8.alamy.com/comp/D6F4KY/lancashire-cheese-and-pancetta-salad-D6F4KY.jpg', 'Appetizers');
 INSERT INTO MenuItems (res_id, food_id,price,name,description, imagepath, category) VALUES (37,10,10.23,'Bresaola and sausage penne','Fresh egg tubular pasta in a sauce made from bresaola and Cumberland sausage', 'https://live.staticflickr.com/908/40056093940_be0f1d2f36_b.jpg', 'Mains (Western)');

INSERT INTO MenuItems (res_id, food_id, price, name, description, imagepath, category) VALUES (38,1,21.3,'Flaxseed salad with tangerine dressing','A mouth-watering flaxseed salad served with tangerine dressing', 'https://cafedelites.com/wp-content/uploads/2016/08/Balsamic-Chicken-Avocado-Caprese-Salad-32.jpg', 'Appetizers');
 INSERT INTO MenuItems (res_id, food_id,price,name,description, imagepath, category) VALUES (38,2,21,'Nutmeg scones with tangerine jam','Fluffy, all-butter scones served with tangerine jam and fresh clotted cream', 'https://www.bbcgoodfood.com/sites/default/files/styles/recipe/public/recipe/recipe-image/2019/08/scones.jpg?itok=Lr3bXsFN', 'Sides');
 INSERT INTO MenuItems (res_id, food_id,price,name,description, imagepath, category) VALUES (38,3,19,'Potato and lime kebab','Skewer-cooked baby new potato and tangy lime served in warm pitta pockets', 'https://upload.wikimedia.org/wikipedia/commons/thumb/5/5b/Lula_kebab_2.jpg/1200px-Lula_kebab_2.jpg', 'Mains (International)');
 INSERT INTO MenuItems (res_id, food_id,price, name,description, imagepath, category) VALUES (38,4, 25.69,'Potato and hazelnut cake','Moist cake made with baby new potato and hazelnut', 'https://lh3.googleusercontent.com/proxy/198tobmRqh1XimIYcbwxe6ohUhhpMFNUhkep6FeICFFsFPYwIqzTY2C1y3to1bd2lsXD0e1ZDOLsN4WwcQd2PVHr7NTDRJKbeeWdcRTOVK0IU7dAFdmPMdu9RGIsoDF_ATQRKubHbXAVaC__plyW8Ig', 'Dessert');
 INSERT INTO MenuItems (res_id, food_id,price,name,description, imagepath, category) VALUES (38,5, 4.5,'Guava and lemon cheesecake','A velvety cheesecake layered with fresh guava and tangy lemon', 'https://i2.wp.com/www.cocoandash.com/wp-content/uploads/2019/08/IMG_0679.jpg?fit=2497%2C1664&ssl=1', 'Dessert');
 INSERT INTO MenuItems (res_id, food_id,price,name,description, imagepath, category) VALUES (38,6,13.42,'Ricotta and chicken dumplings','Thin pastry cases stuffed with ricotta and free range chicken', 'https://www.lemonsforlulu.com/wp-content/uploads/2017/08/Ricotta-Dumplings-2-720x720.jpg', 'Mains (Western)');
 INSERT INTO MenuItems (res_id, food_id,price,name,description, imagepath, category) VALUES (38,7,15.4,'Asafoetida and quorn vindaloo','Hot vindaloo made with asafoetida and quorn', 'https://i0.wp.com/himalayapalace.nl/wp-content/uploads/2020/03/Chicken_Vindaloo_Very_Hot.jpg?fit=1600%2C2000&ssl=1', 'Mains (Indian)');
 INSERT INTO MenuItems (res_id, food_id,price,name,description, imagepath, category) VALUES (38,8,5.67,'Lancashire cheese and peanut salad','A crunchy salad featuring lancashire cheese and peanut', 'https://c8.alamy.com/comp/D6F4KY/lancashire-cheese-and-pancetta-salad-D6F4KY.jpg', 'Appetizers');
 INSERT INTO MenuItems (res_id, food_id,price,name,description, imagepath, category) VALUES (38,9,24,'Kiwi fruit and paneer salad','A crisp salad featuring fresh kiwi fruit and fried paneer', 'https://c8.alamy.com/comp/D6F4KY/lancashire-cheese-and-pancetta-salad-D6F4KY.jpg', 'Appetizers');
 INSERT INTO MenuItems (res_id, food_id,price,name,description, imagepath, category) VALUES (38,10,10.23,'Bresaola and sausage penne','Fresh egg tubular pasta in a sauce made from bresaola and Cumberland sausage', 'https://live.staticflickr.com/908/40056093940_be0f1d2f36_b.jpg', 'Mains (Western)');

INSERT INTO MenuItems (res_id, food_id, price, name, description, imagepath, category) VALUES (39,1,21.3,'Flaxseed salad with tangerine dressing','A mouth-watering flaxseed salad served with tangerine dressing', 'https://cafedelites.com/wp-content/uploads/2016/08/Balsamic-Chicken-Avocado-Caprese-Salad-32.jpg', 'Appetizers');
 INSERT INTO MenuItems (res_id, food_id,price,name,description, imagepath, category) VALUES (39,2,21,'Nutmeg scones with tangerine jam','Fluffy, all-butter scones served with tangerine jam and fresh clotted cream', 'https://www.bbcgoodfood.com/sites/default/files/styles/recipe/public/recipe/recipe-image/2019/08/scones.jpg?itok=Lr3bXsFN', 'Sides');
 INSERT INTO MenuItems (res_id, food_id,price,name,description, imagepath, category) VALUES (39,3,19,'Potato and lime kebab','Skewer-cooked baby new potato and tangy lime served in warm pitta pockets', 'https://upload.wikimedia.org/wikipedia/commons/thumb/5/5b/Lula_kebab_2.jpg/1200px-Lula_kebab_2.jpg', 'Mains (International)');
 INSERT INTO MenuItems (res_id, food_id,price, name,description, imagepath, category) VALUES (39,4, 25.69,'Potato and hazelnut cake','Moist cake made with baby new potato and hazelnut', 'https://lh3.googleusercontent.com/proxy/198tobmRqh1XimIYcbwxe6ohUhhpMFNUhkep6FeICFFsFPYwIqzTY2C1y3to1bd2lsXD0e1ZDOLsN4WwcQd2PVHr7NTDRJKbeeWdcRTOVK0IU7dAFdmPMdu9RGIsoDF_ATQRKubHbXAVaC__plyW8Ig', 'Dessert');
 INSERT INTO MenuItems (res_id, food_id,price,name,description, imagepath, category) VALUES (39,5, 4.5,'Guava and lemon cheesecake','A velvety cheesecake layered with fresh guava and tangy lemon', 'https://i2.wp.com/www.cocoandash.com/wp-content/uploads/2019/08/IMG_0679.jpg?fit=2497%2C1664&ssl=1', 'Dessert');
 INSERT INTO MenuItems (res_id, food_id,price,name,description, imagepath, category) VALUES (39,6,13.42,'Ricotta and chicken dumplings','Thin pastry cases stuffed with ricotta and free range chicken', 'https://www.lemonsforlulu.com/wp-content/uploads/2017/08/Ricotta-Dumplings-2-720x720.jpg', 'Mains (Western)');
 INSERT INTO MenuItems (res_id, food_id,price,name,description, imagepath, category) VALUES (39,7,15.4,'Asafoetida and quorn vindaloo','Hot vindaloo made with asafoetida and quorn', 'https://i0.wp.com/himalayapalace.nl/wp-content/uploads/2020/03/Chicken_Vindaloo_Very_Hot.jpg?fit=1600%2C2000&ssl=1', 'Mains (Indian)');
 INSERT INTO MenuItems (res_id, food_id,price,name,description, imagepath, category) VALUES (39,8,5.67,'Lancashire cheese and peanut salad','A crunchy salad featuring lancashire cheese and peanut', 'https://c8.alamy.com/comp/D6F4KY/lancashire-cheese-and-pancetta-salad-D6F4KY.jpg', 'Appetizers');
 INSERT INTO MenuItems (res_id, food_id,price,name,description, imagepath, category) VALUES (39,9,24,'Kiwi fruit and paneer salad','A crisp salad featuring fresh kiwi fruit and fried paneer', 'https://c8.alamy.com/comp/D6F4KY/lancashire-cheese-and-pancetta-salad-D6F4KY.jpg', 'Appetizers');
 INSERT INTO MenuItems (res_id, food_id,price,name,description, imagepath, category) VALUES (39,10,10.23,'Bresaola and sausage penne','Fresh egg tubular pasta in a sauce made from bresaola and Cumberland sausage', 'https://live.staticflickr.com/908/40056093940_be0f1d2f36_b.jpg', 'Mains (Western)');

INSERT INTO MenuItems (res_id, food_id, price, name, description, imagepath, category) VALUES (40,1,21.3,'Flaxseed salad with tangerine dressing','A mouth-watering flaxseed salad served with tangerine dressing', 'https://cafedelites.com/wp-content/uploads/2016/08/Balsamic-Chicken-Avocado-Caprese-Salad-32.jpg', 'Appetizers');
 INSERT INTO MenuItems (res_id, food_id,price,name,description, imagepath, category) VALUES (40,2,21,'Nutmeg scones with tangerine jam','Fluffy, all-butter scones served with tangerine jam and fresh clotted cream', 'https://www.bbcgoodfood.com/sites/default/files/styles/recipe/public/recipe/recipe-image/2019/08/scones.jpg?itok=Lr3bXsFN', 'Sides');
 INSERT INTO MenuItems (res_id, food_id,price,name,description, imagepath, category) VALUES (40,3,19,'Potato and lime kebab','Skewer-cooked baby new potato and tangy lime served in warm pitta pockets', 'https://upload.wikimedia.org/wikipedia/commons/thumb/5/5b/Lula_kebab_2.jpg/1200px-Lula_kebab_2.jpg', 'Mains (International)');
 INSERT INTO MenuItems (res_id, food_id,price, name,description, imagepath, category) VALUES (40,4, 25.69,'Potato and hazelnut cake','Moist cake made with baby new potato and hazelnut', 'https://lh3.googleusercontent.com/proxy/198tobmRqh1XimIYcbwxe6ohUhhpMFNUhkep6FeICFFsFPYwIqzTY2C1y3to1bd2lsXD0e1ZDOLsN4WwcQd2PVHr7NTDRJKbeeWdcRTOVK0IU7dAFdmPMdu9RGIsoDF_ATQRKubHbXAVaC__plyW8Ig', 'Dessert');
 INSERT INTO MenuItems (res_id, food_id,price,name,description, imagepath, category) VALUES (40,5, 4.5,'Guava and lemon cheesecake','A velvety cheesecake layered with fresh guava and tangy lemon', 'https://i2.wp.com/www.cocoandash.com/wp-content/uploads/2019/08/IMG_0679.jpg?fit=2497%2C1664&ssl=1', 'Dessert');
 INSERT INTO MenuItems (res_id, food_id,price,name,description, imagepath, category) VALUES (40,6,13.42,'Ricotta and chicken dumplings','Thin pastry cases stuffed with ricotta and free range chicken', 'https://www.lemonsforlulu.com/wp-content/uploads/2017/08/Ricotta-Dumplings-2-720x720.jpg', 'Mains (Western)');
 INSERT INTO MenuItems (res_id, food_id,price,name,description, imagepath, category) VALUES (40,7,15.4,'Asafoetida and quorn vindaloo','Hot vindaloo made with asafoetida and quorn', 'https://i0.wp.com/himalayapalace.nl/wp-content/uploads/2020/03/Chicken_Vindaloo_Very_Hot.jpg?fit=1600%2C2000&ssl=1', 'Mains (Indian)');
 INSERT INTO MenuItems (res_id, food_id,price,name,description, imagepath, category) VALUES (40,8,5.67,'Lancashire cheese and peanut salad','A crunchy salad featuring lancashire cheese and peanut', 'https://c8.alamy.com/comp/D6F4KY/lancashire-cheese-and-pancetta-salad-D6F4KY.jpg', 'Appetizers');
 INSERT INTO MenuItems (res_id, food_id,price,name,description, imagepath, category) VALUES (40,9,24,'Kiwi fruit and paneer salad','A crisp salad featuring fresh kiwi fruit and fried paneer', 'https://c8.alamy.com/comp/D6F4KY/lancashire-cheese-and-pancetta-salad-D6F4KY.jpg', 'Appetizers');
 INSERT INTO MenuItems (res_id, food_id,price,name,description, imagepath, category) VALUES (40,10,10.23,'Bresaola and sausage penne','Fresh egg tubular pasta in a sauce made from bresaola and Cumberland sausage', 'https://live.staticflickr.com/908/40056093940_be0f1d2f36_b.jpg', 'Mains (Western)');

INSERT INTO MenuItems (res_id, food_id, price, name, description, imagepath, category) VALUES (41,1,21.3,'Flaxseed salad with tangerine dressing','A mouth-watering flaxseed salad served with tangerine dressing', 'https://cafedelites.com/wp-content/uploads/2016/08/Balsamic-Chicken-Avocado-Caprese-Salad-32.jpg', 'Appetizers');
 INSERT INTO MenuItems (res_id, food_id,price,name,description, imagepath, category) VALUES (41,2,21,'Nutmeg scones with tangerine jam','Fluffy, all-butter scones served with tangerine jam and fresh clotted cream', 'https://www.bbcgoodfood.com/sites/default/files/styles/recipe/public/recipe/recipe-image/2019/08/scones.jpg?itok=Lr3bXsFN', 'Sides');
 INSERT INTO MenuItems (res_id, food_id,price,name,description, imagepath, category) VALUES (41,3,19,'Potato and lime kebab','Skewer-cooked baby new potato and tangy lime served in warm pitta pockets', 'https://upload.wikimedia.org/wikipedia/commons/thumb/5/5b/Lula_kebab_2.jpg/1200px-Lula_kebab_2.jpg', 'Mains (International)');
 INSERT INTO MenuItems (res_id, food_id,price, name,description, imagepath, category) VALUES (41,4, 25.69,'Potato and hazelnut cake','Moist cake made with baby new potato and hazelnut', 'https://lh3.googleusercontent.com/proxy/198tobmRqh1XimIYcbwxe6ohUhhpMFNUhkep6FeICFFsFPYwIqzTY2C1y3to1bd2lsXD0e1ZDOLsN4WwcQd2PVHr7NTDRJKbeeWdcRTOVK0IU7dAFdmPMdu9RGIsoDF_ATQRKubHbXAVaC__plyW8Ig', 'Dessert');
 INSERT INTO MenuItems (res_id, food_id,price,name,description, imagepath, category) VALUES (41,5, 4.5,'Guava and lemon cheesecake','A velvety cheesecake layered with fresh guava and tangy lemon', 'https://i2.wp.com/www.cocoandash.com/wp-content/uploads/2019/08/IMG_0679.jpg?fit=2497%2C1664&ssl=1', 'Dessert');
 INSERT INTO MenuItems (res_id, food_id,price,name,description, imagepath, category) VALUES (41,6,13.42,'Ricotta and chicken dumplings','Thin pastry cases stuffed with ricotta and free range chicken', 'https://www.lemonsforlulu.com/wp-content/uploads/2017/08/Ricotta-Dumplings-2-720x720.jpg', 'Mains (Western)');
 INSERT INTO MenuItems (res_id, food_id,price,name,description, imagepath, category) VALUES (41,7,15.4,'Asafoetida and quorn vindaloo','Hot vindaloo made with asafoetida and quorn', 'https://i0.wp.com/himalayapalace.nl/wp-content/uploads/2020/03/Chicken_Vindaloo_Very_Hot.jpg?fit=1600%2C2000&ssl=1', 'Mains (Indian)');
 INSERT INTO MenuItems (res_id, food_id,price,name,description, imagepath, category) VALUES (41,8,5.67,'Lancashire cheese and peanut salad','A crunchy salad featuring lancashire cheese and peanut', 'https://c8.alamy.com/comp/D6F4KY/lancashire-cheese-and-pancetta-salad-D6F4KY.jpg', 'Appetizers');
 INSERT INTO MenuItems (res_id, food_id,price,name,description, imagepath, category) VALUES (41,9,24,'Kiwi fruit and paneer salad','A crisp salad featuring fresh kiwi fruit and fried paneer', 'https://c8.alamy.com/comp/D6F4KY/lancashire-cheese-and-pancetta-salad-D6F4KY.jpg', 'Appetizers');
 INSERT INTO MenuItems (res_id, food_id,price,name,description, imagepath, category) VALUES (41,10,10.23,'Bresaola and sausage penne','Fresh egg tubular pasta in a sauce made from bresaola and Cumberland sausage', 'https://live.staticflickr.com/908/40056093940_be0f1d2f36_b.jpg', 'Mains (Western)');

INSERT INTO MenuItems (res_id, food_id, price, name, description, imagepath, category) VALUES (42,1,21.3,'Flaxseed salad with tangerine dressing','A mouth-watering flaxseed salad served with tangerine dressing', 'https://cafedelites.com/wp-content/uploads/2016/08/Balsamic-Chicken-Avocado-Caprese-Salad-32.jpg', 'Appetizers');
 INSERT INTO MenuItems (res_id, food_id,price,name,description, imagepath, category) VALUES (42,2,21,'Nutmeg scones with tangerine jam','Fluffy, all-butter scones served with tangerine jam and fresh clotted cream', 'https://www.bbcgoodfood.com/sites/default/files/styles/recipe/public/recipe/recipe-image/2019/08/scones.jpg?itok=Lr3bXsFN', 'Sides');
 INSERT INTO MenuItems (res_id, food_id,price,name,description, imagepath, category) VALUES (42,3,19,'Potato and lime kebab','Skewer-cooked baby new potato and tangy lime served in warm pitta pockets', 'https://upload.wikimedia.org/wikipedia/commons/thumb/5/5b/Lula_kebab_2.jpg/1200px-Lula_kebab_2.jpg', 'Mains (International)');
 INSERT INTO MenuItems (res_id, food_id,price, name,description, imagepath, category) VALUES (42,4, 25.69,'Potato and hazelnut cake','Moist cake made with baby new potato and hazelnut', 'https://lh3.googleusercontent.com/proxy/198tobmRqh1XimIYcbwxe6ohUhhpMFNUhkep6FeICFFsFPYwIqzTY2C1y3to1bd2lsXD0e1ZDOLsN4WwcQd2PVHr7NTDRJKbeeWdcRTOVK0IU7dAFdmPMdu9RGIsoDF_ATQRKubHbXAVaC__plyW8Ig', 'Dessert');
 INSERT INTO MenuItems (res_id, food_id,price,name,description, imagepath, category) VALUES (42,5, 4.5,'Guava and lemon cheesecake','A velvety cheesecake layered with fresh guava and tangy lemon', 'https://i2.wp.com/www.cocoandash.com/wp-content/uploads/2019/08/IMG_0679.jpg?fit=2497%2C1664&ssl=1', 'Dessert');
 INSERT INTO MenuItems (res_id, food_id,price,name,description, imagepath, category) VALUES (42,6,13.42,'Ricotta and chicken dumplings','Thin pastry cases stuffed with ricotta and free range chicken', 'https://www.lemonsforlulu.com/wp-content/uploads/2017/08/Ricotta-Dumplings-2-720x720.jpg', 'Mains (Western)');
 INSERT INTO MenuItems (res_id, food_id,price,name,description, imagepath, category) VALUES (42,7,15.4,'Asafoetida and quorn vindaloo','Hot vindaloo made with asafoetida and quorn', 'https://i0.wp.com/himalayapalace.nl/wp-content/uploads/2020/03/Chicken_Vindaloo_Very_Hot.jpg?fit=1600%2C2000&ssl=1', 'Mains (Indian)');
 INSERT INTO MenuItems (res_id, food_id,price,name,description, imagepath, category) VALUES (42,8,5.67,'Lancashire cheese and peanut salad','A crunchy salad featuring lancashire cheese and peanut', 'https://c8.alamy.com/comp/D6F4KY/lancashire-cheese-and-pancetta-salad-D6F4KY.jpg', 'Appetizers');
 INSERT INTO MenuItems (res_id, food_id,price,name,description, imagepath, category) VALUES (42,9,24,'Kiwi fruit and paneer salad','A crisp salad featuring fresh kiwi fruit and fried paneer', 'https://c8.alamy.com/comp/D6F4KY/lancashire-cheese-and-pancetta-salad-D6F4KY.jpg', 'Appetizers');
 INSERT INTO MenuItems (res_id, food_id,price,name,description, imagepath, category) VALUES (42,10,10.23,'Bresaola and sausage penne','Fresh egg tubular pasta in a sauce made from bresaola and Cumberland sausage', 'https://live.staticflickr.com/908/40056093940_be0f1d2f36_b.jpg', 'Mains (Western)');

INSERT INTO MenuItems (res_id, food_id, price, name, description, imagepath, category) VALUES (43,1,21.3,'Flaxseed salad with tangerine dressing','A mouth-watering flaxseed salad served with tangerine dressing', 'https://cafedelites.com/wp-content/uploads/2016/08/Balsamic-Chicken-Avocado-Caprese-Salad-32.jpg', 'Appetizers');
 INSERT INTO MenuItems (res_id, food_id,price,name,description, imagepath, category) VALUES (43,2,21,'Nutmeg scones with tangerine jam','Fluffy, all-butter scones served with tangerine jam and fresh clotted cream', 'https://www.bbcgoodfood.com/sites/default/files/styles/recipe/public/recipe/recipe-image/2019/08/scones.jpg?itok=Lr3bXsFN', 'Sides');
 INSERT INTO MenuItems (res_id, food_id,price,name,description, imagepath, category) VALUES (43,3,19,'Potato and lime kebab','Skewer-cooked baby new potato and tangy lime served in warm pitta pockets', 'https://upload.wikimedia.org/wikipedia/commons/thumb/5/5b/Lula_kebab_2.jpg/1200px-Lula_kebab_2.jpg', 'Mains (International)');
 INSERT INTO MenuItems (res_id, food_id,price, name,description, imagepath, category) VALUES (43,4, 25.69,'Potato and hazelnut cake','Moist cake made with baby new potato and hazelnut', 'https://lh3.googleusercontent.com/proxy/198tobmRqh1XimIYcbwxe6ohUhhpMFNUhkep6FeICFFsFPYwIqzTY2C1y3to1bd2lsXD0e1ZDOLsN4WwcQd2PVHr7NTDRJKbeeWdcRTOVK0IU7dAFdmPMdu9RGIsoDF_ATQRKubHbXAVaC__plyW8Ig', 'Dessert');
 INSERT INTO MenuItems (res_id, food_id,price,name,description, imagepath, category) VALUES (43,5, 4.5,'Guava and lemon cheesecake','A velvety cheesecake layered with fresh guava and tangy lemon', 'https://i2.wp.com/www.cocoandash.com/wp-content/uploads/2019/08/IMG_0679.jpg?fit=2497%2C1664&ssl=1', 'Dessert');
 INSERT INTO MenuItems (res_id, food_id,price,name,description, imagepath, category) VALUES (43,6,13.42,'Ricotta and chicken dumplings','Thin pastry cases stuffed with ricotta and free range chicken', 'https://www.lemonsforlulu.com/wp-content/uploads/2017/08/Ricotta-Dumplings-2-720x720.jpg', 'Mains (Western)');
 INSERT INTO MenuItems (res_id, food_id,price,name,description, imagepath, category) VALUES (43,7,15.4,'Asafoetida and quorn vindaloo','Hot vindaloo made with asafoetida and quorn', 'https://i0.wp.com/himalayapalace.nl/wp-content/uploads/2020/03/Chicken_Vindaloo_Very_Hot.jpg?fit=1600%2C2000&ssl=1', 'Mains (Indian)');
 INSERT INTO MenuItems (res_id, food_id,price,name,description, imagepath, category) VALUES (43,8,5.67,'Lancashire cheese and peanut salad','A crunchy salad featuring lancashire cheese and peanut', 'https://c8.alamy.com/comp/D6F4KY/lancashire-cheese-and-pancetta-salad-D6F4KY.jpg', 'Appetizers');
 INSERT INTO MenuItems (res_id, food_id,price,name,description, imagepath, category) VALUES (43,9,24,'Kiwi fruit and paneer salad','A crisp salad featuring fresh kiwi fruit and fried paneer', 'https://c8.alamy.com/comp/D6F4KY/lancashire-cheese-and-pancetta-salad-D6F4KY.jpg', 'Appetizers');
 INSERT INTO MenuItems (res_id, food_id,price,name,description, imagepath, category) VALUES (43,10,10.23,'Bresaola and sausage penne','Fresh egg tubular pasta in a sauce made from bresaola and Cumberland sausage', 'https://live.staticflickr.com/908/40056093940_be0f1d2f36_b.jpg', 'Mains (Western)');

INSERT INTO MenuItems (res_id, food_id, price, name, description, imagepath, category) VALUES (44,1,21.3,'Flaxseed salad with tangerine dressing','A mouth-watering flaxseed salad served with tangerine dressing', 'https://cafedelites.com/wp-content/uploads/2016/08/Balsamic-Chicken-Avocado-Caprese-Salad-32.jpg', 'Appetizers');
 INSERT INTO MenuItems (res_id, food_id,price,name,description, imagepath, category) VALUES (44,2,21,'Nutmeg scones with tangerine jam','Fluffy, all-butter scones served with tangerine jam and fresh clotted cream', 'https://www.bbcgoodfood.com/sites/default/files/styles/recipe/public/recipe/recipe-image/2019/08/scones.jpg?itok=Lr3bXsFN', 'Sides');
 INSERT INTO MenuItems (res_id, food_id,price,name,description, imagepath, category) VALUES (44,3,19,'Potato and lime kebab','Skewer-cooked baby new potato and tangy lime served in warm pitta pockets', 'https://upload.wikimedia.org/wikipedia/commons/thumb/5/5b/Lula_kebab_2.jpg/1200px-Lula_kebab_2.jpg', 'Mains (International)');
 INSERT INTO MenuItems (res_id, food_id,price, name,description, imagepath, category) VALUES (44,4, 25.69,'Potato and hazelnut cake','Moist cake made with baby new potato and hazelnut', 'https://lh3.googleusercontent.com/proxy/198tobmRqh1XimIYcbwxe6ohUhhpMFNUhkep6FeICFFsFPYwIqzTY2C1y3to1bd2lsXD0e1ZDOLsN4WwcQd2PVHr7NTDRJKbeeWdcRTOVK0IU7dAFdmPMdu9RGIsoDF_ATQRKubHbXAVaC__plyW8Ig', 'Dessert');
 INSERT INTO MenuItems (res_id, food_id,price,name,description, imagepath, category) VALUES (44,5, 4.5,'Guava and lemon cheesecake','A velvety cheesecake layered with fresh guava and tangy lemon', 'https://i2.wp.com/www.cocoandash.com/wp-content/uploads/2019/08/IMG_0679.jpg?fit=2497%2C1664&ssl=1', 'Dessert');
 INSERT INTO MenuItems (res_id, food_id,price,name,description, imagepath, category) VALUES (44,6,13.42,'Ricotta and chicken dumplings','Thin pastry cases stuffed with ricotta and free range chicken', 'https://www.lemonsforlulu.com/wp-content/uploads/2017/08/Ricotta-Dumplings-2-720x720.jpg', 'Mains (Western)');
 INSERT INTO MenuItems (res_id, food_id,price,name,description, imagepath, category) VALUES (44,7,15.4,'Asafoetida and quorn vindaloo','Hot vindaloo made with asafoetida and quorn', 'https://i0.wp.com/himalayapalace.nl/wp-content/uploads/2020/03/Chicken_Vindaloo_Very_Hot.jpg?fit=1600%2C2000&ssl=1', 'Mains (Indian)');
 INSERT INTO MenuItems (res_id, food_id,price,name,description, imagepath, category) VALUES (44,8,5.67,'Lancashire cheese and peanut salad','A crunchy salad featuring lancashire cheese and peanut', 'https://c8.alamy.com/comp/D6F4KY/lancashire-cheese-and-pancetta-salad-D6F4KY.jpg', 'Appetizers');
 INSERT INTO MenuItems (res_id, food_id,price,name,description, imagepath, category) VALUES (44,9,24,'Kiwi fruit and paneer salad','A crisp salad featuring fresh kiwi fruit and fried paneer', 'https://c8.alamy.com/comp/D6F4KY/lancashire-cheese-and-pancetta-salad-D6F4KY.jpg', 'Appetizers');
 INSERT INTO MenuItems (res_id, food_id,price,name,description, imagepath, category) VALUES (44,10,10.23,'Bresaola and sausage penne','Fresh egg tubular pasta in a sauce made from bresaola and Cumberland sausage', 'https://live.staticflickr.com/908/40056093940_be0f1d2f36_b.jpg', 'Mains (Western)');

INSERT INTO MenuItems (res_id, food_id, price, name, description, imagepath, category) VALUES (45,1,21.3,'Flaxseed salad with tangerine dressing','A mouth-watering flaxseed salad served with tangerine dressing', 'https://cafedelites.com/wp-content/uploads/2016/08/Balsamic-Chicken-Avocado-Caprese-Salad-32.jpg', 'Appetizers');
 INSERT INTO MenuItems (res_id, food_id,price,name,description, imagepath, category) VALUES (45,2,21,'Nutmeg scones with tangerine jam','Fluffy, all-butter scones served with tangerine jam and fresh clotted cream', 'https://www.bbcgoodfood.com/sites/default/files/styles/recipe/public/recipe/recipe-image/2019/08/scones.jpg?itok=Lr3bXsFN', 'Sides');
 INSERT INTO MenuItems (res_id, food_id,price,name,description, imagepath, category) VALUES (45,3,19,'Potato and lime kebab','Skewer-cooked baby new potato and tangy lime served in warm pitta pockets', 'https://upload.wikimedia.org/wikipedia/commons/thumb/5/5b/Lula_kebab_2.jpg/1200px-Lula_kebab_2.jpg', 'Mains (International)');
 INSERT INTO MenuItems (res_id, food_id,price, name,description, imagepath, category) VALUES (45,4, 25.69,'Potato and hazelnut cake','Moist cake made with baby new potato and hazelnut', 'https://lh3.googleusercontent.com/proxy/198tobmRqh1XimIYcbwxe6ohUhhpMFNUhkep6FeICFFsFPYwIqzTY2C1y3to1bd2lsXD0e1ZDOLsN4WwcQd2PVHr7NTDRJKbeeWdcRTOVK0IU7dAFdmPMdu9RGIsoDF_ATQRKubHbXAVaC__plyW8Ig', 'Dessert');
 INSERT INTO MenuItems (res_id, food_id,price,name,description, imagepath, category) VALUES (45,5, 4.5,'Guava and lemon cheesecake','A velvety cheesecake layered with fresh guava and tangy lemon', 'https://i2.wp.com/www.cocoandash.com/wp-content/uploads/2019/08/IMG_0679.jpg?fit=2497%2C1664&ssl=1', 'Dessert');
 INSERT INTO MenuItems (res_id, food_id,price,name,description, imagepath, category) VALUES (45,6,13.42,'Ricotta and chicken dumplings','Thin pastry cases stuffed with ricotta and free range chicken', 'https://www.lemonsforlulu.com/wp-content/uploads/2017/08/Ricotta-Dumplings-2-720x720.jpg', 'Mains (Western)');
 INSERT INTO MenuItems (res_id, food_id,price,name,description, imagepath, category) VALUES (45,7,15.4,'Asafoetida and quorn vindaloo','Hot vindaloo made with asafoetida and quorn', 'https://i0.wp.com/himalayapalace.nl/wp-content/uploads/2020/03/Chicken_Vindaloo_Very_Hot.jpg?fit=1600%2C2000&ssl=1', 'Mains (Indian)');
 INSERT INTO MenuItems (res_id, food_id,price,name,description, imagepath, category) VALUES (45,8,5.67,'Lancashire cheese and peanut salad','A crunchy salad featuring lancashire cheese and peanut', 'https://c8.alamy.com/comp/D6F4KY/lancashire-cheese-and-pancetta-salad-D6F4KY.jpg', 'Appetizers');
 INSERT INTO MenuItems (res_id, food_id,price,name,description, imagepath, category) VALUES (45,9,24,'Kiwi fruit and paneer salad','A crisp salad featuring fresh kiwi fruit and fried paneer', 'https://c8.alamy.com/comp/D6F4KY/lancashire-cheese-and-pancetta-salad-D6F4KY.jpg', 'Appetizers');
 INSERT INTO MenuItems (res_id, food_id,price,name,description, imagepath, category) VALUES (45,10,10.23,'Bresaola and sausage penne','Fresh egg tubular pasta in a sauce made from bresaola and Cumberland sausage', 'https://live.staticflickr.com/908/40056093940_be0f1d2f36_b.jpg', 'Mains (Western)');

INSERT INTO MenuItems (res_id, food_id, price, name, description, imagepath, category) VALUES (46,1,21.3,'Flaxseed salad with tangerine dressing','A mouth-watering flaxseed salad served with tangerine dressing', 'https://cafedelites.com/wp-content/uploads/2016/08/Balsamic-Chicken-Avocado-Caprese-Salad-32.jpg', 'Appetizers');
 INSERT INTO MenuItems (res_id, food_id,price,name,description, imagepath, category) VALUES (46,2,21,'Nutmeg scones with tangerine jam','Fluffy, all-butter scones served with tangerine jam and fresh clotted cream', 'https://www.bbcgoodfood.com/sites/default/files/styles/recipe/public/recipe/recipe-image/2019/08/scones.jpg?itok=Lr3bXsFN', 'Sides');
 INSERT INTO MenuItems (res_id, food_id,price,name,description, imagepath, category) VALUES (46,3,19,'Potato and lime kebab','Skewer-cooked baby new potato and tangy lime served in warm pitta pockets', 'https://upload.wikimedia.org/wikipedia/commons/thumb/5/5b/Lula_kebab_2.jpg/1200px-Lula_kebab_2.jpg', 'Mains (International)');
 INSERT INTO MenuItems (res_id, food_id,price, name,description, imagepath, category) VALUES (46,4, 25.69,'Potato and hazelnut cake','Moist cake made with baby new potato and hazelnut', 'https://lh3.googleusercontent.com/proxy/198tobmRqh1XimIYcbwxe6ohUhhpMFNUhkep6FeICFFsFPYwIqzTY2C1y3to1bd2lsXD0e1ZDOLsN4WwcQd2PVHr7NTDRJKbeeWdcRTOVK0IU7dAFdmPMdu9RGIsoDF_ATQRKubHbXAVaC__plyW8Ig', 'Dessert');
 INSERT INTO MenuItems (res_id, food_id,price,name,description, imagepath, category) VALUES (46,5, 4.5,'Guava and lemon cheesecake','A velvety cheesecake layered with fresh guava and tangy lemon', 'https://i2.wp.com/www.cocoandash.com/wp-content/uploads/2019/08/IMG_0679.jpg?fit=2497%2C1664&ssl=1', 'Dessert');
 INSERT INTO MenuItems (res_id, food_id,price,name,description, imagepath, category) VALUES (46,6,13.42,'Ricotta and chicken dumplings','Thin pastry cases stuffed with ricotta and free range chicken', 'https://www.lemonsforlulu.com/wp-content/uploads/2017/08/Ricotta-Dumplings-2-720x720.jpg', 'Mains (Western)');
 INSERT INTO MenuItems (res_id, food_id,price,name,description, imagepath, category) VALUES (46,7,15.4,'Asafoetida and quorn vindaloo','Hot vindaloo made with asafoetida and quorn', 'https://i0.wp.com/himalayapalace.nl/wp-content/uploads/2020/03/Chicken_Vindaloo_Very_Hot.jpg?fit=1600%2C2000&ssl=1', 'Mains (Indian)');
 INSERT INTO MenuItems (res_id, food_id,price,name,description, imagepath, category) VALUES (46,8,5.67,'Lancashire cheese and peanut salad','A crunchy salad featuring lancashire cheese and peanut', 'https://c8.alamy.com/comp/D6F4KY/lancashire-cheese-and-pancetta-salad-D6F4KY.jpg', 'Appetizers');
 INSERT INTO MenuItems (res_id, food_id,price,name,description, imagepath, category) VALUES (46,9,24,'Kiwi fruit and paneer salad','A crisp salad featuring fresh kiwi fruit and fried paneer', 'https://c8.alamy.com/comp/D6F4KY/lancashire-cheese-and-pancetta-salad-D6F4KY.jpg', 'Appetizers');
 INSERT INTO MenuItems (res_id, food_id,price,name,description, imagepath, category) VALUES (46,10,10.23,'Bresaola and sausage penne','Fresh egg tubular pasta in a sauce made from bresaola and Cumberland sausage', 'https://live.staticflickr.com/908/40056093940_be0f1d2f36_b.jpg', 'Mains (Western)');

INSERT INTO MenuItems (res_id, food_id, price, name, description, imagepath, category) VALUES (47,1,21.3,'Flaxseed salad with tangerine dressing','A mouth-watering flaxseed salad served with tangerine dressing', 'https://cafedelites.com/wp-content/uploads/2016/08/Balsamic-Chicken-Avocado-Caprese-Salad-32.jpg', 'Appetizers');
 INSERT INTO MenuItems (res_id, food_id,price,name,description, imagepath, category) VALUES (47,2,21,'Nutmeg scones with tangerine jam','Fluffy, all-butter scones served with tangerine jam and fresh clotted cream', 'https://www.bbcgoodfood.com/sites/default/files/styles/recipe/public/recipe/recipe-image/2019/08/scones.jpg?itok=Lr3bXsFN', 'Sides');
 INSERT INTO MenuItems (res_id, food_id,price,name,description, imagepath, category) VALUES (47,3,19,'Potato and lime kebab','Skewer-cooked baby new potato and tangy lime served in warm pitta pockets', 'https://upload.wikimedia.org/wikipedia/commons/thumb/5/5b/Lula_kebab_2.jpg/1200px-Lula_kebab_2.jpg', 'Mains (International)');
 INSERT INTO MenuItems (res_id, food_id,price, name,description, imagepath, category) VALUES (47,4, 25.69,'Potato and hazelnut cake','Moist cake made with baby new potato and hazelnut', 'https://lh3.googleusercontent.com/proxy/198tobmRqh1XimIYcbwxe6ohUhhpMFNUhkep6FeICFFsFPYwIqzTY2C1y3to1bd2lsXD0e1ZDOLsN4WwcQd2PVHr7NTDRJKbeeWdcRTOVK0IU7dAFdmPMdu9RGIsoDF_ATQRKubHbXAVaC__plyW8Ig', 'Dessert');
 INSERT INTO MenuItems (res_id, food_id,price,name,description, imagepath, category) VALUES (47,5, 4.5,'Guava and lemon cheesecake','A velvety cheesecake layered with fresh guava and tangy lemon', 'https://i2.wp.com/www.cocoandash.com/wp-content/uploads/2019/08/IMG_0679.jpg?fit=2497%2C1664&ssl=1', 'Dessert');
 INSERT INTO MenuItems (res_id, food_id,price,name,description, imagepath, category) VALUES (47,6,13.42,'Ricotta and chicken dumplings','Thin pastry cases stuffed with ricotta and free range chicken', 'https://www.lemonsforlulu.com/wp-content/uploads/2017/08/Ricotta-Dumplings-2-720x720.jpg', 'Mains (Western)');
 INSERT INTO MenuItems (res_id, food_id,price,name,description, imagepath, category) VALUES (47,7,15.4,'Asafoetida and quorn vindaloo','Hot vindaloo made with asafoetida and quorn', 'https://i0.wp.com/himalayapalace.nl/wp-content/uploads/2020/03/Chicken_Vindaloo_Very_Hot.jpg?fit=1600%2C2000&ssl=1', 'Mains (Indian)');
 INSERT INTO MenuItems (res_id, food_id,price,name,description, imagepath, category) VALUES (47,8,5.67,'Lancashire cheese and peanut salad','A crunchy salad featuring lancashire cheese and peanut', 'https://c8.alamy.com/comp/D6F4KY/lancashire-cheese-and-pancetta-salad-D6F4KY.jpg', 'Appetizers');
 INSERT INTO MenuItems (res_id, food_id,price,name,description, imagepath, category) VALUES (47,9,24,'Kiwi fruit and paneer salad','A crisp salad featuring fresh kiwi fruit and fried paneer', 'https://c8.alamy.com/comp/D6F4KY/lancashire-cheese-and-pancetta-salad-D6F4KY.jpg', 'Appetizers');
 INSERT INTO MenuItems (res_id, food_id,price,name,description, imagepath, category) VALUES (47,10,10.23,'Bresaola and sausage penne','Fresh egg tubular pasta in a sauce made from bresaola and Cumberland sausage', 'https://live.staticflickr.com/908/40056093940_be0f1d2f36_b.jpg', 'Mains (Western)');

INSERT INTO MenuItems (res_id, food_id, price, name, description, imagepath, category) VALUES (48,1,21.3,'Flaxseed salad with tangerine dressing','A mouth-watering flaxseed salad served with tangerine dressing', 'https://cafedelites.com/wp-content/uploads/2016/08/Balsamic-Chicken-Avocado-Caprese-Salad-32.jpg', 'Appetizers');
 INSERT INTO MenuItems (res_id, food_id,price,name,description, imagepath, category) VALUES (48,2,21,'Nutmeg scones with tangerine jam','Fluffy, all-butter scones served with tangerine jam and fresh clotted cream', 'https://www.bbcgoodfood.com/sites/default/files/styles/recipe/public/recipe/recipe-image/2019/08/scones.jpg?itok=Lr3bXsFN', 'Sides');
 INSERT INTO MenuItems (res_id, food_id,price,name,description, imagepath, category) VALUES (48,3,19,'Potato and lime kebab','Skewer-cooked baby new potato and tangy lime served in warm pitta pockets', 'https://upload.wikimedia.org/wikipedia/commons/thumb/5/5b/Lula_kebab_2.jpg/1200px-Lula_kebab_2.jpg', 'Mains (International)');
 INSERT INTO MenuItems (res_id, food_id,price, name,description, imagepath, category) VALUES (48,4, 25.69,'Potato and hazelnut cake','Moist cake made with baby new potato and hazelnut', 'https://lh3.googleusercontent.com/proxy/198tobmRqh1XimIYcbwxe6ohUhhpMFNUhkep6FeICFFsFPYwIqzTY2C1y3to1bd2lsXD0e1ZDOLsN4WwcQd2PVHr7NTDRJKbeeWdcRTOVK0IU7dAFdmPMdu9RGIsoDF_ATQRKubHbXAVaC__plyW8Ig', 'Dessert');
 INSERT INTO MenuItems (res_id, food_id,price,name,description, imagepath, category) VALUES (48,5, 4.5,'Guava and lemon cheesecake','A velvety cheesecake layered with fresh guava and tangy lemon', 'https://i2.wp.com/www.cocoandash.com/wp-content/uploads/2019/08/IMG_0679.jpg?fit=2497%2C1664&ssl=1', 'Dessert');
 INSERT INTO MenuItems (res_id, food_id,price,name,description, imagepath, category) VALUES (48,6,13.42,'Ricotta and chicken dumplings','Thin pastry cases stuffed with ricotta and free range chicken', 'https://www.lemonsforlulu.com/wp-content/uploads/2017/08/Ricotta-Dumplings-2-720x720.jpg', 'Mains (Western)');
 INSERT INTO MenuItems (res_id, food_id,price,name,description, imagepath, category) VALUES (48,7,15.4,'Asafoetida and quorn vindaloo','Hot vindaloo made with asafoetida and quorn', 'https://i0.wp.com/himalayapalace.nl/wp-content/uploads/2020/03/Chicken_Vindaloo_Very_Hot.jpg?fit=1600%2C2000&ssl=1', 'Mains (Indian)');
 INSERT INTO MenuItems (res_id, food_id,price,name,description, imagepath, category) VALUES (48,8,5.67,'Lancashire cheese and peanut salad','A crunchy salad featuring lancashire cheese and peanut', 'https://c8.alamy.com/comp/D6F4KY/lancashire-cheese-and-pancetta-salad-D6F4KY.jpg', 'Appetizers');
 INSERT INTO MenuItems (res_id, food_id,price,name,description, imagepath, category) VALUES (48,9,24,'Kiwi fruit and paneer salad','A crisp salad featuring fresh kiwi fruit and fried paneer', 'https://c8.alamy.com/comp/D6F4KY/lancashire-cheese-and-pancetta-salad-D6F4KY.jpg', 'Appetizers');
 INSERT INTO MenuItems (res_id, food_id,price,name,description, imagepath, category) VALUES (48,10,10.23,'Bresaola and sausage penne','Fresh egg tubular pasta in a sauce made from bresaola and Cumberland sausage', 'https://live.staticflickr.com/908/40056093940_be0f1d2f36_b.jpg', 'Mains (Western)');

INSERT INTO MenuItems (res_id, food_id, price, name, description, imagepath, category) VALUES (49,1,21.3,'Flaxseed salad with tangerine dressing','A mouth-watering flaxseed salad served with tangerine dressing', 'https://cafedelites.com/wp-content/uploads/2016/08/Balsamic-Chicken-Avocado-Caprese-Salad-32.jpg', 'Appetizers');
 INSERT INTO MenuItems (res_id, food_id,price,name,description, imagepath, category) VALUES (49,2,21,'Nutmeg scones with tangerine jam','Fluffy, all-butter scones served with tangerine jam and fresh clotted cream', 'https://www.bbcgoodfood.com/sites/default/files/styles/recipe/public/recipe/recipe-image/2019/08/scones.jpg?itok=Lr3bXsFN', 'Sides');
 INSERT INTO MenuItems (res_id, food_id,price,name,description, imagepath, category) VALUES (49,3,19,'Potato and lime kebab','Skewer-cooked baby new potato and tangy lime served in warm pitta pockets', 'https://upload.wikimedia.org/wikipedia/commons/thumb/5/5b/Lula_kebab_2.jpg/1200px-Lula_kebab_2.jpg', 'Mains (International)');
 INSERT INTO MenuItems (res_id, food_id,price, name,description, imagepath, category) VALUES (49,4, 25.69,'Potato and hazelnut cake','Moist cake made with baby new potato and hazelnut', 'https://lh3.googleusercontent.com/proxy/198tobmRqh1XimIYcbwxe6ohUhhpMFNUhkep6FeICFFsFPYwIqzTY2C1y3to1bd2lsXD0e1ZDOLsN4WwcQd2PVHr7NTDRJKbeeWdcRTOVK0IU7dAFdmPMdu9RGIsoDF_ATQRKubHbXAVaC__plyW8Ig', 'Dessert');
 INSERT INTO MenuItems (res_id, food_id,price,name,description, imagepath, category) VALUES (49,5, 4.5,'Guava and lemon cheesecake','A velvety cheesecake layered with fresh guava and tangy lemon', 'https://i2.wp.com/www.cocoandash.com/wp-content/uploads/2019/08/IMG_0679.jpg?fit=2497%2C1664&ssl=1', 'Dessert');
 INSERT INTO MenuItems (res_id, food_id,price,name,description, imagepath, category) VALUES (49,6,13.42,'Ricotta and chicken dumplings','Thin pastry cases stuffed with ricotta and free range chicken', 'https://www.lemonsforlulu.com/wp-content/uploads/2017/08/Ricotta-Dumplings-2-720x720.jpg', 'Mains (Western)');
 INSERT INTO MenuItems (res_id, food_id,price,name,description, imagepath, category) VALUES (49,7,15.4,'Asafoetida and quorn vindaloo','Hot vindaloo made with asafoetida and quorn', 'https://i0.wp.com/himalayapalace.nl/wp-content/uploads/2020/03/Chicken_Vindaloo_Very_Hot.jpg?fit=1600%2C2000&ssl=1', 'Mains (Indian)');
 INSERT INTO MenuItems (res_id, food_id,price,name,description, imagepath, category) VALUES (49,8,5.67,'Lancashire cheese and peanut salad','A crunchy salad featuring lancashire cheese and peanut', 'https://c8.alamy.com/comp/D6F4KY/lancashire-cheese-and-pancetta-salad-D6F4KY.jpg', 'Appetizers');
 INSERT INTO MenuItems (res_id, food_id,price,name,description, imagepath, category) VALUES (49,9,24,'Kiwi fruit and paneer salad','A crisp salad featuring fresh kiwi fruit and fried paneer', 'https://c8.alamy.com/comp/D6F4KY/lancashire-cheese-and-pancetta-salad-D6F4KY.jpg', 'Appetizers');
 INSERT INTO MenuItems (res_id, food_id,price,name,description, imagepath, category) VALUES (49,10,10.23,'Bresaola and sausage penne','Fresh egg tubular pasta in a sauce made from bresaola and Cumberland sausage', 'https://live.staticflickr.com/908/40056093940_be0f1d2f36_b.jpg', 'Mains (Western)');

INSERT INTO MenuItems (res_id, food_id, price, name, description, imagepath, category) VALUES (50,1,21.3,'Flaxseed salad with tangerine dressing','A mouth-watering flaxseed salad served with tangerine dressing', 'https://cafedelites.com/wp-content/uploads/2016/08/Balsamic-Chicken-Avocado-Caprese-Salad-32.jpg', 'Appetizers');
 INSERT INTO MenuItems (res_id, food_id,price,name,description, imagepath, category) VALUES (50,2,21,'Nutmeg scones with tangerine jam','Fluffy, all-butter scones served with tangerine jam and fresh clotted cream', 'https://www.bbcgoodfood.com/sites/default/files/styles/recipe/public/recipe/recipe-image/2019/08/scones.jpg?itok=Lr3bXsFN', 'Sides');
 INSERT INTO MenuItems (res_id, food_id,price,name,description, imagepath, category) VALUES (50,3,19,'Potato and lime kebab','Skewer-cooked baby new potato and tangy lime served in warm pitta pockets', 'https://upload.wikimedia.org/wikipedia/commons/thumb/5/5b/Lula_kebab_2.jpg/1200px-Lula_kebab_2.jpg', 'Mains (International)');
 INSERT INTO MenuItems (res_id, food_id,price, name,description, imagepath, category) VALUES (50,4, 25.69,'Potato and hazelnut cake','Moist cake made with baby new potato and hazelnut', 'https://lh3.googleusercontent.com/proxy/198tobmRqh1XimIYcbwxe6ohUhhpMFNUhkep6FeICFFsFPYwIqzTY2C1y3to1bd2lsXD0e1ZDOLsN4WwcQd2PVHr7NTDRJKbeeWdcRTOVK0IU7dAFdmPMdu9RGIsoDF_ATQRKubHbXAVaC__plyW8Ig', 'Dessert');
 INSERT INTO MenuItems (res_id, food_id,price,name,description, imagepath, category) VALUES (50,5, 4.5,'Guava and lemon cheesecake','A velvety cheesecake layered with fresh guava and tangy lemon', 'https://i2.wp.com/www.cocoandash.com/wp-content/uploads/2019/08/IMG_0679.jpg?fit=2497%2C1664&ssl=1', 'Dessert');
 INSERT INTO MenuItems (res_id, food_id,price,name,description, imagepath, category) VALUES (50,6,13.42,'Ricotta and chicken dumplings','Thin pastry cases stuffed with ricotta and free range chicken', 'https://www.lemonsforlulu.com/wp-content/uploads/2017/08/Ricotta-Dumplings-2-720x720.jpg', 'Mains (Western)');
 INSERT INTO MenuItems (res_id, food_id,price,name,description, imagepath, category) VALUES (50,7,15.4,'Asafoetida and quorn vindaloo','Hot vindaloo made with asafoetida and quorn', 'https://i0.wp.com/himalayapalace.nl/wp-content/uploads/2020/03/Chicken_Vindaloo_Very_Hot.jpg?fit=1600%2C2000&ssl=1', 'Mains (Indian)');
 INSERT INTO MenuItems (res_id, food_id,price,name,description, imagepath, category) VALUES (50,8,5.67,'Lancashire cheese and peanut salad','A crunchy salad featuring lancashire cheese and peanut', 'https://c8.alamy.com/comp/D6F4KY/lancashire-cheese-and-pancetta-salad-D6F4KY.jpg', 'Appetizers');
 INSERT INTO MenuItems (res_id, food_id,price,name,description, imagepath, category) VALUES (50,9,24,'Kiwi fruit and paneer salad','A crisp salad featuring fresh kiwi fruit and fried paneer', 'https://c8.alamy.com/comp/D6F4KY/lancashire-cheese-and-pancetta-salad-D6F4KY.jpg', 'Appetizers');
 INSERT INTO MenuItems (res_id, food_id,price,name,description, imagepath, category) VALUES (50,10,10.23,'Bresaola and sausage penne','Fresh egg tubular pasta in a sauce made from bresaola and Cumberland sausage', 'https://live.staticflickr.com/908/40056093940_be0f1d2f36_b.jpg', 'Mains (Western)');


 INSERT INTO MenuItems (res_id, food_id,price,name,description) VALUES (33,11,8.76,'Milk chocolate and treacle cookies','Crunchy cookies made with milk chocolate and black treacle');
 INSERT INTO MenuItems (res_id, food_id,price,name,description) VALUES (41,12,12.43,'Salmon and pepper fusilli','Fresh egg pasta in a sauce made from smoked salmon and green pepper');
 INSERT INTO MenuItems (res_id, food_id,price,name,description) VALUES (37,13,6.71,'Spinach and mushroom wontons','Thin wonton cases stuffed with fresh spinach and shitake mushroom');
 INSERT INTO MenuItems (res_id, food_id, price, name,description) VALUES (43, 14, 23.13,' Chorizo and sage burgers','Tasty burgers made from Spanish chorizo and fresh sage, served in a roll');
 INSERT INTO MenuItems (res_id, food_id,price,name,description) VALUES (18,15, 14.63,'Lamb and caper penne','Fresh egg tubular pasta in a sauce made from minced lamb and caper');
 INSERT INTO MenuItems (res_id, food_id,price,name,description) VALUES (36,16,21.6,'Pork sausage meat and cranberry salad','Pork sausage meat and fresh cranberries served on a bed of lettuce');
 INSERT INTO MenuItems (res_id, food_id,price,name,description) VALUES (44,17,23.64,'Lamb and chard curry','Hot curry made with minced lamb and fresh chard');
 INSERT INTO MenuItems (res_id, food_id,price,name,description) VALUES (26,18,10.21,'Black pepper and turkey salad','Crushed black pepper and smoked turkey served on a bed of lettuce');
 INSERT INTO MenuItems (res_id, food_id,price,name,description) VALUES (25,19,10.21,'Bacon and chickpea pie','A shortcrust pasty case filled with back bacon and fresh chickpea');
 INSERT INTO MenuItems (res_id, food_id,price,name,description) VALUES (24,20,10.21,'Fish and scallop dumplings','Thin pastry cases stuffed with fish and scallop');
 INSERT INTO MenuItems (res_id, food_id,price,name,description) VALUES (2,21,17.81,'Paneer and tofu skewers','Bamboo skewers loaded with fried paneer and marinaded tofu');
 INSERT INTO MenuItems (res_id, food_id,price,name,description) VALUES (33,22,10.212,'Rabbit and beef casserole','Rabbit and beef stewed');
 INSERT INTO MenuItems (res_id, food_id,price,name,description) VALUES (43,23,7.67,'Turkey and wensleydale salad','Free-range turkey and wensleydale served on a bed of lettuce');
 INSERT INTO MenuItems (res_id, food_id,price,name,description) VALUES (23,24,10.21,'Apple and chestnut cake','Rich cake made with fresh apple and roasted chestnut');
 INSERT INTO MenuItems (res_id, food_id,price,name,description) VALUES (22,25,10.21,'Swede and mushroom soup','Swede and wild mushroom combined into creamy soup');
 INSERT INTO MenuItems (res_id, food_id,price,name,description) VALUES (21,26,10.21,'Stilton and cinnamon muffins','Rich muffins made with stilton and cinnamon');
 INSERT INTO MenuItems (res_id, food_id,price,name,description) VALUES (20,27,10.21,'Turkey and pepper ciabatta','Warm ciabatta filled with free-range turkey and red pepper');
 INSERT INTO MenuItems (res_id, food_id,price,name,description) VALUES (19,28,10.21,'Salmon and fish toastie','Crisp slices of bread filled with smoked salmon and fish');
 INSERT INTO MenuItems (res_id, food_id,price,name,description) VALUES (18,29,10.21,'Bacon and peppercorn fusilli','Fresh egg pasta in a sauce made from thick bacon and pink peppercorn');
 INSERT INTO MenuItems (res_id, food_id,price,name,description) VALUES (17,30,10.21,'Rocket and pepper spaghetti','Spagetti topped with a blend of fresh rocket and green pepper');
 INSERT INTO MenuItems (res_id, food_id,price,name,description) VALUES (37,31,3.54,'Shiitake Mushroom Rice Noodles','Blanched Chinese broccoli, panfried shiitakes, and tender rice noodles with tamari, Asian fish sauce, vinegar, and chicken stock.');
 INSERT INTO MenuItems (res_id, food_id,price,name,description) VALUES (16,32,10.21,'Chicken Biryani','Long-grained rice (like basmati) flavored with exotic spices, such as saffron, is layered with lamb, chicken, fish, or vegetables, and a thick gravy.');
 INSERT INTO MenuItems (res_id, food_id,price,name,description) VALUES (38,33,20.1,'Singapore Noodles','Stir-fried rice vermicelli seasoned with curry powder, vegetables, scrambled eggs and meat');
 INSERT INTO MenuItems (res_id, food_id,price,name,description) VALUES (15,34,10.21,'Hokkien mee','Thick yellow noodles braised in thick dark soy sauce with pork, squid, fish cake and cabbage.');
 INSERT INTO MenuItems (res_id, food_id,price,name,description) VALUES (28,35,8.87,'HotPlate Dry Chili Chicken','Fresh Chicken Meal fried with Dry Chili');
 INSERT INTO MenuItems (res_id, food_id,price,name,description) VALUES (14,36,10.21,'Chicken tikka masala','Chunks of roasted marinated chicken in a spiced curry sauce');
 INSERT INTO MenuItems (res_id, food_id,price,name,description) VALUES (13,37,10.21,'Mala','Spicy noodles bound to give you the flames');
 INSERT INTO MenuItems (res_id, food_id,price,name,description) VALUES (35, 38,18.48,'Rice Noodle Salad With Spring Vegetables','Rice Noodle Salad With Spring Vegetables');
 INSERT INTO MenuItems (res_id, food_id,price,name,description) VALUES (12,39,10.21,'Sesame Chicken','Crispy chicken pieces tossed in a sweet and savory honey sesame sauce');
 INSERT INTO MenuItems (res_id, food_id,price,name,description) VALUES (11,40,10.21,'Hainanese chicken rice','Poached chicken and seasoned rice, served with chilli sauce and  with cucumber garnishes');
 INSERT INTO MenuItems (res_id, food_id,price,name,description) VALUES (46,41,29.3,'Char kway teow','stir-fried rice cake strips');
 INSERT INTO MenuItems (res_id, food_id,price,name,description) VALUES (9,42,10.21,'Yakiniku chicken','Japanese grilled meat');
 INSERT INTO MenuItems (res_id, food_id,price,name,description) VALUES (8,43,10.21,'Shrimp With Szechuan Sauce','Spicy');
 INSERT INTO MenuItems (res_id, food_id,price,name,description) VALUES (7,44,10.21,'Ultimate Cheesy Thigh Burger','Juicy boneless thigh and melted cheddar cheese, generously smothered with cheese sauce and chutney. Deliciously messy!');
 INSERT INTO MenuItems (res_id, food_id,price,name,description) VALUES (26,45,10.21,'Classic Thigh Burger','Juicy boneless thigh, crispy oven-baked cheddar slice, fresh lettuce and tomatoes, and creamy mayo.');
 INSERT INTO MenuItems (res_id, food_id,price,name,description) VALUES (47,46,10.21,'Saucy Chicken Rice Bowl','Juicy tenders in our special sauce, served with Mediterranean Rice.');
 INSERT INTO MenuItems (res_id, food_id,price,name,description) VALUES (23,47,10.21,'Winglets & Drumlets','In your choice of PERi-PERi flavour');
 INSERT INTO MenuItems (res_id, food_id,price,name,description) VALUES (46,48,10.21,'Chicken Butterfly','Two chicken breasts joined by crispy skin');
 INSERT INTO MenuItems (res_id, food_id,price,name,description) VALUES (16,49,10.21,'Boneless Thighs & Summer Rice Bowl','Two boneless thighs on a bed of Spiced Rice mixed with corn, cherry tomatoes, kidney beans, and roasted pumpkin.');
 INSERT INTO MenuItems (res_id, food_id, price, name,description) VALUES (4, 50, 16.09,'Pulled Chicken Rice Bowl','Saucy pulled chicken and veg mixed in a tomato relish on Spiced Rice.');
 INSERT INTO MenuItems (res_id, food_id,price,name,description) VALUES (42,51,10.21,'Steamed Vegetable & Pork Dumplings','savoury premium meat and fragrant Chinese cabbage');
 INSERT INTO MenuItems (res_id, food_id,price,name,description) VALUES (25,52,10.21,'Steamed Truffle & Pork Dumplings','black truffles with fresh pork wrapped in delicate skin');
 INSERT INTO MenuItems (res_id, food_id,price,name,description) VALUES (12,53,10.21,'Stir-fried Hong Kong Kailan with Special Sauce','expertly flash-fried with minimal oil and accented with aromatic slivers of garlic.');
 INSERT INTO MenuItems (res_id, food_id,price,name,description) VALUES (36,54,10.21,'Special Braised Beef Noodle Soup with Beef Brisket','Succulent juicy meat with noodles immersed in a bowl of flavourful soup  indeed a hearty meal on its own.');
 INSERT INTO MenuItems (res_id, food_id,price,name,description) VALUES (23,55,10.21,'Noodle Soup with Fried Pork Chop','Signature fried pork chop marinated with complex spices. A hearty yet wholesome twosome to slurp up with gusto.');
 INSERT INTO MenuItems (res_id, food_id,price,name,description) VALUES (37,56,10.02,'Fried Rice with Shrimps & Eggs','An extremely popular dish, the ingredients are pared down to simple rice, shrimps, eggs, and spring onions, creating a taste of familiar comfort.');
 INSERT INTO MenuItems (res_id, food_id,price,name,description) VALUES (21,57,10,'Noodle with Minced Pork in Bean Sauce','Handmade noodles cooked to a pleasantly springy consistency tossed with minced pork in bean sauce');
 INSERT INTO MenuItems (res_id, food_id,price,name,description) VALUES (49,58,13.4,'Double-Boiled Papaya & Snow Fungus with Rock Sugar','Excellent for the complexion and balancing of the inner soul, this is a healing dessert that is perfect for rounding up a simple lunch or dinner.');
 INSERT INTO MenuItems (res_id, food_id,price,name,description) VALUES (5,59,9.59,'Lemongrass Juice','A refreshing and fragrant drink that is subtly sweet and iced for a hot day.');
 INSERT INTO MenuItems (res_id, food_id,price,name,description) VALUES (5,60,23.32,'Mango Pudding',' Made with pure mango flesh, the select variety makes for a luscious pudding, with a heady aroma of freshly peeled mango.');
 INSERT INTO MenuItems (res_id, food_id,price,name,description) VALUES (39,61,11.2,'Laksa Noodles (Vegan)','Tuck into a comforting bowl of hearty, robust laksa made from scratch with blue ginger, yellow ginger, chillies and laksa leaves. Noodles, Straw Mushroom, Konnyaku prawn, Konnyaku ball, Tau pok and Beansprout');
 INSERT INTO MenuItems (res_id, food_id,price,name,description) VALUES (13,62,10.78,'Angelica Herbal Noodle w Cordyceps (Contain Milk)','Konnyaku Fishball, Soya Mutton, Tau Pok, Lettuce and Carrot served in a herbal broth with more than 10 Chinese herbs such as Angelica, Licorice and Wolfberry.');
 INSERT INTO MenuItems (res_id, food_id,price,name,description) VALUES (50,63,24,'Taiwanese Spicy Dry Handmade Noodles(Contain Milk)','Taiwanese Spicy Paste, Staw Mushroom, QQ tofu, Cucumber stripes, Carrot stripes and Parsley');
 INSERT INTO MenuItems (res_id, food_id,price,name,description) VALUES (5,64,7.5,'Smoky BBQ Soy Burger','Sesame seed buns, Smoked Soy Patty, Cucumber slices, Tomato slices and Lettuce. ');
 INSERT INTO MenuItems (res_id, food_id,price,name,description) VALUES (5,65,5.5,'Fresh Mix Mushroom Burger with Fries (Vegan)','Sesame Seed Buns, Gong Bao Mushroom, Tomato Slices and Lettuce. ');


INSERT INTO Users (usr_id,userName,password_digest) VALUES ('ube2138d2','fds','$2b$10$DadfX3XUT1PeKJ/C706jbeOE.zA.tt3tXYDmmCAhqOHjbdEI3zwDa');

--rest staff
INSERT INTO Users (usr_id,userName,password_digest) VALUES ('yALo31p66','Jonah','$2b$10$DadfX3XUT1PeKJ/C706jbeOE.zA.tt3tXYDmmCAhqOHjbdEI3zwDa');
INSERT INTO Users (usr_id,userName,password_digest) VALUES ('Nz3YRCJ93','Michelle','$2b$10$ooRSCo8IqVhoOYBClMsOS.I/qFrh9Yt2298ZgPVkFohVRt8F9RDWi');
INSERT INTO Users (usr_id,userName,password_digest) VALUES ('0PaYyGYa2','David','$2b$10$VOdTaFrVDqPl3da7CnGn8OIhgsGyvSYRk5D2Z7HE9ke/unqJd2PT6');
INSERT INTO Users (usr_id,userName,password_digest) VALUES ('OAjkAEpS8','Maigee','$2b$10$t9RdPt5Shd2RFUu5lKs5tus4j0KT16Z4nxWsIZYCHcANDu60ZvfbW');
INSERT INTO Users (usr_id,userName,password_digest) VALUES ('3MYG321cc','Taylor','$2b$10$qeojSpxT3.0yIsDZbIulUup8jYjpDPzRDsGqtNDlD.8jzNJFZKiGy');
INSERT INTO Users (usr_id,userName,password_digest) VALUES ('A0mvq4Jdb','Azalia','$2b$10$DFobNJlPtRHslLqtH5l3fu3nGs5.W3f5G5CrbKqwxOM0T0wS.kLLa');
INSERT INTO Users (usr_id,userName,password_digest) VALUES ('XvoLkpZTE','Ethan','$2b$10$vqbySCSSvC0Xwo8d9S3N8e8RYIybVSLX3lKA7n0Hv3OUFhJxYfKQO'); 
INSERT INTO Users (usr_id,userName,password_digest) VALUES ('U2Y-UiaAU','Axel','$2b$10$IZ3N5TTSJ2jkecuz3yRkzup9z52J067UYHRz8aefnLkj7GCgg3bHm'); 
INSERT INTO Users (usr_id,userName,password_digest) VALUES ('z-ww0VLXW','Norman','$2b$10$K6etItP44Tfr8IBzux6F/.dLFe9itxafJfuzq3kY57oAbZbrhdPtG');
INSERT INTO Users (usr_id,userName,password_digest) VALUES ('SIhwuQimT','Sybill','$2b$10$Q41F0LXE8qpqLtZO9nsbJeXkq0ZKj1Pn7QTYTYwiptx/EI1XsEQRW');
INSERT INTO Users (usr_id,userName,password_digest) VALUES ('DZl6N_NI-','Noelle','$2b$10$B5jcuUPToWnxuIJgEGjOwuGXR7Xrw1sgRnqmRyuRgV8fbkWA6h36G');
INSERT INTO Users (usr_id,userName,password_digest) VALUES ('K-esPxKfI','Zoe','$2b$10$WS/h33jjJ60iBV7fx0W5/OTptYQenSWXhG8t2vD5NKiW/FFK2W9ka');
INSERT INTO Users (usr_id,userName,password_digest) VALUES ('1vxeFtHDq','Wing','$2b$10$oSs6SlF.aAM7XEuEm50HX.qHvEoQQkow8os..hlvWCtx2wsU7ROIO');
INSERT INTO Users (usr_id,userName,password_digest) VALUES ('1jeIENcIq','Jena','$2b$10$BQFjaANyTWawqmu1K7mdUO3sdQArZSu.LVltXDp9cuQzx7gzohiVG');
INSERT INTO Users (usr_id,userName,password_digest) VALUES ('q4fkZuaeY','Laurel','$2b$10$lR8ElAT5SVKW0L7OFBNtv.LITQQLUE96hoPV8IVKuuFaR/sQXo5Ka');
INSERT INTO Users (usr_id,userName,password_digest) VALUES ('N4ZVZepiv','Bert','$2b$10$Zki.nQgz2B4rCqTy2e8bAeVhBEEVWJotyJHKQbKNpVD3sR6pDglmK');
INSERT INTO Users (usr_id,userName,password_digest) VALUES ('UbykC5kJb','Garrison','$2b$10$mnGIl8Oug1LoTqB.JM3HNuQtEr7Q1EmeIJhBm5OpEuvL4qcisXvLi');
INSERT INTO Users (usr_id,userName,password_digest) VALUES ('8lFLwKHQJ','Marny','$2b$10$3nxe3nKx45m8r8A8jlY9Ke17jJxwnZqMLRlJG4JEnG3ogQt/5vBIe');
INSERT INTO Users (usr_id,userName,password_digest) VALUES ('A-QIXqLbR','September','$2b$10$8FIzp7FY6jT1ndWVqbj0Ee47K0oRw8dj13AnPG.PLB.Ha.MMGR8dC');
INSERT INTO Users (usr_id,userName,password_digest) VALUES ('Y3LkEpy3O','Nayda','$2b$10$gLJA4geWlIan/l608tgpCeGKTliLNFaYkf0ITCYDT0Qeh7uoekK6y');
INSERT INTO Users (usr_id,userName,password_digest) VALUES ('0Y6nTaae0','Brianna','$2b$10$zGlFb.WiqgHPsAnq/LcvuuTmMIIaKJexcoWfQ5rNqZCQl7ZatSJ5W');
INSERT INTO Users (usr_id,userName,password_digest) VALUES ('z5Y9yaIpm','Barbara','$2b$10$6XML5Uwuu4qD7wtvepKjyuXsI14RDbQzuBHyYQp9dH8DQorarqYUq');
INSERT INTO Users (usr_id,userName,password_digest) VALUES ('FH64TyCI3','Signe','$2b$10$BuRL92rxVSbAX6t40HMMMOycktYd3pS0FaNXMepOIlEWGY428RUfG');
INSERT INTO Users (usr_id,userName,password_digest) VALUES ('zIWCOpEi6','Sonya','$2b$10$mjcc2IG77FtL0Jc9JMlP0.hYhxKgen0xpNUZDgbSBN1mYLgZXIUO6');
INSERT INTO Users (usr_id,userName,password_digest) VALUES ('JHIkSJ-Wu','Holly','$2b$10$xVfKASzqhYgeh5U7o640EO2NmaSJlI.9rqabn6P3SsWRULqGhsTWq');
INSERT INTO Users (usr_id,userName,password_digest) VALUES ('xmRyo3u1Z','Kelly','$2b$10$8PMGaeDFHAqoRv6Ld.PyD.NfHDBmZar9RPAy2y9jh2GFRQb0XJaLS');
INSERT INTO Users (usr_id,userName,password_digest) VALUES ('BLRBtUyde','Liberty','$2b$10$Cl2j9GWLcL9ruAjoiDI12e4HTfYdSf72o0TrfSOildkT0BySJDfme');
INSERT INTO Users (usr_id,userName,password_digest) VALUES ('FSoVvkj7z','Ingewa','$2b$10$KdDHPEe2auv6Jedz54ilLelaOiJhaYBjJVAvkHw/pbds3bDeyW9sO');
INSERT INTO Users (usr_id,userName,password_digest) VALUES ('tvvOP2V68','Craig','$2b$10$wJxy9DAyfm7s0U8jQZbjouO6gHxaTRs3JmidM0rpWcihdcJfUDNRW');
INSERT INTO Users (usr_id,userName,password_digest) VALUES ('9GDYvJRtO','Aretha','$2b$10$vF1lMqaljcfmDsqAiAKMheeUFBo0DnQ1bt4/YBlIc0zDZbf9ubWz6');
INSERT INTO Users (usr_id,userName,password_digest) VALUES ('8xV_yMuJD','Emerald','$2b$10$fqEoFBgdfbFXw8wO0Rhpr.gz89z.N8kiYSWMIxFA4N.YFGrtdQwTy');
INSERT INTO Users (usr_id,userName,password_digest) VALUES ('C5nN3AROh','Kimberley','$2b$10$5mn5b7sjp1Noe1XXEtKJH.cTqBHtsj5dC7x93JMv2PmMfyBhb4JG6'); 
INSERT INTO Users (usr_id,userName,password_digest) VALUES ('WnkhwEg25','Domiique','$2b$10$.VvRf78uxWanNKzeWR26kO25UZ23MULxsiVHy9Ut9h94prRjR42ZW');
INSERT INTO Users (usr_id,userName,password_digest) VALUES ('bX8LkJr1u','Montana','$2b$10$6.fseAz9Kn5XmvryUq3p6.us2gUnt.MrfAiNG2zXFRMYg.1.vTEHq');
INSERT INTO Users (usr_id,userName,password_digest) VALUES ('_TzCcSgcj','Flynn','$2b$10$dypo9hrsK3rRWia/jSrFb.gmhujgLIMJmc2UH0bh8yXpTBXEvvZcC');
INSERT INTO Users (usr_id,userName,password_digest) VALUES ('k1VOetgPF','Ross','$2b$10$oDQlstIMn89dhxSMWDJkTuhQXUknRvvI76qbcq/fupi5QSHatRvQm');
INSERT INTO Users (usr_id,userName,password_digest) VALUES ('Koog_RDPz','Xerxe','$2b$10$11kvoDEbLy.XiGFqIIYfousBnNnYyOEpY4KsSqLhq334CkFprd2/.');
INSERT INTO Users (usr_id,userName,password_digest) VALUES ('mvEjqiS6H','Graiden','$2b$10$LyY2lXUqncW9Gqe0qC3mKusBmxv9ljvJTEE2S1CYKsLoUuq2W1DYe');
INSERT INTO Users (usr_id,userName,password_digest) VALUES ('BNHLWB6Xw','Magee','$2b$10$c2rnBHCEPy7xYbO4QPJwre5Werx29MUrx0p1xS/fk8tQKm5WM5fLa');
INSERT INTO Users (usr_id,userName,password_digest) VALUES ('-1F-8t-nS','Kadeem','$2b$10$ZUjH6I56QueIWHmI7/G5D.O50MYwaRFA2zbtP3YhZ/hOK.lrj6x9a');
INSERT INTO Users (usr_id,userName,password_digest) VALUES ('EUrqx6Jct','Tobias','$2b$10$kKEsmoDoyHKDFMXRitG18ODj4k3cZXbHfG0F3gcWVfWZon9E411zy');
INSERT INTO Users (usr_id,userName,password_digest) VALUES ('s5lEKxH3Y','Chase','$2b$10$nzuOUmDBaxwSJaqzjSsadepAGLLYVcSanFBaQmkC26Yt3yZYf2yUS');
INSERT INTO Users (usr_id,userName,password_digest) VALUES ('Ln2OI6rJR','Galena','$2b$10$.PIzGB/YTwMVGaxCUGJHfeXEV1ScTXhBFaFCaR6DtWXLUcfONh.g.');
INSERT INTO Users (usr_id,userName,password_digest) VALUES ('LyxswPIwg','Charissa','$2b$10$EzNf8gWj61PXmqMTLadj3OwopvP2dDIdLMPm/TDurN9.lSneQ7lQ2');
INSERT INTO Users (usr_id,userName,password_digest) VALUES('0wO5ZU3Xt', 'Clayton', '$2b$10$rY/EV37yJDA.XbivALy9tO6nYt0Qt5h8KrqsPvhiP0qB.xpDX.84i'); 
INSERT INTO Users (usr_id,userName,password_digest) VALUES('P0PrOyqy10', 'Vivienne', '$2b$10$N3tOM8J3u/PHZxgrCoIfdOaGIm4VnI1TpyH0dqprfkpDZMjgIE4j2'); 
INSERT INTO Users (usr_id,userName,password_digest) VALUES('r9LUbfxcmE', 'Alysia', '$2b$10$q/rWKdkvogGWmRaLeumiJef5KHa5H8z61RQv.PFgf6yYms/5tgEtK'); 
INSERT INTO Users (usr_id,userName,password_digest) VALUES('MePufGYSG8', 'Gaylord', '$2b$10$vQoG9N9ngZqTY0sFY9jLFOTkUVh4T/m5jwj/RNnbHY9e8kdvvWxvS'); 
INSERT INTO Users (usr_id,userName,password_digest) VALUES('Nx66OXKy2X', 'Darrell', '$2b$10$prXqua4wkB43TMhwGLXDIerWTWx8QC8kS2KlzAALMYGIw/kdCnxce');
INSERT INTO Users (usr_id,userName,password_digest) VALUES('2R-iaSVA89', 'Justa', '$2b$10$SWqr/FFLcCmK4vJ0NMadzuynrQlG4hBhumCZoTmDHQlnfQyiki.o.'); 

--customer
INSERT INTO Users (usr_id,userName,password_digest) VALUES('qnXAuDyjP9', 'Douglas', '$2b$10$tmtPpP1YLe92z7/Dx66HM.1RfZLWYtvEf3qVtEo6gaQ73H/oqw/4W'); 
INSERT INTO Users (usr_id,userName,password_digest) VALUES('nVXaMH1wsq', 'Sanford', '$2b$10$ooRSCo8IqVhoOYBClMsOS.I/qFrh9Yt2298ZgPVkFohVRt8F9RDWi');
INSERT INTO Users (usr_id,userName,password_digest) VALUES('3fbloaV8Qv', 'Marion', '$2b$10$VOdTaFrVDqPl3da7CnGn8OIhgsGyvSYRk5D2Z7HE9ke/unqJd2PT6');
INSERT INTO Users (usr_id,userName,password_digest) VALUES('d8BmgbWqUb', 'Berniece', '$2b$10$t9RdPt5Shd2RFUu5lKs5tus4j0KT16Z4nxWsIZYCHcANDu60ZvfbW');
INSERT INTO Users (usr_id,userName,password_digest) VALUES('5o87B2dpeR', 'Dominic', '$2b$10$qeojSpxT3.0yIsDZbIulUup8jYjpDPzRDsGqtNDlD.8jzNJFZKiGy');

INSERT INTO Users (usr_id,userName,password_digest) VALUES('ifGzY2qUam', 'Lanny', '$2b$10$6BXAJmgKAL8CmHxDZQ3C1OaeXzwMeNa8uz0RRmrGV18Go/SZq.UVS'); 
INSERT INTO Users (usr_id,userName,password_digest) VALUES('iMFHUy09Dt', 'Belle', '$2b$10$tLAYKjTl4iXSKDh4GAH4Uu/OqKOaVK2V6pcENeq61H/lPCwRdL8My'); 
INSERT INTO Users (usr_id,userName,password_digest) VALUES('WTHhF2EGQ', 'Lawerence', '$2b$10$Rk3JciA40hXg0Uu4HZOJtusMNoy4zpvebkxdua0UEwCw82ic8lBl.'); 
INSERT INTO Users (usr_id,userName,password_digest) VALUES('2UEjTo676_', 'Ahmed', '$2b$10$Ae/.brISl36ELZaduAq.uuFoTvzNc.QS9y.UPB5vEvLSdNCvvc9S.'); 
INSERT INTO Users (usr_id,userName,password_digest) VALUES('WVOJ1iOHyw', 'Shon', '$2b$10$oi64QiMqHLZkJI1O3mOqBuudgLTZ1VbEa0xAgYDsxpgO28ZHngQ1O'); 
INSERT INTO Users (usr_id,userName,password_digest) VALUES('uxiYPnAqxS', 'Doretta', '$2b$10$YDfUlWe.FZu6G4K6/XAuzem/dy/3XFNVh.p89E5zqwUBM7jBPmOc2'); 
INSERT INTO Users (usr_id,userName,password_digest) VALUES('SOGsOwONK5', 'Serafina', '$2b$10$cs1WaT3QhLEmRtwSc1Kg4uT/amEp2a0Jw7/QU4Uv71q6hmEDXH5xm'); 
INSERT INTO Users (usr_id,userName,password_digest) VALUES('oimb4kFIlr', 'Winter', '$2b$10$JoPtL7bYVvTQkGnn6Cb2YeZKQ/sih5T4n.kTDoq/o.K6Er0fcDON6'); 
INSERT INTO Users (usr_id,userName,password_digest) VALUES('x-C1BB-EoH', 'Corey', '$2b$10$iUyBjzIGLNNeLwYNclwhd.pvoIPWedi1.aQiw.zYe4fhciZbX5Dxq'); 
INSERT INTO Users (usr_id,userName,password_digest) VALUES('3PnARfg_2Z', 'Jayne', '$2b$10$ak42/ncFY8JHoazpqeb49uKzTqHVQ/hDy4iCreJbCgzchVhdobzie'); 
INSERT INTO Users (usr_id,userName,password_digest) VALUES('QQGqRT2foI', 'Virgil', '$2b$10$Hhq6CbPIRqfQY6Hqz2Yx1uClxgvI21qzXbSpoHXAm7Rf3PwyB3RiO'); 
INSERT INTO Users (usr_id,userName,password_digest) VALUES('qx95t-0h-9', 'Esteban', '$2b$10$KHtqevkP0VAa352mqpoT/OZRoZlO6QsHhXo.yb8dHB1gm83Hk8YB.'); 
INSERT INTO Users (usr_id,userName,password_digest) VALUES('Y4HmY6Eu2E', 'Ollie', '$2b$10$NttBT120w8PNALRWHf0ZY.26I8/75osAYuMlC1JNcNqbKdxDpcO3u'); 
INSERT INTO Users (usr_id,userName,password_digest) VALUES('bizhHWkw7P', 'Quiana', '$2b$10$PHe6CkKDk3ARMcJwe/0bbequ0k8A69ilc6xkLgDQTQbr91bYtPzRe');
INSERT INTO Users (usr_id,userName,password_digest) VALUES('em1a-Oh1Bq', 'Alayna', '$2b$10$wEGne1w8rfujvwwcOxiafeFvF1RT5bVKMp4pmd4WNorEcCGCByV2a'); 
INSERT INTO Users (usr_id,userName,password_digest) VALUES('EiMuMqHo5J', 'Terry', '$2b$10$mqSeljZ83aDnMR6TU15NLeM0o2P2uADr9kcAV7eQJ6vYpQyeCNvoa'); 
INSERT INTO Users (usr_id,userName,password_digest) VALUES('9GCZcmWw5', 'Myles', '$2b$10$3BS90YMZVNjuk58HYRFdWOwzIn3w7GcOnozmvCzFVq.Vx68tMQOnG'); 
INSERT INTO Users (usr_id,userName,password_digest) VALUES('bQevjTwl6q', 'Earl', '$2b$10$UjSYrdn.auT6ZXGSwR4QPeBHaZfeUO./3sztgXR88U9SXYj1tFsCW'); 
INSERT INTO Users (usr_id,userName,password_digest) VALUES('XVCDN8Uq4l', 'Dominique', '$2b$10$dK8JtjY5BZ3ekpkup2Vbl.5Xpk99l3.wIt3OveSAW96jGecMI1IaG'); 
INSERT INTO Users (usr_id,userName,password_digest) VALUES('ik4E1w0YXE', 'Darcy', '$2b$10$Jjix6/.rzm16lslWBFAH4eVsxEzxUvoiDFn0KrP3W6MhjZsUqIqTa');
INSERT INTO Users (usr_id,userName,password_digest) VALUES('WJgGwbEmZH', 'Roderick', '$2b$10$z424vdZac6VObomTHP.wZO2bJurQaK6SELclsS2/A0NOpk7uU2oa.'); 
INSERT INTO Users (usr_id,userName,password_digest) VALUES('2hMyWtlK7M', 'Gavin', '$2b$10$LbGNOMQm/tlbVOlwt00VAuB1rCF1aDcrQtwSlimysZ1WZhDZjBYBG');
INSERT INTO Users (usr_id,userName,password_digest) VALUES('wzS_LlETDm', 'Carita', '$2b$10$dn94CWaQcsLO9i.NseCqlecTgoHgHizmFx3vuL4voErlqp1h056IO'); 
INSERT INTO Users (usr_id,userName,password_digest) VALUES('1sUNGJqf6d', 'Buster', '$2b$10$Cjv1Awhu/NchK3lzqjFu4eTiyTVth.r3f76HeHsyG4hmB4yU23wtq'); 
INSERT INTO Users (usr_id,userName,password_digest) VALUES('0wWQW9d9PO', 'Hoyt', '$2b$10$ZRW5f5NHuQ7TbWB2g9RhGuhC4hLtfjEKRLvH.9b4seVaSSSZq9RpK'); 
INSERT INTO Users (usr_id,userName,password_digest) VALUES('2oCt6j9x1M', 'Arron', '$2b$10$6TvMfwo.EVqijZrDeZHdI.vQz6eA8ORuAve3698Y7MpcjyG4yeZiy'); 
INSERT INTO Users (usr_id,userName,password_digest) VALUES('oBbHa2qLDk', 'Jolie', '$2b$10$W0JP..UnRU8wtjfcw8rMueUtB6Va7X2zXfsp8RFiyeOhJCu.SKxAi'); 
INSERT INTO Users (usr_id,userName,password_digest) VALUES('E2hZ7b7soT', 'Emory', '$2b$10$PPyAZoBaXW3CFCvgfdju1emAogtx0/xlrLR8tlLHKn7MQxMblLV/e'); 
INSERT INTO Users (usr_id,userName,password_digest) VALUES('Bo-7Avvp7R', 'Ned', '$2b$10$OOg6yibK1X6eJuFwvlM1Aen/XZ0amCd1r/xkRjVY7qdsIlvmz7bEe'); 
INSERT INTO Users (usr_id,userName,password_digest) VALUES('1OijozDcuA', 'Cathleen', '$2b$10$.yeegph3MlA3anjlgdjY3u6zJbVZfoLb3QsgLgpQPijwXCj8OtlAu'); 
INSERT INTO Users (usr_id,userName,password_digest) VALUES('ii7k37KfhH', 'Lorie', '$2b$10$z2DYPBrdrr9n7sqB1.RkFOzc.2NbyB5Ed0y85VIWBpo8Fq7otWFnu'); 
INSERT INTO Users (usr_id,userName,password_digest) VALUES('JthoLLSwz', 'Chun', '$2b$10$Z9ODxKiG7s.5bNBmh.bucOdukDHOz005cCrbt2bxww2uuvRvdCJuO'); 
INSERT INTO Users (usr_id,userName,password_digest) VALUES('lcSMkpgTXc', 'Maria', '$2b$10$epIt8R7JPPYZ1cHNkn0UD.zi0koBxZG3alZLYCJNTbR4ZTb5oL7I.'); 
INSERT INTO Users (usr_id,userName,password_digest) VALUES('t2uvSTlPQ', 'Boydh', '$2b$10$qvoQAsx76lfw8IkT.lFrP.eZnh/HFIJgcmgxx3VowbLwQTkZK1cw6'); 
INSERT INTO Users (usr_id,userName,password_digest) VALUES('j1Vcg8d_z0', 'Nina', '$2b$10$iJIQ/o8mPoYRElNYGPiKpeYK7N0r36FcCjcTsCNLqnsQftQYijNsG');
INSERT INTO Users (usr_id,userName,password_digest) VALUES('dBDEYrZbxP', 'Ivan', '$2b$10$2uyJCZk6k3/JqXEBocxjt.wT4mTF2e7GcpFUlZ9Ky5xiCSsS8RbRm'); 
INSERT INTO Users (usr_id,userName,password_digest) VALUES('QzDDtr0qL9', 'Nicky', '$2b$10$Wa.4JnB5bgnObuLkGbzcoegGtoZiQbXdXBpXGYWhQC2f2LTkUcoWy'); 
INSERT INTO Users (usr_id,userName,password_digest) VALUES('YVWGy9xmYn', 'Cletus', '$2b$10$zHVWtZ7.O3y2IUq1K/aHCO4xkku4i1UBqWHXPux/uVPc5OUjSRsza'); 
INSERT INTO Users (usr_id,userName,password_digest) VALUES('vaphwZAzpj', 'Joeann', '$2b$10$/3z3KGbLDR5bsqb6SIdm..LXOLfAaKWl058ByFTRwA7vtFIX/55rK'); 
INSERT INTO Users (usr_id,userName,password_digest) VALUES('XoBAl4RsbO', 'Wallace', '$2b$10$glq3dZdv1LyQQAuu6mOG1umm3z6DSAZWiucWI0kGu8rDC/04dVKJW'); 
INSERT INTO Users (usr_id,userName,password_digest) VALUES('dF6r_qosrh', 'Molly', '$2b$10$RpdYU8laVUvyf7h/FFPHs.5oM0kXn0fWFatunvZ5M3x3AX8Q6gbOa'); 
INSERT INTO Users (usr_id,userName,password_digest) VALUES('6p_wavr8Rw', 'Dorla', '$2b$10$t8FqOKXeA.tv/MYmNYXFb.uXU.PL48ROBS2N6PU5QClLIlXcaH.8e'); 
INSERT INTO Users (usr_id,userName,password_digest) VALUES('BKJ0pbXZ3d', 'Elvin', '$2b$10$3ViydiUrSdi5ykQligPuVel1KYuXfnFMBVvoXo636dPG.tWiKJlb2'); 
INSERT INTO Users (usr_id,userName,password_digest) VALUES('nI8m8uwVwp', 'Enoch', '$2b$10$.G5hHCmlFDwkCCOx0l5PrOuNZP0X6idbg28G5SM5L8TRnXfwwvPs2'); 

--riders
INSERT INTO Users (usr_id,userName,password_digest) VALUES('FJlGy8yKsR', 'Shirley', '$2b$10$DadfX3XUT1PeKJ/C706jbeOE.zA.tt3tXYDmmCAhqOHjbdEI3zwDa');
INSERT INTO Users (usr_id,userName,password_digest) VALUES('TgYG4Z7NIq', 'Luetta', '$2b$10$ooRSCo8IqVhoOYBClMsOS.I/qFrh9Yt2298ZgPVkFohVRt8F9RDWi');
INSERT INTO Users (usr_id,userName,password_digest) VALUES('KsK1EzaX6', 'Casey', '$2b$10$VOdTaFrVDqPl3da7CnGn8OIhgsGyvSYRk5D2Z7HE9ke/unqJd2PT6');
INSERT INTO Users (usr_id,userName,password_digest) VALUES('JY5MXf4LND', 'Marvin', '$2b$10$t9RdPt5Shd2RFUu5lKs5tus4j0KT16Z4nxWsIZYCHcANDu60ZvfbW');
INSERT INTO Users (usr_id,userName,password_digest) VALUES('NdyRUmCo4X', 'Lashay', '$2b$10$qeojSpxT3.0yIsDZbIulUup8jYjpDPzRDsGqtNDlD.8jzNJFZKiGy');
INSERT INTO Users (usr_id,userName,password_digest) VALUES('uInb6i1ksz', 'Kendal', '$2b$10$DFobNJlPtRHslLqtH5l3fu3nGs5.W3f5G5CrbKqwxOM0T0wS.kLLa');
INSERT INTO Users (usr_id,userName,password_digest) VALUES('zG4NywKiIe', 'Alvaro', '$2b$10$vqbySCSSvC0Xwo8d9S3N8e8RYIybVSLX3lKA7n0Hv3OUFhJxYfKQO'); 
INSERT INTO Users (usr_id,userName,password_digest) VALUES('mjtMev9b2J', 'Dick', '$2b$10$v1//wIA/3XNadQPNNGf9l.ewlnaonN.nyPJUV3jrQ9ixukcFDwdbm'); 
INSERT INTO Users (usr_id,userName,password_digest) VALUES('gIj7uieS31', 'Tod', '$2b$10$jZcJP.mVv2HAbsxH65bE2eHLwn/TZofo5HdLKFSmIJlKgmH5oB7Me'); 
INSERT INTO Users (usr_id,userName,password_digest) VALUES('1JZHVCXAOm', 'Alva', '$2b$10$6cymlRbsTBKmNMRhhpWqPux5XpVmq790dwA6aLeDx0nzBvJir5LIi'); 
INSERT INTO Users (usr_id,userName,password_digest) VALUES('g1CcAB-fKQ', 'Jarrod', '$2b$10$MI59cpUeLP9i/afwzA1laO443odFx7LlA8JSaeGoDudJv.XsSi9qy');
INSERT INTO Users (usr_id,userName,password_digest) VALUES('GqHI0NgUlx', 'Ahmehd', '$2b$10$A24uZqIe1ABGDXR5jUOT6uDPLTzjtcQW8xT5tkBCDEDBItAa5qL6O'); 
INSERT INTO Users (usr_id,userName,password_digest) VALUES('XiZbUmEEOJ', 'Sherill', '$2b$10$eRbzf6E.rYEfiwSsHLDUT.ExwYBPrhWIciqXS4GZgLyd52gU/st8.'); 
INSERT INTO Users (usr_id,userName,password_digest) VALUES('u2ovi2tYNo', 'Ricarda', '$2b$10$M4D/rqZtjuQ3PhmPu870ieO921G7Bp1Z.iP8TMNsCv73na2lC5sIO'); 
INSERT INTO Users (usr_id,userName,password_digest) VALUES('PDuAFMmgRi', 'Landon', '$2b$10$W6LjU2xeDoG.CoKNZnhNzujyE99AIFueq13zvC11IgdW3fL.PJhaq'); 
INSERT INTO Users (usr_id,userName,password_digest) VALUES('6DJSOQWCYE', 'Jackelyn', '$2b$10$Loygn4CK.qCFVVgLUi3ahe7.BPSVCWR9vymlbMcIfGOxtUy4un.Bm'); 
INSERT INTO Users (usr_id,userName,password_digest) VALUES('iziEmvtBA', 'Sanda', '$2b$10$EW3R3dk.4Be8Q1Va0ynS3OeHtIdRAcCcNWdVwyJ5VQ333Lp5LM3va'); 
INSERT INTO Users (usr_id,userName,password_digest) VALUES('VOusDnTrGj', 'Jan', '$2b$10$yQPMN3Fg7Kx8Son7ebxGY.TsxsAm9NMvN3yPW69J6R2w2US3TTVwC'); 
INSERT INTO Users (usr_id,userName,password_digest) VALUES('jM2AkqIXTt', 'Ludivina', '$2b$10$UziBe6T7e0S6cltAUXtEvOvTwb/W.O27Lt/aXU2ms5ZaGtBaoLwAu'); 
INSERT INTO Users (usr_id,userName,password_digest) VALUES('OoxTu2yVgB', 'Bernita', '$2b$10$oMiHY2D0quHhfvzAqmBe/OhcNv5Zoy5SAEBPDLhBls9/8yKpT5ANy'); 
INSERT INTO Users (usr_id,userName,password_digest) VALUES('9AKX_g3HLI', 'Cassaundra', '$2b$10$WRSmh03RmxR2xiEt4kz/fOhUKHyBHK0vS091yxInE463VdmylbEL6'); 
INSERT INTO Users (usr_id,userName,password_digest) VALUES('GDEKyfBX2n', 'Bryce', '$2b$10$MlYokI2SwHG.PgwSUywBBOpUbfw.B3K94zBFIa7HKIiAJiszi/Nbu'); 
INSERT INTO Users (usr_id,userName,password_digest) VALUES('1m8gqm68RT', 'Kendall', '$2b$10$vXIUICDFfOV/D4YwkFH2yuGAoRAIhKjsSxqSinPhUjZ/G//LZquHi'); 
INSERT INTO Users (usr_id,userName,password_digest) VALUES('QTBFUUAtkQ', 'Melynda', '$2b$10$Av1h4TEPhnOtHI8.rvdXgeumJefRSHI29dyEuMVK5OqUNoDoWz0IC'); 
INSERT INTO Users (usr_id,userName,password_digest) VALUES('kft5sEPPfY', 'Leo', '$2b$10$8uRtKU.2ZBqdRD6BtcmM1.TNq3qc9YYZLuz/0OA1IgpigS4qaht6.'); 
INSERT INTO Users (usr_id,userName,password_digest) VALUES('DmbBGwkICv', 'Xavier', '$2b$10$3.ew8P8rZSOx3y801HEJ8O5ANHEGcxG1WahLuFTYm/sArO1wzdg2e'); 
INSERT INTO Users (usr_id,userName,password_digest) VALUES('4SGV6IVoJe', 'Jackeline', '$2b$10$DadfX3XUT1PeKJ/C706jbeOE.zA.tt3tXYDmmCAhqOHjbdEI3zwDa'); 
INSERT INTO Users (usr_id,userName,password_digest) VALUES('YbbWUGXoed', 'Josue', '$2b$10$5T6A29RUBMuiu.SX.fp6wO1onRT0pfjoruiERlYP62KSVXV9SV9iK'); 
INSERT INTO Users (usr_id,userName,password_digest) VALUES('3OkiKAnqj', 'Tory', '$2b$10$yffcf8Tw5NH/mjr.F46sl.271nlp1qt0fz/3g2dWDvinUOtRvdJvq'); 
INSERT INTO Users (usr_id,userName,password_digest) VALUES('wLYHFO52JC', 'Erin', '$2b$10$G0uOae3GDWLBkt6nmpKPuO0BQ0yDXNABnUnL7ARV6s6/AGuTT/f7q');
INSERT INTO Users (usr_id,userName,password_digest) VALUES('5zd8j6ysQv', 'Mireille', '$2b$10$YZTNmszZGRUCUi.XN3xrr.KZ0/bua37AsDMjOhf28XoQjuIX5VcRW'); 
INSERT INTO Users (usr_id,userName,password_digest) VALUES('xtoWTyt1Yh', 'Sharice', '$2b$10$DglEy5gHACsFDc5xyUYhd.KkbQoyMG0FTf5205a0PmcNp.Am1W1RG'); 
INSERT INTO Users (usr_id,userName,password_digest) VALUES('4eDkcV8i8k', 'Joey', '$2b$10$Q7au77Q7wIrG2KDZBM7IMOflo81uhgxS7i/66ujyPrGAq.wLBRl4.'); 
INSERT INTO Users (usr_id,userName,password_digest) VALUES('zuXoi6HRKy', 'Evita', '$2b$10$1GyV06oG3cUByQupiDSLqOpxlZxfUBRNn3PPiRtgJvuSY8rFpvwhC');
INSERT INTO Users (usr_id,userName,password_digest) VALUES('CrKtHU1XDE', 'Julius', '$2b$10$MVV2lRjhD4U36KWwouMpGOLUxfedxE0wxOLBzJ04mIvuHwYDSSZPS');
INSERT INTO Users (usr_id,userName,password_digest) VALUES('D7SW7fT5E3', 'Suzanna', '$2b$10$H8xCxYUglWNGfQOZoQIsHOs/6Q/pmV/FYuLM9yQPHj17MtGWz0mLC'); 
INSERT INTO Users (usr_id,userName,password_digest) VALUES('v3JTHsQndX', 'Sheena', '$2b$10$v3GWqaE4PUwqIQGpprleVOOg76Jovoz4NqzbkC73kdZBMRmyTJMGa'); 
INSERT INTO Users (usr_id,userName,password_digest) VALUES('bXm9Ufgimd', 'Tommy', '$2b$10$JP2L2WiZ/W0DoQ5.cdh3UursAXwGfXAZaMxaJOXdO8BghpYxSTzL.'); 
INSERT INTO Users (usr_id,userName,password_digest) VALUES('lPUW8aUwur', 'Cleo', '$2b$10$qvM6b/DJFHFIWng9BkP3WO7TX3A3akM/ngs.VTLthPdbIYxiTJ1Em'); 
INSERT INTO Users (usr_id,userName,password_digest) VALUES('EmyGZnqoa_', 'Oliver', '$2b$10$f/sjGstNbtTWeyFKIILkBuFjaAhIKGaktzeTvOwNEdhewQpUAeUZa');
INSERT INTO Users (usr_id,userName,password_digest) VALUES('SZbkeax9f', 'Velvet', '$2b$10$Tf0JBdlWE3LVbTnHnLo4xu4Rkyn8OVricd2rbYqWIAQ6fE.otkjMO'); 
INSERT INTO Users (usr_id,userName,password_digest) VALUES('6DCRWibjvS', 'Loris', '$2b$10$51h9.VPga0HQRDZ/17yD1..v7XWgCXwGKzLqDdlkQDFnkUOOEDVly'); 
INSERT INTO Users (usr_id,userName,password_digest) VALUES('Ta5tsU0vBA', 'Marylin', '$2b$10$m9JXRr0tzl3RvHy0HeaDV.KRfW17QfIM.7InW12iIU.w82O8K24ty'); 
INSERT INTO Users (usr_id,userName,password_digest) VALUES('s3SgHuuQ_l', 'Jc', '$2b$10$ydwpGh0ystoX5Hj9KRUqzOLjpqOlED3r7hD/IIioSwQibeGm6Y4fK'); 
INSERT INTO Users (usr_id,userName,password_digest) VALUES('Q-oQOZL5nV', 'Ligia', '$2b$10$RpSC65ojcG3KsIyFuJAQLuKKnk8TDQRYNW4RIk9oEe3cV3EjP17u6'); 
INSERT INTO Users (usr_id,userName,password_digest) VALUES('wx6pB3szeu', 'Seymour', '$2b$10$ZSSm4qYtszV.3eObBp1oPOGvAdoaolNR4ao0HiD/gzo0EAXJk0SKK'); 
INSERT INTO Users (usr_id,userName,password_digest) VALUES('XCIscvzR-H', 'Wyatt', '$2b$10$hwEyywHigQ.KHWAFt5lIqe3fjt60a3Bs10fagEJJUbs8aEgioFeQ2'); 
INSERT INTO Users (usr_id,userName,password_digest) VALUES('mrIK5e3A-4', 'Brittaney', '$2b$10$oP8uWUaVGLR4eeenoaTtjO9Ia06JTPHkApzBurGF4XDQxSEWfujky');
INSERT INTO Users (usr_id,userName,password_digest) VALUES('GWwnEfu3nC', 'Lenny', '$2b$10$63D7uqoKCO1oSvsHqT1MS.cE7wyKux/rtVEMuv1FGqdwuDG7XVwn2'); 
INSERT INTO Users (usr_id,userName,password_digest) VALUES('AmcgucKoDC', 'Marilyn', '$2b$10$sy4vrZPmcx9qvxHTBFJGf.KLADndVm34mjszVvosus7UH4rtlNMpO'); 
INSERT INTO Users (usr_id,userName,password_digest) VALUES('GMHtneWRAn', 'Millard', '$2b$10$Zcc7e8QCvUaJD.ZAfjHZZeKfY/BHyY9/iUF5EvPxgoMiihzpb9QEC'); 

INSERT INTO FdsManagers(usr_id) VALUES ('ube2138d2');
INSERT INTO RestaurantStaffs (usr_id,res_id, is_manager) VALUES ('yALo31p66',1, true);
INSERT INTO RestaurantStaffs (usr_id,res_id, is_manager) VALUES ('Nz3YRCJ93',2, true);
INSERT INTO RestaurantStaffs (usr_id,res_id, is_manager) VALUES ('0PaYyGYa2',3, true);
INSERT INTO RestaurantStaffs (usr_id,res_id, is_manager) VALUES ('OAjkAEpS8',4, true);
INSERT INTO RestaurantStaffs (usr_id,res_id, is_manager) VALUES ('3MYG321cc',5, true);
INSERT INTO RestaurantStaffs (usr_id,res_id, is_manager) VALUES ('A0mvq4Jdb',6, true);
INSERT INTO RestaurantStaffs (usr_id,res_id, is_manager) VALUES ('XvoLkpZTE',7, true);
INSERT INTO RestaurantStaffs (usr_id,res_id, is_manager) VALUES ('U2Y-UiaAU',8, true);
INSERT INTO RestaurantStaffs (usr_id,res_id, is_manager) VALUES ('z-ww0VLXW',9, true);
INSERT INTO RestaurantStaffs (usr_id,res_id, is_manager) VALUES ('SIhwuQimT',10, true);
INSERT INTO RestaurantStaffs (usr_id,res_id, is_manager) VALUES ('DZl6N_NI-',11, true);
INSERT INTO RestaurantStaffs (usr_id,res_id, is_manager) VALUES ('K-esPxKfI',12, true);
INSERT INTO RestaurantStaffs (usr_id,res_id, is_manager) VALUES ('1vxeFtHDq',13, true);
INSERT INTO RestaurantStaffs (usr_id,res_id, is_manager) VALUES ('1jeIENcIq',14, true);
INSERT INTO RestaurantStaffs (usr_id,res_id, is_manager) VALUES ('q4fkZuaeY',15, true);
INSERT INTO RestaurantStaffs (usr_id,res_id, is_manager) VALUES ('N4ZVZepiv',16, true);
INSERT INTO RestaurantStaffs (usr_id,res_id, is_manager) VALUES ('UbykC5kJb',17, true);
INSERT INTO RestaurantStaffs (usr_id,res_id, is_manager) VALUES ('8lFLwKHQJ',18, true);
INSERT INTO RestaurantStaffs (usr_id,res_id, is_manager) VALUES ('A-QIXqLbR',19, true);
INSERT INTO RestaurantStaffs (usr_id,res_id, is_manager) VALUES ('Y3LkEpy3O',20, true);
INSERT INTO RestaurantStaffs (usr_id,res_id, is_manager) VALUES ('0Y6nTaae0',21, true);
INSERT INTO RestaurantStaffs (usr_id,res_id, is_manager) VALUES ('z5Y9yaIpm',22, true);
INSERT INTO RestaurantStaffs (usr_id,res_id, is_manager) VALUES ('FH64TyCI3',23, true);
INSERT INTO RestaurantStaffs (usr_id,res_id, is_manager) VALUES ('zIWCOpEi6',24, true);
INSERT INTO RestaurantStaffs (usr_id,res_id, is_manager) VALUES ('JHIkSJ-Wu',25, true);
INSERT INTO RestaurantStaffs (usr_id,res_id, is_manager) VALUES ('xmRyo3u1Z',26, true);
INSERT INTO RestaurantStaffs (usr_id,res_id, is_manager) VALUES ('BLRBtUyde',27, true);
INSERT INTO RestaurantStaffs (usr_id,res_id, is_manager) VALUES ('FSoVvkj7z',28, true);
INSERT INTO RestaurantStaffs (usr_id,res_id, is_manager) VALUES ('tvvOP2V68',29, true);
INSERT INTO RestaurantStaffs (usr_id,res_id, is_manager) VALUES ('9GDYvJRtO',30, true);
INSERT INTO RestaurantStaffs (usr_id,res_id, is_manager) VALUES ('8xV_yMuJD',31, true);
INSERT INTO RestaurantStaffs (usr_id,res_id, is_manager) VALUES ('C5nN3AROh',32, true);
INSERT INTO RestaurantStaffs (usr_id,res_id, is_manager) VALUES ('WnkhwEg25',33, true);
INSERT INTO RestaurantStaffs (usr_id,res_id, is_manager) VALUES ('bX8LkJr1u',34, true);
INSERT INTO RestaurantStaffs (usr_id,res_id, is_manager) VALUES ('_TzCcSgcj',35, true);
INSERT INTO RestaurantStaffs (usr_id,res_id, is_manager) VALUES ('k1VOetgPF',36, true);
INSERT INTO RestaurantStaffs (usr_id,res_id, is_manager) VALUES ('Koog_RDPz',37, true);
INSERT INTO RestaurantStaffs (usr_id,res_id, is_manager) VALUES ('mvEjqiS6H',38, true);
INSERT INTO RestaurantStaffs (usr_id,res_id, is_manager) VALUES ('BNHLWB6Xw',39, true);
INSERT INTO RestaurantStaffs (usr_id,res_id, is_manager) VALUES ('-1F-8t-nS',40, true);
INSERT INTO RestaurantStaffs (usr_id,res_id, is_manager) VALUES ('EUrqx6Jct',41, true);
INSERT INTO RestaurantStaffs (usr_id,res_id, is_manager) VALUES ('s5lEKxH3Y',42, true);
INSERT INTO RestaurantStaffs (usr_id,res_id, is_manager) VALUES ('Ln2OI6rJR',43, true);
INSERT INTO RestaurantStaffs (usr_id,res_id, is_manager) VALUES ('LyxswPIwg',44, true);
INSERT INTO RestaurantStaffs (usr_id,res_id, is_manager) VALUES ('0wO5ZU3Xt',45, true);
INSERT INTO RestaurantStaffs (usr_id,res_id, is_manager) VALUES ('P0PrOyqy10',46, true);
INSERT INTO RestaurantStaffs (usr_id,res_id, is_manager) VALUES ('r9LUbfxcmE',47, true);
INSERT INTO RestaurantStaffs (usr_id,res_id, is_manager) VALUES ('MePufGYSG8',48, true);
INSERT INTO RestaurantStaffs (usr_id,res_id, is_manager) VALUES ('Nx66OXKy2X',49, true);
INSERT INTO RestaurantStaffs (usr_id,res_id, is_manager) VALUES ('2R-iaSVA89',50, true);

insert into Customers (usr_id, card_num) values ('qnXAuDyjP9', 140695360);
insert into Customers (usr_id, card_num) values ('nVXaMH1wsq', 734165395);
insert into Customers (usr_id, card_num) values ('3fbloaV8Qv', 116520986);
insert into Customers (usr_id, card_num) values ('d8BmgbWqUb', 409119476);
insert into Customers (usr_id, card_num) values ('5o87B2dpeR', 151481351);
insert into Customers (usr_id, card_num) values ('ifGzY2qUam', 915796242);
insert into Customers (usr_id, card_num) values ('iMFHUy09Dt', 357587146);
insert into Customers (usr_id, card_num) values ('WTHhF2EGQ', 299982827);
insert into Customers (usr_id, card_num) values ('2UEjTo676_', 795124923);
insert into Customers (usr_id, card_num) values ('WVOJ1iOHyw', 308037070);
insert into Customers (usr_id, card_num) values ('uxiYPnAqxS', 373258906);
insert into Customers (usr_id, card_num) values ('SOGsOwONK5', 126664184);
insert into Customers (usr_id, card_num) values ('oimb4kFIlr', 673961592);
insert into Customers (usr_id, card_num) values ('x-C1BB-EoH', 757591688);
insert into Customers (usr_id, card_num) values ('3PnARfg_2Z', 624379598);
insert into Customers (usr_id, card_num) values ('QQGqRT2foI', 474341488);
insert into Customers (usr_id, card_num) values ('qx95t-0h-9', 565229145);
insert into Customers (usr_id, card_num) values ('Y4HmY6Eu2E', 823411193);
insert into Customers (usr_id, card_num) values ('bizhHWkw7P', 300982501);
insert into Customers (usr_id, card_num) values ('em1a-Oh1Bq', 669657372);
insert into Customers (usr_id, card_num) values ('EiMuMqHo5J', 203458519);
insert into Customers (usr_id, card_num) values ('9GCZcmWw5', 552087491);
insert into Customers (usr_id, card_num) values ('bQevjTwl6q', 718798499);
insert into Customers (usr_id, card_num) values ('XVCDN8Uq4l', 748275216);
insert into Customers (usr_id, card_num) values ('ik4E1w0YXE', 266021686);
insert into Customers (usr_id, card_num) values ('WJgGwbEmZH', 839153028);
insert into Customers (usr_id, card_num) values ('2hMyWtlK7M', 850111778);
insert into Customers (usr_id, card_num) values ('wzS_LlETDm', 635200102);
insert into Customers (usr_id, card_num) values ('1sUNGJqf6d', 715952948);
insert into Customers (usr_id, card_num) values ('0wWQW9d9PO', 970353793);
insert into Customers (usr_id, card_num) values ('2oCt6j9x1M', 275334993);
insert into Customers (usr_id, card_num) values ('oBbHa2qLDk', 482449558);
insert into Customers (usr_id, card_num) values ('E2hZ7b7soT', 950678860);
insert into Customers (usr_id, card_num) values ('Bo-7Avvp7R', 944400216);
insert into Customers (usr_id, card_num) values ('1OijozDcuA', 611683640);
insert into Customers (usr_id, card_num) values ('ii7k37KfhH', 604324613);
insert into Customers (usr_id, card_num) values ('JthoLLSwz', 290678512);
insert into Customers (usr_id, card_num) values ('lcSMkpgTXc', 252981391);
insert into Customers (usr_id, card_num) values ('t2uvSTlPQ', 164569793);
insert into Customers (usr_id, card_num) values ('j1Vcg8d_z0', 937591459);
insert into Customers (usr_id, card_num) values ('dBDEYrZbxP', 656383952);
insert into Customers (usr_id, card_num) values ('QzDDtr0qL9', 198236282);
insert into Customers (usr_id, card_num) values ('YVWGy9xmYn', 738002430);
insert into Customers (usr_id, card_num) values ('vaphwZAzpj', 128352311);
insert into Customers (usr_id, card_num) values ('XoBAl4RsbO', 845709092);
insert into Customers (usr_id, card_num) values ('dF6r_qosrh', 277618721);
insert into Customers (usr_id, card_num) values ('6p_wavr8Rw', 776140417);
insert into Customers (usr_id, card_num) values ('BKJ0pbXZ3d', 576550506);
insert into Customers (usr_id, card_num) values ('nI8m8uwVwp', 443900062);

--Customer address
insert into Customers_address (usr_id, address, postal_code ,  last_use_time) values ('qnXAuDyjP9', '976 Lebsack Bridge Avenue', '777521','2020-02-02 18:52:25');
insert into Customers_address (usr_id, address, postal_code ,  last_use_time) values ('qnXAuDyjP9', '20 Jalan Kerluke Place','310524', '2020-03-26 22:58:41');
insert into Customers_address (usr_id, address, postal_code ,  last_use_time) values ('qnXAuDyjP9', '876 Jalan Feeney Park','694829', '2019-11-25 15:01:05');
insert into Customers_address (usr_id, address, postal_code ,  last_use_time) values ('qnXAuDyjP9', 'Blk 067F Jalan Bahringer Way','821319', '2019-12-27 05:27:43');

insert into Customers_address (usr_id, address, postal_code ,  last_use_time) values ('qnXAuDyjP9', 'Blk 076G Jalan McDermott Lane','233821', '2020-02-12 14:31:33');
insert into Customers_address (usr_id, address, postal_code ,  last_use_time) values ('nVXaMH1wsq', 'Blk 977 Jalan West Link','345336', '2020-03-17 01:37:54');
insert into Customers_address (usr_id, address, postal_code ,  last_use_time) values ('nVXaMH1wsq', 'Blk 481B Bradtke Way Road','599433', '2019-08-28 08:08:53');
insert into Customers_address (usr_id, address, postal_code ,  last_use_time) values ('nVXaMH1wsq', 'Blk 936E Monahan Lane Link','027215', '2019-10-16 08:10:42');
insert into Customers_address (usr_id, address, postal_code ,  last_use_time) values ('nVXaMH1wsq', 'Blk 154B West Highway Bridge','080369', '2019-09-02 09:03:06');
insert into Customers_address (usr_id, address, postal_code ,  last_use_time) values ('3fbloaV8Qv', '760 Jalan Gulgowski Hill', '642996','2019-10-09 13:19:23');
insert into Customers_address (usr_id, address, postal_code ,  last_use_time) values ('3fbloaV8Qv', '44 Carter Highway Drive','166137', '2020-03-21 13:51:45');
insert into Customers_address (usr_id, address, postal_code ,  last_use_time) values ('d8BmgbWqUb', 'Blk 059F Jalan Jones Bridge','504910', '2019-10-29 03:41:30');
insert into Customers_address (usr_id, address, postal_code ,  last_use_time) values ('d8BmgbWqUb', '241 Schultz Alley Way', '899446','2019-06-29 22:24:44');
insert into Customers_address (usr_id, address, postal_code ,  last_use_time) values ('5o87B2dpeR', '032 Boyer Alley Hill','495183', '2019-11-25 17:04:50');
insert into Customers_address (usr_id, address, postal_code ,  last_use_time) values ('ifGzY2qUam', 'Blk 462G Sauer Grove Link','261814', '2019-11-20 01:46:20');
insert into Customers_address (usr_id, address, postal_code ,  last_use_time) values ('ifGzY2qUam', '52 Huels Crescent Drive','651965','2019-11-07 20:35:48');
insert into Customers_address (usr_id, address, postal_code ,  last_use_time) values ('ifGzY2qUam', '663 Gislason Quay Hill','655266', '2019-03-31 11:49:27');
insert into Customers_address (usr_id, address, postal_code ,  last_use_time) values ('iMFHUy09Dt', 'Blk 491F Windler Grove Road','375514', '2019-06-28 20:42:50');
insert into Customers_address (usr_id, address, postal_code ,  last_use_time) values ('iMFHUy09Dt', '326 Ward Quay Place','870391', '2019-11-25 19:22:11');
insert into Customers_address (usr_id, address, postal_code ,  last_use_time) values ('iMFHUy09Dt', '47 VonRueden Crescent Drive','635715', '2020-02-24 15:11:00');
insert into Customers_address (usr_id, address, postal_code ,  last_use_time) values ('WTHhF2EGQ', 'Blk 414H Jalan Hane Road','729170', '2019-11-27 06:32:20');
insert into Customers_address (usr_id, address, postal_code ,  last_use_time) values ('WTHhF2EGQ', 'Blk 925D Bogan Park Park','964913', '2020-03-23 14:05:46');
insert into Customers_address (usr_id, address, postal_code ,  last_use_time) values ('WTHhF2EGQ', '53 Jalan Schaefer Drive','494787', '2019-04-02 20:53:48');
insert into Customers_address (usr_id, address, postal_code ,  last_use_time) values ('WTHhF2EGQ', '84 Jalan Paucek Grove','694978','2019-10-27 00:00:59');
insert into Customers_address (usr_id, address, postal_code ,  last_use_time) values ('2UEjTo676_', '28 Erie Parkway', '234123','2019-12-13 05:32:10');
insert into Customers_address (usr_id, address, postal_code ,  last_use_time) values ('WVOJ1iOHyw', '9455 Farmco Circle','142142', '2019-10-19 07:10:21');
insert into Customers_address (usr_id, address, postal_code ,  last_use_time) values ('WVOJ1iOHyw', '7733 Sycamore Terrace','457321', '2019-12-06 18:26:44');
insert into Customers_address (usr_id, address, postal_code ,  last_use_time) values ('uxiYPnAqxS', '21672 Onsgard Place','147532', '2020-01-29 19:42:26');
insert into Customers_address (usr_id, address, postal_code ,  last_use_time) values ('SOGsOwONK5', '4 Badeau Crossing','927934', '2019-10-03 15:21:55');
insert into Customers_address (usr_id, address, postal_code ,  last_use_time) values ('oimb4kFIlr', '71698 Donald Way','435632', '2019-04-15 12:34:23');
insert into Customers_address (usr_id, address, postal_code ,  last_use_time) values ('x-C1BB-EoH', '2075 Chive Crossing','241432', '2019-05-11 21:33:08');
insert into Customers_address (usr_id, address, postal_code ,  last_use_time) values ('3PnARfg_2Z', '28099 Reinke Parkway','124632', '2019-05-08 02:13:08');
insert into Customers_address (usr_id, address, postal_code ,  last_use_time) values ('QQGqRT2foI', '97846 Jenifer Junction','235635', '2020-02-06 15:46:25');
insert into Customers_address (usr_id, address, postal_code ,  last_use_time) values ('qx95t-0h-9', '68102 Dwight Terrace','235632', '2019-05-27 09:02:34');
insert into Customers_address (usr_id, address, postal_code ,  last_use_time) values ('Y4HmY6Eu2E', '46604 Drewry Trail','234790', '2020-03-13 12:50:36');
insert into Customers_address (usr_id, address, postal_code ,  last_use_time) values ('bizhHWkw7P', '35 Londonderry Terrace', '467645','2020-01-03 21:42:30');
insert into Customers_address (usr_id, address, postal_code ,  last_use_time) values ('em1a-Oh1Bq', '62136 Harbort Point','435654', '2020-02-27 10:33:24');
insert into Customers_address (usr_id, address, postal_code ,  last_use_time) values ('EiMuMqHo5J', '6186 Westport Crossing','389064', '2019-10-18 18:20:23');
insert into Customers_address (usr_id, address, postal_code ,  last_use_time) values ('9GCZcmWw5', '521 Starling Parkway','048764', '2019-09-18 22:01:14');
insert into Customers_address (usr_id, address, postal_code ,  last_use_time) values ('bQevjTwl6q', '68584 Dakota Place','346845', '2019-03-30 06:08:56');
insert into Customers_address (usr_id, address, postal_code ,  last_use_time) values ('bQevjTwl6q', '9 Arkansas Street','346890', '2020-01-31 11:45:19');
insert into Customers_address (usr_id, address, postal_code ,  last_use_time) values ('bQevjTwl6q', '6408 Schlimgen Circle','830983', '2019-08-02 20:36:58');
insert into Customers_address (usr_id, address, postal_code ,  last_use_time) values ('XVCDN8Uq4l', '78117 Utah Road','239076', '2019-04-28 01:33:24');
insert into Customers_address (usr_id, address, postal_code ,  last_use_time) values ('XVCDN8Uq4l', '377 Summerview Court','098635', '2020-03-27 10:05:49');
insert into Customers_address (usr_id, address, postal_code ,  last_use_time) values ('XVCDN8Uq4l', '51 Bartillon Way','336854', '2019-11-16 07:01:04');
insert into Customers_address (usr_id, address, postal_code ,  last_use_time) values ('ik4E1w0YXE', '37 Johnson Crossing','320009', '2019-10-31 07:53:06');
insert into Customers_address (usr_id, address, postal_code ,  last_use_time) values ('WJgGwbEmZH', '7 Macpherson Pass','900908', '2019-12-28 15:34:22');
insert into Customers_address (usr_id, address, postal_code ,  last_use_time) values ('2hMyWtlK7M', '714 Mifflin Way','390863', '2019-04-14 09:23:17');
insert into Customers_address (usr_id, address, postal_code ,  last_use_time) values ('wzS_LlETDm', '2781 Sunbrook Parkway','883792', '2019-11-12 18:28:04');
insert into Customers_address (usr_id, address, postal_code ,  last_use_time) values ('1sUNGJqf6d', '84450 Iowa Place','2828282', '2020-03-03 11:20:38');
insert into Customers_address (usr_id, address, postal_code ,  last_use_time) values ('0wWQW9d9PO', '263 River Valley Road 03-21 Aspen Heights','909080', '2020-03-04 11:20:38');
insert into Customers_address (usr_id, address, postal_code ,  last_use_time) values ('2oCt6j9x1M', 'Grocery Logistics of Spore 37 Joo Koon Circle','242212', '2020-03-04 11:20:38');
insert into Customers_address (usr_id, address, postal_code ,  last_use_time) values ('oBbHa2qLDk', '1 Marsiling Dr #01-59','993802', '2020-03-04 11:20:38');
insert into Customers_address (usr_id, address, postal_code ,  last_use_time) values ('E2hZ7b7soT', '271 Bt Batok East Ave 4 #01-160','665222', '2020-03-04 11:20:38');
insert into Customers_address (usr_id, address, postal_code ,  last_use_time) values ('Bo-7Avvp7R', '89 Geylang Bahru 01-2736','387374', '2020-03-04 11:20:38');
insert into Customers_address (usr_id, address, postal_code ,  last_use_time) values ('1OijozDcuA', '6 Jalan Leban','883255', '2020-03-04 11:20:38');
insert into Customers_address (usr_id, address, postal_code ,  last_use_time) values ('ii7k37KfhH', '6 Harper Road #03-06 Leong Huat Building','001245', '2020-03-04 11:20:38');
insert into Customers_address (usr_id, address, postal_code ,  last_use_time) values ('JthoLLSwz', ' Balmoral Plaza 271 Bukit Timah Road #02-10','334521', '2020-03-04 11:20:38');
insert into Customers_address (usr_id, address, postal_code ,  last_use_time) values ('lcSMkpgTXc', 'Suntec Tower Four 6 Temasek Boulevard #21-04','223464', '2020-03-04 11:20:38');
insert into Customers_address (usr_id, address, postal_code ,  last_use_time) values ('t2uvSTlPQ', '3017 Bedok Nth St 5 #06-11 Gourmet East Kitchen','335643', '2020-03-04 11:20:38');
insert into Customers_address (usr_id, address, postal_code ,  last_use_time) values ('j1Vcg8d_z0', '328 NORTH BRIDGE ROAD, #02-30','232345', '2020-03-04 11:20:38');
insert into Customers_address (usr_id, address, postal_code ,  last_use_time) values ('dBDEYrZbxP', '53 Senoko Road','873256', '2020-03-04 11:20:38');
insert into Customers_address (usr_id, address, postal_code ,  last_use_time) values ('QzDDtr0qL9', '7 International Business Park #04-06 Techquest','232323', '2020-03-04 11:20:38');
insert into Customers_address (usr_id, address, postal_code ,  last_use_time) values ('YVWGy9xmYn', ' 230 Orchard Road 11-234 Faber House','877324', '2020-03-04 11:20:38');
insert into Customers_address (usr_id, address, postal_code ,  last_use_time) values ('vaphwZAzpj', '10 HOE CHIANG ROAD 16-02','235676', '2020-03-04 11:20:38');
insert into Customers_address (usr_id, address, postal_code ,  last_use_time) values ('XoBAl4RsbO', '9 Howard Road 04-00','787820', '2020-03-04 11:20:38');
insert into Customers_address (usr_id, address, postal_code ,  last_use_time) values ('dF6r_qosrh', '564A Balestier Rd','883756', '2020-03-04 11:20:38');
insert into Customers_address (usr_id, address, postal_code ,  last_use_time) values ('6p_wavr8Rw', '17 Tuas Street','998234', '2020-03-04 11:20:38');
insert into Customers_address (usr_id, address, postal_code ,  last_use_time) values ('BKJ0pbXZ3d', '150 Cecil Street #09-01','232314', '2020-03-04 11:20:38');
insert into Customers_address (usr_id, address, postal_code ,  last_use_time) values ('nI8m8uwVwp', '564A Bales Ave','993410', '2020-03-04 11:20:38');


--Riders
INSERT INTO Riders (usr_id) VALUES ('FJlGy8yKsR');
INSERT INTO Riders (usr_id) VALUES ('TgYG4Z7NIq');
INSERT INTO Riders (usr_id) VALUES ('KsK1EzaX6');
INSERT INTO Riders (usr_id) VALUES ('JY5MXf4LND');
INSERT INTO Riders (usr_id) VALUES ('NdyRUmCo4X');
INSERT INTO Riders (usr_id) VALUES ('uInb6i1ksz');
INSERT INTO Riders (usr_id) VALUES ('zG4NywKiIe');
INSERT INTO Riders (usr_id) VALUES ('mjtMev9b2J');
INSERT INTO Riders (usr_id) VALUES ('gIj7uieS31');
INSERT INTO Riders (usr_id) VALUES ('1JZHVCXAOm');
INSERT INTO Riders (usr_id) VALUES ('g1CcAB-fKQ');
INSERT INTO Riders (usr_id) VALUES ('GqHI0NgUlx');
INSERT INTO Riders (usr_id) VALUES ('XiZbUmEEOJ');
INSERT INTO Riders (usr_id) VALUES ('u2ovi2tYNo');
INSERT INTO Riders (usr_id) VALUES ('PDuAFMmgRi');
INSERT INTO Riders (usr_id) VALUES ('6DJSOQWCYE');
INSERT INTO Riders (usr_id) VALUES ('iziEmvtBA');
INSERT INTO Riders (usr_id) VALUES ('VOusDnTrGj');
INSERT INTO Riders (usr_id) VALUES ('jM2AkqIXTt');
INSERT INTO Riders (usr_id) VALUES ('OoxTu2yVgB');
INSERT INTO Riders (usr_id) VALUES ('9AKX_g3HLI');
INSERT INTO Riders (usr_id) VALUES ('GDEKyfBX2n');
INSERT INTO Riders (usr_id) VALUES ('1m8gqm68RT');
INSERT INTO Riders (usr_id) VALUES ('QTBFUUAtkQ');
INSERT INTO Riders (usr_id) VALUES ('kft5sEPPfY');
INSERT INTO Riders (usr_id) VALUES ('DmbBGwkICv');
INSERT INTO Riders (usr_id) VALUES ('4SGV6IVoJe');
INSERT INTO Riders (usr_id) VALUES ('YbbWUGXoed');
INSERT INTO Riders (usr_id) VALUES ('3OkiKAnqj');
INSERT INTO Riders (usr_id) VALUES ('wLYHFO52JC');
INSERT INTO Riders (usr_id) VALUES ('5zd8j6ysQv');
INSERT INTO Riders (usr_id) VALUES ('xtoWTyt1Yh');
INSERT INTO Riders (usr_id) VALUES ('4eDkcV8i8k');
INSERT INTO Riders (usr_id) VALUES ('zuXoi6HRKy');
INSERT INTO Riders (usr_id) VALUES ('CrKtHU1XDE');
INSERT INTO Riders (usr_id) VALUES ('D7SW7fT5E3');
INSERT INTO Riders (usr_id) VALUES ('v3JTHsQndX');
INSERT INTO Riders (usr_id) VALUES ('bXm9Ufgimd');
INSERT INTO Riders (usr_id) VALUES ('lPUW8aUwur');
INSERT INTO Riders (usr_id) VALUES ('EmyGZnqoa_');
INSERT INTO Riders (usr_id) VALUES ('SZbkeax9f');
INSERT INTO Riders (usr_id) VALUES ('6DCRWibjvS');
INSERT INTO Riders (usr_id) VALUES ('Ta5tsU0vBA');
INSERT INTO Riders (usr_id) VALUES ('s3SgHuuQ_l');
INSERT INTO Riders (usr_id) VALUES ('Q-oQOZL5nV');
INSERT INTO Riders (usr_id) VALUES ('wx6pB3szeu');
INSERT INTO Riders (usr_id) VALUES ('XCIscvzR-H');
INSERT INTO Riders (usr_id) VALUES ('mrIK5e3A-4');
INSERT INTO Riders (usr_id) VALUES ('GWwnEfu3nC');
INSERT INTO Riders (usr_id) VALUES ('AmcgucKoDC');
INSERT INTO Riders (usr_id) VALUES ('GMHtneWRAn');

insert into Fulltimerider (usr_id, base_salary) values ('FJlGy8yKsR', 2000);
insert into Fulltimerider (usr_id, base_salary) values ('TgYG4Z7NIq', 2000);
insert into Fulltimerider (usr_id, base_salary) values ('KsK1EzaX6', 2000);
insert into Fulltimerider (usr_id, base_salary) values ('JY5MXf4LND', 2000);
insert into Fulltimerider (usr_id, base_salary) values ('NdyRUmCo4X', 2000);
insert into Fulltimerider (usr_id, base_salary) values ('uInb6i1ksz', 2000);
insert into Fulltimerider (usr_id, base_salary) values ('zG4NywKiIe', 2000);
insert into Fulltimerider (usr_id, base_salary) values ('mjtMev9b2J', 2000);
insert into Fulltimerider (usr_id, base_salary) values ('gIj7uieS31', 2000);
insert into Fulltimerider (usr_id, base_salary) values ('1JZHVCXAOm', 2000);
insert into Fulltimerider (usr_id, base_salary) values ('g1CcAB-fKQ', 2000);
insert into Fulltimerider (usr_id, base_salary) values ('GqHI0NgUlx', 2000);
insert into Fulltimerider (usr_id, base_salary) values ('XiZbUmEEOJ', 2000);
insert into Fulltimerider (usr_id, base_salary) values ('u2ovi2tYNo', 2000);
insert into Fulltimerider (usr_id, base_salary) values ('PDuAFMmgRi', 2000);
insert into Fulltimerider (usr_id, base_salary) values ('6DJSOQWCYE', 2000);
insert into Fulltimerider (usr_id, base_salary) values ('iziEmvtBA', 2000);
insert into Fulltimerider (usr_id, base_salary) values ('VOusDnTrGj', 2000);
insert into Fulltimerider (usr_id, base_salary) values ('jM2AkqIXTt', 2000);
insert into Fulltimerider (usr_id, base_salary) values ('OoxTu2yVgB', 2000);
insert into Fulltimerider (usr_id, base_salary) values ('9AKX_g3HLI', 2000);
insert into Fulltimerider (usr_id, base_salary) values ('GDEKyfBX2n', 2000);
insert into Fulltimerider (usr_id, base_salary) values ('1m8gqm68RT', 2000);
insert into Fulltimerider (usr_id, base_salary) values ('QTBFUUAtkQ', 2000);
insert into Fulltimerider (usr_id, base_salary) values ('kft5sEPPfY', 2000);
insert into Fulltimerider (usr_id, base_salary) values ('DmbBGwkICv', 2000);

insert into Parttimerider (usr_id, base_salary) values ('4SGV6IVoJe', 250);
insert into Parttimerider (usr_id, base_salary) values ('YbbWUGXoed', 250);
insert into Parttimerider (usr_id, base_salary) values ('3OkiKAnqj', 250);
insert into Parttimerider (usr_id, base_salary) values ('wLYHFO52JC', 250);
insert into Parttimerider (usr_id, base_salary) values ('5zd8j6ysQv', 250);
insert into Parttimerider (usr_id, base_salary) values ('xtoWTyt1Yh', 250);
insert into Parttimerider (usr_id, base_salary) values ('4eDkcV8i8k', 250);
insert into Parttimerider (usr_id, base_salary) values ('zuXoi6HRKy', 250);
insert into Parttimerider (usr_id, base_salary) values ('CrKtHU1XDE', 250);
insert into Parttimerider (usr_id, base_salary) values ('D7SW7fT5E3', 250);
insert into Parttimerider (usr_id, base_salary) values ('v3JTHsQndX', 250);
insert into Parttimerider (usr_id, base_salary) values ('bXm9Ufgimd', 250);
insert into Parttimerider (usr_id, base_salary) values ('lPUW8aUwur', 250);
insert into Parttimerider (usr_id, base_salary) values ('EmyGZnqoa_', 250);
insert into Parttimerider (usr_id, base_salary) values ('SZbkeax9f', 250);
insert into Parttimerider (usr_id, base_salary) values ('6DCRWibjvS', 250);
insert into Parttimerider (usr_id, base_salary) values ('Ta5tsU0vBA', 250);
insert into Parttimerider (usr_id, base_salary) values ('s3SgHuuQ_l', 250);
insert into Parttimerider (usr_id, base_salary) values ('Q-oQOZL5nV', 250);
insert into Parttimerider (usr_id, base_salary) values ('wx6pB3szeu', 250);
insert into Parttimerider (usr_id, base_salary) values ('XCIscvzR-H', 250);
insert into Parttimerider (usr_id, base_salary) values ('mrIK5e3A-4', 250);
insert into Parttimerider (usr_id, base_salary) values ('GWwnEfu3nC', 250);
insert into Parttimerider (usr_id, base_salary) values ('AmcgucKoDC', 250);
insert into Parttimerider (usr_id, base_salary) values ('GMHtneWRAn', 250);

INSERT INTO Orders (order_id,usr_id,res_id,payment,listOfItems,status, total, destination_address, postal_code ) VALUES (1,'E2hZ7b7soT',33,'cash', ARRAY [['10', '2']],'pending', 11.76,'271 Bt Batok East Ave 4 #01-160','665222');
INSERT INTO Orders (order_id,usr_id,res_id,payment,listOfItems,status,total,destination_address, postal_code ) VALUES (2,'qnXAuDyjP9',5,'card',ARRAY [['2', '1'], ['59', '2'], ['60','5']],'pending',159.78,'20 Jalan Kerluke Place', '310524');
INSERT INTO Orders (order_id,usr_id,res_id,payment,listOfItems,status,total,destination_address, postal_code ) VALUES (3,'nI8m8uwVwp',3,'card',ARRAY [['6','1'], ['9','1']],'pending',40.42, '564A Balestier Rd', '883756');
INSERT INTO Orders (order_id,usr_id,res_id,payment,listOfItems,status,total,destination_address, postal_code ) VALUES (4,'BKJ0pbXZ3d',19,'card',ARRAY [['28','1']],'pending', 13.21,'150 Cecil Street #09-01', '232314');
INSERT INTO Orders (order_id,usr_id,res_id,payment,listOfItems,status,total,destination_address, postal_code ) VALUES (5,'qnXAuDyjP9',43,'cash',ARRAY [['23','1']],'pending', 10.67, 'Blk 076G Jalan McDermott Lane','233821');
INSERT INTO Orders (order_id,usr_id,res_id,payment,listOfItems,status,total,destination_address, postal_code ) VALUES (6,'XoBAl4RsbO',40,'card',ARRAY [['7','1']],'pending', 18.40,'9 Howard Road 04-00', '787820');
INSERT INTO Orders (order_id,usr_id,res_id,payment,listOfItems,status,total,destination_address, postal_code ) VALUES (7,'XoBAl4RsbO',40,'card',ARRAY [['10','1']],'pending', 18.40, '9 Howard Road 04-00', '787820');
INSERT INTO Orders (order_id,usr_id,res_id,payment,listOfItems,status,total,destination_address, postal_code ) VALUES (8,'vaphwZAzpj',36,'cash',ARRAY [['16','1']],'pending', 24.60,'10 HOE CHIANG ROAD 16-02','235676');
INSERT INTO Orders (order_id,usr_id,res_id,payment,listOfItems,status,total,destination_address, postal_code ) VALUES (9,'YVWGy9xmYn',5,'card',ARRAY [['64','1']],'pending', 10.5,'230 Orchard Road 11-234 Faber House','920133');
INSERT INTO Orders (order_id,usr_id,res_id,payment,listOfItems,status,total,destination_address, postal_code ) VALUES (10,'t2uvSTlPQ',33,'card',ARRAY [['11','1']],'pending',11.76,'3017 Bedok Nth St 5 #06-11 Gourmet East Kitchen','335643');
INSERT INTO Orders (order_id,usr_id,res_id,payment,listOfItems,status,total,destination_address, postal_code ) VALUES (11,'qnXAuDyjP9',43,'cash',ARRAY [['23','1'], ['14', '2']],'pending', 41.47,'20 Jalan Kerluke Place', '310524');
INSERT INTO Orders (order_id,usr_id,res_id,payment,listOfItems,status,total,destination_address, postal_code ) VALUES (12,'lcSMkpgTXc',33,'cash',ARRAY [['22','1']],'pending', 13.2,'Suntec Tower Four 6 Temasek Boulevard #21-04','223464');
INSERT INTO Orders (order_id,usr_id,res_id,payment,listOfItems,status,total,destination_address, postal_code ) VALUES (13,'BKJ0pbXZ3d',42,'card',ARRAY [['51','1']],'pending', 13.21,'150 Cecil Street #09-01', '232314');
INSERT INTO Orders (order_id,usr_id,res_id,payment,listOfItems,status,total,destination_address, postal_code ) VALUES (14,'BKJ0pbXZ3d',18,'card',ARRAY [['15','1']],'pending', 14.63,'150 Cecil Street #09-01', '232314');
INSERT INTO Orders (order_id,usr_id,res_id,payment,listOfItems,status,total,destination_address, postal_code ) VALUES (15,'qnXAuDyjP9',31,'card',ARRAY [['3','1']],'pending', 22,'20 Jalan Kerluke Place', '310524');
INSERT INTO Orders (order_id,usr_id,res_id,payment,listOfItems,status,total,destination_address, postal_code ) VALUES (16,'E2hZ7b7soT',46,'cash',ARRAY [['41','1']],'in progress',32.30,'271 Bt Batok East Ave 4 #01-160','665222');
INSERT INTO Orders (order_id,usr_id,res_id,payment,listOfItems,status,total,destination_address, postal_code ) VALUES (17,'2oCt6j9x1M',17,'card',ARRAY [['30','1']],'in progress', 13.21,'Grocery Logistics of Spore 37 Joo Koon Circle','242212');
INSERT INTO Orders (order_id,usr_id,res_id,payment,listOfItems,status,total,destination_address, postal_code ) VALUES (18,'wzS_LlETDm',16,'card',ARRAY [['32','2']],'in progress', 23.42,'2781 Sunbrook Parkway','883792');
INSERT INTO Orders (order_id,usr_id,res_id,payment,listOfItems,status,total,destination_address, postal_code ) VALUES (19,'1sUNGJqf6d',25,'card',ARRAY [['52','1']],'in progress', 13.21,'84450 Iowa Place','282828');
INSERT INTO Orders (order_id,usr_id,res_id,payment,listOfItems,status,total,destination_address, postal_code ) VALUES (20,'E2hZ7b7soT',2,'card',ARRAY [['21','1']],'in progress',20.81,'271 Bt Batok East Ave 4 #01-160','665222');
INSERT INTO Orders (order_id,usr_id,res_id,payment,listOfItems,status,total,destination_address, postal_code ) VALUES (21,'XVCDN8Uq4l',29,'cash',ARRAY [['4','1']],'in progress', 28.69,'78117 Utah Road','239076');
INSERT INTO Orders (order_id,usr_id,res_id,payment,listOfItems,status,total,destination_address, postal_code ) VALUES (22,'XVCDN8Uq4l',4,'cash',ARRAY [['50','1']],'in progress', 13.09,'78117 Utah Road','239076');
INSERT INTO Orders (order_id,usr_id,res_id,payment,listOfItems,status,total,destination_address, postal_code ) VALUES (23,'XVCDN8Uq4l',41,'card',ARRAY [['12','1']],'in progress', 12.43,'78117 Utah Road','239076');
INSERT INTO Orders (order_id,usr_id,res_id,payment,listOfItems,status,total,destination_address, postal_code ) VALUES (24,'Y4HmY6Eu2E',4,'cash',ARRAY [['50','1']],'in progress', 16.09,'46604 Drewry Trail','234790');
INSERT INTO Orders (order_id,usr_id,res_id,payment,listOfItems,status,total,destination_address, postal_code ) VALUES (25,'QQGqRT2foI',8,'card',ARRAY [['43','1']],'in progress', 13.21,'97846 Jenifer Junction','235635');
INSERT INTO Orders (order_id,usr_id,res_id,payment,listOfItems,status,total,destination_address, postal_code ) VALUES (26,'3PnARfg_2Z',16,'card',ARRAY [['32','1']],'complete',13.21,'28099 Reinke Parkway','124632');
INSERT INTO Orders (order_id,usr_id,res_id,payment,listOfItems,status,total,destination_address, postal_code ) VALUES (27,'3PnARfg_2Z',41,'card',ARRAY [['12','1']],'complete', 15.43,'28099 Reinke Parkway','124632');
INSERT INTO Orders (order_id,usr_id,res_id,payment,listOfItems,status,total,destination_address, postal_code ) VALUES (28,'uxiYPnAqxS',29,'cash',ARRAY [['4','2']],'complete', 28.69,'21672 Onsgard Place','147532');
INSERT INTO Orders (order_id,usr_id,res_id,payment,listOfItems,status,total,destination_address, postal_code ) VALUES (29,'uxiYPnAqxS',8,'cash',ARRAY [['43','1']],'complete',13.21,'21672 Onsgard Place','147532');
INSERT INTO Orders (order_id,usr_id,res_id,payment,listOfItems,status,total,destination_address, postal_code ) VALUES (30,'WVOJ1iOHyw',17,'card',ARRAY [['30','1']],'complete', 13.21,'9455 Farmco Circle','142142');
INSERT INTO Orders (order_id,usr_id,res_id,payment,listOfItems,status,total,destination_address, postal_code ) VALUES (31,'9GCZcmWw5',4,'cash',ARRAY [['50','1']],'complete', 19.09,'521 Starling Parkway','048764');
INSERT INTO Orders (order_id,usr_id,res_id,payment,listOfItems,status,total,destination_address, postal_code ) VALUES (32,'9GCZcmWw5',13,'card',ARRAY [['37','1']],'complete', 11.21,'521 Starling Parkway','048764');
INSERT INTO Orders (order_id,usr_id,res_id,payment,listOfItems,status,total,destination_address, postal_code ) VALUES (33,'9GCZcmWw5',42,'card',ARRAY [['51','5']],'complete', 54.00,'521 Starling Parkway','048764');
INSERT INTO Orders (order_id,usr_id,res_id,payment,listOfItems,status,total,destination_address, postal_code ) VALUES (34,'9GCZcmWw5',8,'card',ARRAY [['43','3']],'complete', 30.63,'521 Starling Parkway','048764');
INSERT INTO Orders (order_id,usr_id,res_id,payment,listOfItems,status,total,destination_address, postal_code ) VALUES (35,'XVCDN8Uq4l',21,'card',ARRAY [['26','2']],'complete', 20.10,'78117 Utah Road','239076');
INSERT INTO Orders (order_id,usr_id,res_id,payment,listOfItems,status,total,destination_address, postal_code ) VALUES (36,'ik4E1w0YXE',31,'cash',ARRAY [['3','3']],'complete', 60,'37 Johnson Crossing','320009');
INSERT INTO Orders (order_id,usr_id,res_id,payment,listOfItems,status,total,destination_address, postal_code ) VALUES (37,'XVCDN8Uq4l',36,'cash',ARRAY [['16','1']],'complete',23.6,'78117 Utah Road','239076');
INSERT INTO Orders (order_id,usr_id,res_id,payment,listOfItems,status,total,destination_address, postal_code ) VALUES (38,'ik4E1w0YXE',29,'card',ARRAY [['4','4']],'complete', 102.76,'37 Johnson Crossing','320009');
INSERT INTO Orders (order_id,usr_id,res_id,payment,listOfItems,status,total,destination_address, postal_code ) VALUES (39,'ik4E1w0YXE',25,'cash',ARRAY [['19','2']],'complete', 20.44,'37 Johnson Crossing','320009');
INSERT INTO Orders (order_id,usr_id,res_id,payment,listOfItems,status,total,destination_address, postal_code ) VALUES (40,'XVCDN8Uq4l',50,'cash',ARRAY [['63','2']],'complete',48,'78117 Utah Road','239076');
INSERT INTO Orders (order_id,usr_id,res_id,payment,listOfItems,status,total,destination_address, postal_code ) VALUES (41,'XVCDN8Uq4l',49,'card',ARRAY [['58','2']],'complete',29.8,'78117 Utah Road','239076');
INSERT INTO Orders (order_id,usr_id,res_id,payment,listOfItems,status,total,destination_address, postal_code ) VALUES (42,'2hMyWtlK7M',49,'card',ARRAY [['1','2']],'complete', 45.6,'14 Mifflin Way','772812');
INSERT INTO Orders (order_id,usr_id,res_id,payment,listOfItems,status,total,destination_address, postal_code ) VALUES (43,'2hMyWtlK7M',36,'cash',ARRAY [['16','3']],'complete', 63.6,'14 Mifflin Way','772812');
INSERT INTO Orders (order_id,usr_id,res_id,payment,listOfItems,status,total,destination_address, postal_code ) VALUES (44,'2hMyWtlK7M',11,'cash',ARRAY [['40','2']],'complete',23.21,'14 Mifflin Way','772812');
INSERT INTO Orders (order_id,usr_id,res_id,payment,listOfItems,status,total,destination_address, postal_code ) VALUES (45,'2hMyWtlK7M',42,'card',ARRAY [['9','3']],'complete',33.63,'14 Mifflin Way','772812');
INSERT INTO Orders (order_id,usr_id,res_id,payment,listOfItems,status,total,destination_address, postal_code ) VALUES (46,'wzS_LlETDm',2,'cash',ARRAY [['21','3']],'complete', 17.81,'2781 Sunbrook Parkway','883792');
INSERT INTO Orders (order_id,usr_id,res_id,payment,listOfItems,status,total,destination_address, postal_code ) VALUES (47,'wzS_LlETDm',29,'card',ARRAY [['4','1']],'complete', 28.69,'2781 Sunbrook Parkway','883792');
INSERT INTO Orders (order_id,usr_id,res_id,payment,listOfItems,status,total,destination_address, postal_code ) VALUES (48,'wzS_LlETDm',4,'card',ARRAY [['50','2']],'complete', 19.09,'2781 Sunbrook Parkway','883792');
INSERT INTO Orders (order_id,usr_id,res_id,payment,listOfItems,status,total,destination_address, postal_code ) VALUES (49,'oBbHa2qLDk',27,'cash',ARRAY [['5','2']],'complete', 23.42,'1 Marsiling Dr #01-59','993802');
INSERT INTO Orders (order_id,usr_id,res_id,payment,listOfItems,status,total,destination_address, postal_code ) VALUES (50,'oBbHa2qLDk',23,'card',ARRAY [['24','2']],'complete',23.42,'1 Marsiling Dr #01-59','993802');
INSERT INTO Orders (order_id,usr_id,res_id,payment,listOfItems,status,total,destination_address, postal_code ) VALUES (52,'qnXAuDyjP9',23,'card',ARRAY [['55','2']],'complete',23.42,'20 Jalan Kerluke Place', '310524');
INSERT INTO Orders (order_id,usr_id,res_id,payment,listOfItems,status,total,destination_address, postal_code ) VALUES (51,'qnXAuDyjP9',23,'cash',ARRAY [['55','2']],'in progress',23.42,'20 Jalan Kerluke Place', '310524');
INSERT INTO Orders (order_id,usr_id,res_id,payment,listOfItems,status,total,destination_address, postal_code ) VALUES (53,'qnXAuDyjP9',2,'cash',ARRAY [['21','2']],'complete',17.81,'20 Jalan Kerluke Place', '310524');
INSERT INTO Orders (order_id,usr_id,res_id,payment,listOfItems,status,total,destination_address, postal_code ) VALUES (54,'qnXAuDyjP9',29,'card',ARRAY [['4','4']],'complete', 102.76,'20 Jalan Kerluke Place', '310524');

INSERT INTO Orders (order_id,usr_id,res_id,payment,listOfItems,status,total,destination_address, postal_code ) VALUES (55,'XoBAl4RsbO',5,'card',ARRAY [['10','1'],['5','3'],['1','1']],'complete', 28.40, '9 Howard Road 04-00', '787820');
INSERT INTO Orders (order_id,usr_id,res_id,payment,listOfItems,status,total,destination_address, postal_code ) VALUES (56,'XoBAl4RsbO',5,'card',ARRAY [['5','3'],['3','6']],'complete', 49.40, '9 Howard Road 04-00', '787820');
INSERT INTO Orders (order_id,usr_id,res_id,payment,listOfItems,status,total,destination_address, postal_code ) VALUES (57,'XoBAl4RsbO',40,'card',ARRAY [['2','1'],['6','1']],'complete', 23.20, '9 Howard Road 04-00', '787820');
INSERT INTO Orders (order_id,usr_id,res_id,payment,listOfItems,status,total,destination_address, postal_code ) VALUES (58,'XoBAl4RsbO',40,'card',ARRAY [['7','2']],'complete', 15.35, '9 Howard Road 04-00', '787820');
INSERT INTO Orders (order_id,usr_id,res_id,payment,listOfItems,status,total,destination_address, postal_code ) VALUES (59,'XoBAl4RsbO',5,'card',ARRAY [['4','3']],'in progress', 15.35, '9 Howard Road 04-00', '787820');


INSERT INTO reviews VALUES(2, 'The food is good', 5);
INSERT INTO reviews VALUES(5, 'The food is good', 4);
INSERT INTO reviews VALUES(13, 'Food is nice', 4);
INSERT INTO reviews VALUES(20, 'Food is nice', 4);
INSERT INTO reviews VALUES(24, 'Food is nice', 4);
INSERT INTO reviews VALUES(27, 'Food is nice', 4);
INSERT INTO reviews VALUES(28, 'Food is nice', 4);
INSERT INTO reviews VALUES(29, 'Food is nice', 4);
INSERT INTO reviews VALUES(30, 'Food is nice', 2);
INSERT INTO reviews VALUES(35, 'Food is nice', 4);
INSERT INTO reviews VALUES(38, 'Food is nice', 5);
INSERT INTO reviews VALUES(47, 'Food is nice', 4);
INSERT INTO reviews VALUES(48, 'Food is nice', 4);
INSERT INTO reviews VALUES(49, 'Food is nice', 4);

insert into Deliveries (order_id, place_order_time) values (1, '2020-04-12 12:36:06');
insert into Deliveries (order_id, place_order_time) values (2,'2020-02-09 11:46:11');
insert into Deliveries (order_id, place_order_time) values (3, '2020-02-15 19:08:54');
insert into Deliveries (order_id, place_order_time) values (4, '2020-03-20 18:29:12');
insert into Deliveries (order_id, place_order_time) values (5, '2020-03-27 15:56:15');
insert into Deliveries (order_id, place_order_time) values (6,  '2020-01-19 17:56:36');
insert into Deliveries (order_id, place_order_time) values (7, '2020-01-22 18:48:58');
insert into Deliveries (order_id, place_order_time) values (8, '2020-01-23 17:46:43');
insert into Deliveries (order_id, place_order_time) values (9, '2020-01-08 12:11:55');
insert into Deliveries (order_id,  place_order_time) values (10, '2020-03-04 15:18:21');
insert into Deliveries (order_id, place_order_time) values (11, '2020-01-27 10:13:34');
insert into Deliveries (order_id, place_order_time) values (12, '2020-01-31 14:14:42');
insert into Deliveries (order_id, place_order_time) values (13, '2020-02-23 17:55:12');
insert into Deliveries (order_id, place_order_time) values (14, '2020-01-24 20:49:09');
insert into Deliveries (order_id, place_order_time) values (15, '2020-01-21 19:25:54');
insert into Deliveries (order_id, usr_id, place_order_time, dr_leave_for_res, dr_arrive_res) values (16, '4SGV6IVoJe', '2020-02-05 15:04:46', '2020-02-05 15:14:46', '2020-02-05 15:24:46');
insert into Deliveries (order_id, usr_id, place_order_time, dr_leave_for_res) values (17, 'YbbWUGXoed', '2020-03-13 14:53:14', '2020-03-13 14:55:14');
insert into Deliveries (order_id, usr_id, place_order_time, dr_leave_for_res) values (18, '3OkiKAnqj', '2020-03-19 15:30:10', '2020-03-19 15:35:10');
insert into Deliveries (order_id, usr_id, place_order_time, dr_leave_for_res, dr_arrive_res) values (19, 'wLYHFO52JC', '2020-03-26 16:02:11', '2020-03-26 16:12:11', '2020-03-26 16:22:11');
insert into Deliveries (order_id, usr_id, place_order_time, dr_leave_for_res) values (20, '5zd8j6ysQv', '2020-02-15 11:21:12', '2020-02-15 11:31:12');
insert into Deliveries (order_id, usr_id, place_order_time, dr_leave_for_res) values (21, 'xtoWTyt1Yh', '2020-02-10 10:45:29', '2020-02-10 10:46:29');
insert into Deliveries (order_id, usr_id, place_order_time, dr_leave_for_res, dr_arrive_res) values (22, '4eDkcV8i8k', '2020-03-02 10:50:07', '2020-03-02 10:52:07', '2020-03-02 11:10:07');
insert into Deliveries (order_id, usr_id, place_order_time, dr_leave_for_res, dr_arrive_res, dr_leave_res) values (23, 'FJlGy8yKsR', '2020-04-02 10:50:07', '2020-04-02 10:52:07', '2020-04-02 11:10:07', '2020-04-02 11:30:07');
insert into Deliveries (order_id, usr_id, place_order_time, dr_leave_for_res, dr_arrive_res) values (24, 'NdyRUmCo4X', '2020-01-02 10:50:07', '2020-01-02 10:52:07', '2020-01-02 11:10:07');
insert into Deliveries (order_id, usr_id, place_order_time, dr_leave_for_res, dr_arrive_res) values (25, 'QTBFUUAtkQ', '2020-02-02 10:50:07', '2020-02-02 10:52:07', '2020-02-02 11:10:07');
insert into Deliveries (order_id, usr_id, place_order_time, dr_leave_for_res, dr_arrive_res, dr_leave_res, dr_arrive_cus) values (26, '9AKX_g3HLI', '2020-03-26 12:35:16', '2020-03-26 12:45:16', '2020-03-26 12:55:16', '2020-03-26 13:15:16', '2020-03-26 13:35:16');
insert into Deliveries (order_id, usr_id, place_order_time, dr_leave_for_res, dr_arrive_res, dr_leave_res, dr_arrive_cus) values (27, '9AKX_g3HLI', '2020-01-26 12:35:16', '2020-01-26 12:45:16', '2020-01-26 12:55:16', '2020-01-26 13:15:16', '2020-01-26 13:35:16');
insert into Deliveries (order_id, usr_id, place_order_time, dr_leave_for_res, dr_arrive_res, dr_leave_res, dr_arrive_cus) values (28, '9AKX_g3HLI', '2020-02-20 13:45:58', '2020-02-20 13:46:58', '2020-02-20 14:00:58', '2020-02-20 14:15:00', '2020-02-20 14:45:00');
insert into Deliveries (order_id, usr_id, place_order_time, dr_leave_for_res, dr_arrive_res, dr_leave_res, dr_arrive_cus) values (29, '9AKX_g3HLI', '2020-01-20 13:45:58', '2020-01-20 13:46:58', '2020-01-20 14:00:58', '2020-01-20 14:15:00', '2020-01-20 14:45:00');
insert into Deliveries (order_id, usr_id, place_order_time, dr_leave_for_res, dr_arrive_res, dr_leave_res, dr_arrive_cus) values (30, '3OkiKAnqj', '2020-04-20 13:45:58', '2020-04-20 13:46:58', '2020-04-20 14:00:58', '2020-04-20 14:15:00', '2020-04-20 14:45:00');
insert into Deliveries (order_id, usr_id, place_order_time, dr_leave_for_res, dr_arrive_res, dr_leave_res, dr_arrive_cus) values (31, 'jM2AkqIXTt', '2020-01-20 13:45:58', '2020-01-20 13:46:58', '2020-01-20 14:00:58', '2020-01-20 14:15:00', '2020-01-20 14:45:00');
insert into Deliveries (order_id, usr_id, place_order_time, dr_leave_for_res, dr_arrive_res, dr_leave_res, dr_arrive_cus) values (32, 'jM2AkqIXTt', '2020-02-21 19:08:29', '2020-02-21 19:24:29', '2020-02-21 19:45:49', '2020-02-21 20:00:57', '2020-02-21 20:08:10');
insert into Deliveries (order_id, usr_id, place_order_time, dr_leave_for_res, dr_arrive_res, dr_leave_res, dr_arrive_cus) values (33, '1JZHVCXAOm', '2020-02-25 19:08:29', '2020-02-25 19:24:29', '2020-02-25 19:45:49', '2020-02-25 20:00:57', '2020-02-25 20:08:10');
insert into Deliveries (order_id, usr_id, place_order_time, dr_leave_for_res, dr_arrive_res, dr_leave_res, dr_arrive_cus) values (34, '1JZHVCXAOm', '2020-03-10 14:30:23', '2020-03-10 14:33:48', '2020-03-10 14:58:00', '2020-03-10 15:13:14', '2020-03-10 15:21:20');
insert into Deliveries (order_id, usr_id, place_order_time, dr_leave_for_res, dr_arrive_res, dr_leave_res, dr_arrive_cus) values (35, 'mjtMev9b2J', '2020-01-26 12:35:16', '2020-01-26 12:45:16', '2020-01-26 12:55:16', '2020-01-26 13:15:16', '2020-01-26 13:35:16');
insert into Deliveries (order_id, usr_id, place_order_time, dr_leave_for_res, dr_arrive_res, dr_leave_res, dr_arrive_cus) values (36, 'mjtMev9b2J', '2020-01-31 18:08:20', '2020-01-31 18:18:20', '2020-01-31 18:30:20', '2020-01-31 18:50:00', '2020-01-31 19:08:20');
insert into Deliveries (order_id, usr_id, place_order_time, dr_leave_for_res, dr_arrive_res, dr_leave_res, dr_arrive_cus) values (37, 'mjtMev9b2J', '2020-01-30 13:45:58', '2020-01-30 13:46:58', '2020-01-30 14:00:58', '2020-01-30 14:15:00', '2020-01-30 14:45:00');
insert into Deliveries (order_id, usr_id, place_order_time, dr_leave_for_res, dr_arrive_res, dr_leave_res, dr_arrive_cus) values (38, 'mjtMev9b2J','2020-01-20 13:45:58', '2020-01-20 13:46:58', '2020-01-20 14:00:58', '2020-01-20 14:15:00', '2020-01-20 14:45:00');
insert into Deliveries (order_id, usr_id, place_order_time, dr_leave_for_res, dr_arrive_res, dr_leave_res, dr_arrive_cus) values (39, '4SGV6IVoJe', '2020-01-23 21:35:03', '2020-01-23 21:45:03', '2020-01-23 21:50:03', '2020-01-23 21:55:03', '2020-01-23 21:58:03');
insert into Deliveries (order_id, usr_id, place_order_time, dr_leave_for_res, dr_arrive_res, dr_leave_res, dr_arrive_cus) values (40, '4SGV6IVoJe', '2020-02-25 19:08:29', '2020-02-25 19:24:29', '2020-02-25 19:45:49', '2020-02-25 20:00:57', '2020-02-25 20:08:10');
insert into Deliveries (order_id, usr_id, place_order_time, dr_leave_for_res, dr_arrive_res, dr_leave_res, dr_arrive_cus) values (41, 'u2ovi2tYNo', '2020-01-02 10:50:07', '2020-01-02 10:52:07', '2020-01-02 11:10:07', '2020-01-02 11:30:07', '2020-01-02 11:50:07');
insert into Deliveries (order_id, usr_id, place_order_time, dr_leave_for_res, dr_arrive_res, dr_leave_res, dr_arrive_cus) values (42, 'VOusDnTrGj', '2020-02-18 11:10:55', '2020-02-18 11:12:56', '2020-02-18 11:30:24', '2020-02-18 11:30:24', '2020-02-18 12:00:24');
insert into Deliveries (order_id, usr_id, place_order_time, dr_leave_for_res, dr_arrive_res, dr_leave_res, dr_arrive_cus) values (43, 'CrKtHU1XDE', '2020-03-10 14:30:23', '2020-03-10 14:33:48', '2020-03-10 14:58:00', '2020-03-10 15:13:14', '2020-03-10 15:21:20');
insert into Deliveries (order_id, usr_id, place_order_time, dr_leave_for_res, dr_arrive_res, dr_leave_res, dr_arrive_cus) values (44, 'CrKtHU1XDE', '2020-01-26 12:35:16', '2020-01-26 12:45:16', '2020-01-26 12:55:16', '2020-01-26 13:15:16', '2020-01-26 13:35:16');
insert into Deliveries (order_id, usr_id, place_order_time, dr_leave_for_res, dr_arrive_res, dr_leave_res, dr_arrive_cus) values (45, 'CrKtHU1XDE', '2020-02-12 10:34:36', '2020-02-12 10:44:36', '2020-02-12 11:04:36', '2020-02-12 11:14:36', '2020-02-12 11:34:36');
insert into Deliveries (order_id, usr_id, place_order_time, dr_leave_for_res, dr_arrive_res, dr_leave_res, dr_arrive_cus) values (46, 'CrKtHU1XDE', '2020-01-31 18:08:20', '2020-01-31 18:18:20', '2020-01-31 18:30:20', '2020-01-31 18:50:00', '2020-01-31 19:08:20');
insert into Deliveries (order_id, usr_id, place_order_time, dr_leave_for_res, dr_arrive_res, dr_leave_res, dr_arrive_cus) values (47, '3OkiKAnqj', '2020-01-12 15:28:49', '2020-01-12 15:38:49', '2020-01-12 15:48:49', '2020-01-12 15:58:49', '2020-01-12 16:18:00');
insert into Deliveries (order_id, usr_id, place_order_time, dr_leave_for_res, dr_arrive_res, dr_leave_res, dr_arrive_cus) values (48, '3OkiKAnqj', '2020-03-17 10:40:30', '2020-03-17 10:50:30', '2020-03-17 11:10:30', '2020-03-17 11:30:30', '2020-03-17 11:40:30');
insert into Deliveries (order_id, usr_id, place_order_time, dr_leave_for_res, dr_arrive_res, dr_leave_res, dr_arrive_cus) values (49, '3OkiKAnqj', '2020-02-24 10:58:53', '2020-02-24 11:00:00', '2020-02-24 11:09:00', '2020-02-24 11:39:00', '2020-02-24 12:00:00');
insert into Deliveries (order_id, usr_id, place_order_time, dr_leave_for_res, dr_arrive_res, dr_leave_res, dr_arrive_cus) values (50, '3OkiKAnqj', '2020-01-30 13:45:58', '2020-01-30 13:46:58', '2020-01-30 14:00:58', '2020-01-30 14:15:00', '2020-01-30 14:45:00');

insert into Deliveries (order_id, usr_id, place_order_time, dr_leave_for_res, dr_arrive_res, dr_leave_res, dr_arrive_cus) values (52, 'AmcgucKoDC', '2020-05-01 13:45:58', '2020-05-01 13:50:09', '2020-05-01 13:59:01', '2020-05-01 14:10:59', '2020-05-01 14:18:43');
insert into Deliveries (order_id, usr_id, place_order_time, dr_leave_for_res) values (51, 'VOusDnTrGj', NOW(), NOW());
insert into Deliveries (order_id, usr_id, place_order_time, dr_leave_for_res, dr_arrive_res, dr_leave_res, dr_arrive_cus) values (53, 'AmcgucKoDC', '2020-05-02 13:45:58', '2020-05-02 13:50:09', '2020-05-02 13:59:01', '2020-05-02 14:10:59', '2020-05-02 14:18:43');
insert into Deliveries (order_id, usr_id, place_order_time, dr_leave_for_res, dr_arrive_res, dr_leave_res, dr_arrive_cus) values (54, 'AmcgucKoDC', '2020-04-28 13:45:58', '2020-04-28 13:50:09', '2020-04-28 13:59:01', '2020-04-28 14:10:59', '2020-04-28 14:18:43');

insert into Deliveries (order_id, usr_id, place_order_time, dr_leave_for_res, dr_arrive_res, dr_leave_res, dr_arrive_cus) values (55, 'FJlGy8yKsR', '2020-04-28 13:45:58', '2020-04-28 13:50:09', '2020-04-28 13:59:01', '2020-04-28 14:10:59', '2020-04-28 14:18:43');
insert into Deliveries (order_id, usr_id, place_order_time, dr_leave_for_res, dr_arrive_res, dr_leave_res, dr_arrive_cus) values (56, 'FJlGy8yKsR', '2020-04-29 13:45:58', '2020-04-29 13:50:09', '2020-04-29 13:59:01', '2020-04-29 14:10:59', '2020-04-29 14:18:43');
insert into Deliveries (order_id, usr_id, place_order_time, dr_leave_for_res, dr_arrive_res, dr_leave_res, dr_arrive_cus) values (57, 'FJlGy8yKsR', '2020-04-30 13:45:58', '2020-04-30 13:50:09', '2020-04-30 13:59:01', '2020-04-30 14:10:59', '2020-04-30 14:18:43');
insert into Deliveries (order_id, usr_id, place_order_time, dr_leave_for_res, dr_arrive_res, dr_leave_res, dr_arrive_cus) values (58, 'FJlGy8yKsR', '2020-04-28 13:45:58', '2020-04-28 13:50:09', '2020-04-28 13:59:01', '2020-04-28 14:10:59', '2020-04-28 14:30:59');
insert into Deliveries (order_id, usr_id, place_order_time, dr_leave_for_res, dr_arrive_res) values (59, 'AmcgucKoDC', '2020-04-28 13:45:58', '2020-04-28 13:50:09', '2020-04-28 13:59:01');


insert into CouponGroups (coupon_group_id, description, expiry_date) values (1, 'Delivery:percent;100', '2020-11-18 21:59:38');
insert into CouponGroups (coupon_group_id, description, expiry_date) values (2, 'Discount:percent;10', '2020-07-08 10:58:53');
insert into CouponGroups (coupon_group_id, description, expiry_date) values (3, 'Discount:percent;50', '2020-10-27 00:57:58');
insert into CouponGroups (coupon_group_id, description, expiry_date) values (4, 'Delivery:percent;100', '2020-07-26 00:58:43');
insert into CouponGroups (coupon_group_id, description, expiry_date) values (5, 'Discount:dollars;5', '2020-11-27 22:09:50');
insert into CouponGroups (coupon_group_id, description, expiry_date) values (6, 'Discount:percent;30', '2020-05-07 17:18:07');
insert into CouponGroups (coupon_group_id, description, expiry_date) values (7, 'Discount:percent;10', '2020-05-19 13:43:16');
insert into CouponGroups (coupon_group_id, description, expiry_date) values (8, 'Delivery:percent;100', '2020-06-27 04:17:40');
insert into CouponGroups (coupon_group_id, description, expiry_date) values (9, 'Discount:percent;30', '2020-05-29 21:03:58');
insert into CouponGroups (coupon_group_id, description, expiry_date) values (10, 'Discount:dollars;5', '2020-06-21 16:45:21');
insert into CouponGroups (coupon_group_id, description, expiry_date) values (11, 'Delivery:percent;100', '2020-09-09 14:46:54');
insert into CouponGroups (coupon_group_id, description, expiry_date) values (12, 'Discount:percent;20', '2020-12-22 11:57:04');
insert into CouponGroups (coupon_group_id, description, expiry_date) values (13, 'Discount:dollars;10', '2020-08-18 23:19:22');

insert into Coupons (coupon_id, coupon_group_id, usr_id, is_used) values (DEFAULT, 1, 'JthoLLSwz', false);
insert into Coupons (coupon_id, coupon_group_id, usr_id, is_used) values (DEFAULT, 1, 't2uvSTlPQ', false);
insert into Coupons (coupon_id, coupon_group_id, usr_id, is_used) values (DEFAULT, 1, 'j1Vcg8d_z0', false);
insert into Coupons (coupon_id, coupon_group_id, usr_id, is_used) values (DEFAULT, 2, 'j1Vcg8d_z0', false);
insert into Coupons (coupon_id, coupon_group_id, usr_id, is_used) values (DEFAULT, 2, 'E2hZ7b7soT', false);
insert into Coupons (coupon_id, coupon_group_id, usr_id, is_used) values (DEFAULT, 4, 'E2hZ7b7soT', true);
insert into Coupons (coupon_id, coupon_group_id, usr_id, is_used) values (DEFAULT, 2, '2hMyWtlK7M', true);
insert into Coupons (coupon_id, coupon_group_id, usr_id, is_used) values (DEFAULT, 3, '9GCZcmWw5', true);
insert into Coupons (coupon_id, coupon_group_id, usr_id, is_used) values (DEFAULT, 3, 'Y4HmY6Eu2E', false);
insert into Coupons (coupon_id, coupon_group_id, usr_id, is_used) values (DEFAULT, 4, 'Y4HmY6Eu2E', false);
insert into Coupons (coupon_id, coupon_group_id, usr_id, is_used) values (DEFAULT, 4, 'uxiYPnAqxS', true);
insert into Coupons (coupon_id, coupon_group_id, usr_id, is_used) values (DEFAULT, 5, 'uxiYPnAqxS', false);
insert into Coupons (coupon_id, coupon_group_id, usr_id, is_used) values (DEFAULT, 5, '5o87B2dpeR', false);
insert into Coupons (coupon_id, coupon_group_id, usr_id, is_used) values (DEFAULT, 8, '5o87B2dpeR', true);
insert into Coupons (coupon_id, coupon_group_id, usr_id, is_used) values (DEFAULT, 6, 'qnXAuDyjP9', false);
insert into Coupons (coupon_id, coupon_group_id, usr_id, is_used) values (DEFAULT, 6, '3PnARfg_2Z', false);
insert into Coupons (coupon_id, coupon_group_id, usr_id, is_used) values (DEFAULT, 6, 'Y4HmY6Eu2E', false);
insert into Coupons (coupon_id, coupon_group_id, usr_id, is_used) values (DEFAULT, 6, 'bizhHWkw7P', true);
insert into Coupons (coupon_id, coupon_group_id, usr_id, is_used) values (DEFAULT, 6, 'EiMuMqHo5J', false);
insert into Coupons (coupon_id, coupon_group_id, usr_id, is_used) values (DEFAULT, 6, '9GCZcmWw5', false);
insert into Coupons (coupon_id, coupon_group_id, usr_id, is_used) values (DEFAULT, 7, 'ik4E1w0YXE', false);
insert into Coupons (coupon_id, coupon_group_id, usr_id, is_used) values (DEFAULT, 7, '2hMyWtlK7M', true);
insert into Coupons (coupon_id, coupon_group_id, usr_id, is_used) values (DEFAULT, 3, '2hMyWtlK7M', false);
insert into Coupons (coupon_id, coupon_group_id, usr_id, is_used) values (DEFAULT, 8, '1sUNGJqf6d', false);
insert into Coupons (coupon_id, coupon_group_id, usr_id, is_used) values (DEFAULT, 8, '0wWQW9d9PO', false);
insert into Coupons (coupon_id, coupon_group_id, usr_id, is_used) values (DEFAULT, 8, '1OijozDcuA', true);
insert into Coupons (coupon_id, coupon_group_id, usr_id, is_used) values (DEFAULT, 9, '1OijozDcuA', false);
insert into Coupons (coupon_id, coupon_group_id, usr_id, is_used) values (DEFAULT, 10, '1OijozDcuA', false);
insert into Coupons (coupon_id, coupon_group_id, usr_id, is_used) values (DEFAULT, 8, 'ik4E1w0YXE', false);
insert into Coupons (coupon_id, coupon_group_id, usr_id, is_used) values (DEFAULT, 1, 'ik4E1w0YXE', true);
insert into Coupons (coupon_id, coupon_group_id, usr_id, is_used) values (DEFAULT, 2, 'Y4HmY6Eu2E', false);
insert into Coupons (coupon_id, coupon_group_id, usr_id, is_used) values (DEFAULT, 9, 'Y4HmY6Eu2E', false);
insert into Coupons (coupon_id, coupon_group_id, usr_id, is_used) values (DEFAULT, 9, 'bQevjTwl6q', false);
insert into Coupons (coupon_id, coupon_group_id, usr_id, is_used) values (DEFAULT, 9, '2oCt6j9x1M', false);
insert into Coupons (coupon_id, coupon_group_id, usr_id, is_used) values (DEFAULT, 10, 'E2hZ7b7soT', false);
insert into Coupons (coupon_id, coupon_group_id, usr_id, is_used) values (DEFAULT, 10, 'lcSMkpgTXc', false);
insert into Coupons (coupon_id, coupon_group_id, usr_id, is_used) values (DEFAULT, 10, 'QzDDtr0qL9', false);
insert into Coupons (coupon_id, coupon_group_id, usr_id, is_used) values (DEFAULT, 10, 'nI8m8uwVwp', true);
insert into Coupons (coupon_id, coupon_group_id, usr_id, is_used) values (DEFAULT, 10, 'ik4E1w0YXE', true);
insert into Coupons (coupon_id, coupon_group_id, usr_id, is_used) values (DEFAULT, 11, 'ik4E1w0YXE', false);
insert into Coupons (coupon_id, coupon_group_id, usr_id, is_used) values (DEFAULT, 11, 'oBbHa2qLDk', false);
insert into Coupons (coupon_id, coupon_group_id, usr_id, is_used) values (DEFAULT, 12, 'oBbHa2qLDk', false);
insert into Coupons (coupon_id, coupon_group_id, usr_id, is_used) values (DEFAULT, 11, 'JthoLLSwz', false);
insert into Coupons (coupon_id, coupon_group_id, usr_id, is_used) values (DEFAULT, 11, 'vaphwZAzpj', false);
insert into Coupons (coupon_id, coupon_group_id, usr_id, is_used) values (DEFAULT, 12, 'nI8m8uwVwp', false);
insert into Coupons (coupon_id, coupon_group_id, usr_id, is_used) values (DEFAULT, 12, '3fbloaV8Qv', false);
insert into Coupons (coupon_id, coupon_group_id, usr_id, is_used) values (DEFAULT, 13, '5o87B2dpeR', true);
insert into Coupons (coupon_id, coupon_group_id, usr_id, is_used) values (DEFAULT, 13, 'ifGzY2qUam', true);
insert into Coupons (coupon_id, coupon_group_id, usr_id, is_used) values (DEFAULT, 13, 'qnXAuDyjP9', true);
insert into Coupons (coupon_id, coupon_group_id, usr_id, is_used) values (DEFAULT, 13, 'd8BmgbWqUb', false);

INSERT INTO Promotions (pid,promotype, res_id, description,start_day,end_day) VALUES (1,'RES', 3, 'DEFAULT:absolute;3;2','2020-01-31 11:45:19','2020-09-30 11:45:19');
INSERT INTO Promotions (pid,promotype,description,start_day,end_day) VALUES (2,'FDS','Delivery:percent;100','2020-01-31 11:45:19','2020-02-07 11:45:19');
INSERT INTO Promotions (pid,promotype,description,start_day,end_day) VALUES (3,'FDS','Discount:dollars;8','2020-01-21 11:45:19','2020-01-30 11:45:19');
INSERT INTO Promotions (pid,promotype,description,start_day,end_day) VALUES (4,'FDS','Discount:percent;20','2020-03-31 12:00:19','2020-04-22 12:00:19');
INSERT INTO Promotions (pid,promotype,res_id,description,start_day,end_day) VALUES (6,'RES', 5, 'DEFAULT:percent;3;10','2019-05-31 22:00:19','2019-08-31 22:00:19');
INSERT INTO Promotions (pid,promotype,res_id,description,start_day,end_day) VALUES (7,'RES', 5, 'DEFAULT:absolute;3;2','2020-01-01 00:00:00','2020-05-31 00:00:00');
INSERT INTO Promotions (pid,promotype,description,start_day,end_day) VALUES (8,'FDS','Delivery:percent;100','2020-03-01 00:00:00','2020-03-25 00:00:00');
INSERT INTO Promotions (pid,promotype,description,start_day,end_day) VALUES (9,'FDS','Delivery:percent;100','2020-04-23 00:00:00','2020-12-31 00:00:00');
INSERT INTO Promotions (pid,promotype,description,start_day,end_day) VALUES (10,'FDS','Discount:dollars;10','2019-11-03 00:00:00','2019-11-29 00:00:00');
INSERT INTO Promotions (pid,promotype,res_id,description,start_day,end_day) VALUES (5,'RES', 4, 'DEFAULT:percent;20;20','2020-04-23 12:00:19','2020-09-30 12:00:19');


INSERT INTO Shifts (shift_id,start_time1,start_time2,end_time1,end_time2) VALUES (1,'10:00','15:00','14:00','19:00');
INSERT INTO Shifts (shift_id,start_time1,start_time2,end_time1,end_time2) VALUES (2,'11:00','16:00','15:00','20:00');
INSERT INTO Shifts (shift_id,start_time1,start_time2,end_time1,end_time2) VALUES (3,'12:00','17:00','16:00','21:00');
INSERT INTO Shifts (shift_id,start_time1,start_time2,end_time1,end_time2) VALUES (4,'13:00','18:00','17:00','22:00');


insert into Mws (usr_id, day, shift_id) values ('FJlGy8yKsR', 6, 1);
insert into Mws (usr_id, day, shift_id) values ('FJlGy8yKsR', 2, 1);
insert into Mws (usr_id, day, shift_id) values ('FJlGy8yKsR', 3, 1);
insert into Mws (usr_id, day, shift_id) values ('FJlGy8yKsR', 4, 1);
insert into Mws (usr_id, day, shift_id) values ('FJlGy8yKsR', 5, 1);
insert into Mws (usr_id, day, shift_id) values ('TgYG4Z7NIq', 1, 2);
insert into Mws (usr_id, day, shift_id) values ('TgYG4Z7NIq', 2, 2);
insert into Mws (usr_id, day, shift_id) values ('TgYG4Z7NIq', 3, 2);
insert into Mws (usr_id, day, shift_id) values ('TgYG4Z7NIq', 4, 2);
insert into Mws (usr_id, day, shift_id) values ('TgYG4Z7NIq', 5, 2);
insert into Mws (usr_id, day, shift_id) values ('FJlGy8yKsR', 1, 3);
insert into Mws (usr_id, day, shift_id) values ('FJlGy8yKsR', 2, 3);
insert into Mws (usr_id, day, shift_id) values ('FJlGy8yKsR', 3, 3);
insert into Mws (usr_id, day, shift_id) values ('FJlGy8yKsR', 4, 3);
insert into Mws (usr_id, day, shift_id) values ('FJlGy8yKsR', 5, 3);
insert into Mws (usr_id, day, shift_id) values ('JY5MXf4LND', 1, 4);
insert into Mws (usr_id, day, shift_id) values ('JY5MXf4LND', 2, 4);
insert into Mws (usr_id, day, shift_id) values ('JY5MXf4LND', 3, 4);
insert into Mws (usr_id, day, shift_id) values ('JY5MXf4LND', 4, 4);
insert into Mws (usr_id, day, shift_id) values ('JY5MXf4LND', 5, 4);
insert into Mws (usr_id, day, shift_id) values ('NdyRUmCo4X', 6, 4);
insert into Mws (usr_id, day, shift_id) values ('NdyRUmCo4X', 7, 4);
insert into Mws (usr_id, day, shift_id) values ('NdyRUmCo4X', 1, 4);
insert into Mws (usr_id, day, shift_id) values ('NdyRUmCo4X', 2, 4);
insert into Mws (usr_id, day, shift_id) values ('NdyRUmCo4X', 3, 4);
insert into Mws (usr_id, day, shift_id) values ('uInb6i1ksz', 6, 3);
insert into Mws (usr_id, day, shift_id) values ('uInb6i1ksz', 7, 3);
insert into Mws (usr_id, day, shift_id) values ('uInb6i1ksz', 1, 3);
insert into Mws (usr_id, day, shift_id) values ('uInb6i1ksz', 2, 3);
insert into Mws (usr_id, day, shift_id) values ('uInb6i1ksz', 3, 3);
insert into Mws (usr_id, day, shift_id) values ('zG4NywKiIe', 6, 2);
insert into Mws (usr_id, day, shift_id) values ('zG4NywKiIe', 7, 2);
insert into Mws (usr_id, day, shift_id) values ('zG4NywKiIe', 1, 2);
insert into Mws (usr_id, day, shift_id) values ('zG4NywKiIe', 2, 2);
insert into Mws (usr_id, day, shift_id) values ('zG4NywKiIe', 3, 2);
insert into Mws (usr_id, day, shift_id) values ('mjtMev9b2J', 6, 1);
insert into Mws (usr_id, day, shift_id) values ('mjtMev9b2J', 7, 1);
insert into Mws (usr_id, day, shift_id) values ('mjtMev9b2J', 1, 1);
insert into Mws (usr_id, day, shift_id) values ('mjtMev9b2J', 2, 1);
insert into Mws (usr_id, day, shift_id) values ('mjtMev9b2J', 3, 1);
insert into Mws (usr_id, day, shift_id) values ('gIj7uieS31', 4, 1);
insert into Mws (usr_id, day, shift_id) values ('gIj7uieS31', 5, 1);
insert into Mws (usr_id, day, shift_id) values ('gIj7uieS31', 6, 1);
insert into Mws (usr_id, day, shift_id) values ('gIj7uieS31', 7, 1);
insert into Mws (usr_id, day, shift_id) values ('gIj7uieS31', 1, 1);
insert into Mws (usr_id, day, shift_id) values ('1JZHVCXAOm', 4, 2);
insert into Mws (usr_id, day, shift_id) values ('1JZHVCXAOm', 5, 2);
insert into Mws (usr_id, day, shift_id) values ('1JZHVCXAOm', 6, 2);
insert into Mws (usr_id, day, shift_id) values ('1JZHVCXAOm', 7, 2);
insert into Mws (usr_id, day, shift_id) values ('1JZHVCXAOm', 1, 2);
insert into Mws (usr_id, day, shift_id) values ('g1CcAB-fKQ', 4, 3);
insert into Mws (usr_id, day, shift_id) values ('g1CcAB-fKQ', 5, 3);
insert into Mws (usr_id, day, shift_id) values ('g1CcAB-fKQ', 6, 3);
insert into Mws (usr_id, day, shift_id) values ('g1CcAB-fKQ', 7, 3);
insert into Mws (usr_id, day, shift_id) values ('g1CcAB-fKQ', 1, 3);
insert into Mws (usr_id, day, shift_id) values ('GqHI0NgUlx', 4, 4);
insert into Mws (usr_id, day, shift_id) values ('GqHI0NgUlx', 5, 4);
insert into Mws (usr_id, day, shift_id) values ('GqHI0NgUlx', 6, 4);
insert into Mws (usr_id, day, shift_id) values ('GqHI0NgUlx', 7, 4);
insert into Mws (usr_id, day, shift_id) values ('GqHI0NgUlx', 1, 4);
insert into Mws (usr_id, day, shift_id) values ('XiZbUmEEOJ', 2, 4);
insert into Mws (usr_id, day, shift_id) values ('XiZbUmEEOJ', 3, 4);
insert into Mws (usr_id, day, shift_id) values ('XiZbUmEEOJ', 4, 4);
insert into Mws (usr_id, day, shift_id) values ('XiZbUmEEOJ', 5, 4);
insert into Mws (usr_id, day, shift_id) values ('XiZbUmEEOJ', 6, 4);
insert into Mws (usr_id, day, shift_id) values ('u2ovi2tYNo', 2, 3);
insert into Mws (usr_id, day, shift_id) values ('u2ovi2tYNo', 3, 3);
insert into Mws (usr_id, day, shift_id) values ('u2ovi2tYNo', 4, 3);
insert into Mws (usr_id, day, shift_id) values ('u2ovi2tYNo', 5, 3);
insert into Mws (usr_id, day, shift_id) values ('u2ovi2tYNo', 6, 3);
insert into Mws (usr_id, day, shift_id) values ('PDuAFMmgRi', 2, 2);
insert into Mws (usr_id, day, shift_id) values ('PDuAFMmgRi', 3, 2);
insert into Mws (usr_id, day, shift_id) values ('PDuAFMmgRi', 4, 2);
insert into Mws (usr_id, day, shift_id) values ('PDuAFMmgRi', 5, 2);
insert into Mws (usr_id, day, shift_id) values ('PDuAFMmgRi', 6, 2);
insert into Mws (usr_id, day, shift_id) values ('6DJSOQWCYE', 2, 1);
insert into Mws (usr_id, day, shift_id) values ('6DJSOQWCYE', 3, 1);
insert into Mws (usr_id, day, shift_id) values ('6DJSOQWCYE', 4, 1);
insert into Mws (usr_id, day, shift_id) values ('6DJSOQWCYE', 5, 1);
insert into Mws (usr_id, day, shift_id) values ('6DJSOQWCYE', 6, 1);
insert into Mws (usr_id, day, shift_id) values ('iziEmvtBA', 7, 1);
insert into Mws (usr_id, day, shift_id) values ('iziEmvtBA', 1, 1);
insert into Mws (usr_id, day, shift_id) values ('iziEmvtBA', 2, 1);
insert into Mws (usr_id, day, shift_id) values ('iziEmvtBA', 3, 1);
insert into Mws (usr_id, day, shift_id) values ('iziEmvtBA', 4, 1);
insert into Mws (usr_id, day, shift_id) values ('VOusDnTrGj', 7, 2);
insert into Mws (usr_id, day, shift_id) values ('VOusDnTrGj', 1, 2);
insert into Mws (usr_id, day, shift_id) values ('VOusDnTrGj', 2, 2);
insert into Mws (usr_id, day, shift_id) values ('VOusDnTrGj', 3, 2);
insert into Mws (usr_id, day, shift_id) values ('VOusDnTrGj', 4, 2);
insert into Mws (usr_id, day, shift_id) values ('jM2AkqIXTt', 7, 3);
insert into Mws (usr_id, day, shift_id) values ('jM2AkqIXTt', 1, 3);
insert into Mws (usr_id, day, shift_id) values ('jM2AkqIXTt', 2, 3);
insert into Mws (usr_id, day, shift_id) values ('jM2AkqIXTt', 3, 3);
insert into Mws (usr_id, day, shift_id) values ('jM2AkqIXTt', 4, 3);
insert into Mws (usr_id, day, shift_id) values ('OoxTu2yVgB', 7, 4);
insert into Mws (usr_id, day, shift_id) values ('OoxTu2yVgB', 1, 4);
insert into Mws (usr_id, day, shift_id) values ('OoxTu2yVgB', 2, 4);
insert into Mws (usr_id, day, shift_id) values ('OoxTu2yVgB', 3, 4);
insert into Mws (usr_id, day, shift_id) values ('OoxTu2yVgB', 4, 4);
insert into Mws (usr_id, day, shift_id) values ('9AKX_g3HLI', 5, 4);
insert into Mws (usr_id, day, shift_id) values ('9AKX_g3HLI', 6, 4);
insert into Mws (usr_id, day, shift_id) values ('9AKX_g3HLI', 7, 4);
insert into Mws (usr_id, day, shift_id) values ('9AKX_g3HLI', 1, 4);
insert into Mws (usr_id, day, shift_id) values ('9AKX_g3HLI', 2, 4);
insert into Mws (usr_id, day, shift_id) values ('GDEKyfBX2n', 5,3);
insert into Mws (usr_id, day, shift_id) values ('GDEKyfBX2n', 6, 3);
insert into Mws (usr_id, day, shift_id) values ('GDEKyfBX2n', 7, 3);
insert into Mws (usr_id, day, shift_id) values ('GDEKyfBX2n', 1, 3);
insert into Mws (usr_id, day, shift_id) values ('GDEKyfBX2n', 2, 3);
insert into Mws (usr_id, day, shift_id) values ('1m8gqm68RT', 5,2);
insert into Mws (usr_id, day, shift_id) values ('1m8gqm68RT', 6, 2);
insert into Mws (usr_id, day, shift_id) values ('1m8gqm68RT', 7, 2);
insert into Mws (usr_id, day, shift_id) values ('1m8gqm68RT', 1, 2);
insert into Mws (usr_id, day, shift_id) values ('1m8gqm68RT', 2, 2);
insert into Mws (usr_id, day, shift_id) values ('QTBFUUAtkQ', 5,1);
insert into Mws (usr_id, day, shift_id) values ('QTBFUUAtkQ', 6, 1);
insert into Mws (usr_id, day, shift_id) values ('QTBFUUAtkQ', 7, 1);
insert into Mws (usr_id, day, shift_id) values ('QTBFUUAtkQ', 1, 1);
insert into Mws (usr_id, day, shift_id) values ('QTBFUUAtkQ', 2, 1);
insert into Mws (usr_id, day, shift_id) values ('kft5sEPPfY', 3,1);
insert into Mws (usr_id, day, shift_id) values ('kft5sEPPfY', 4, 1);
insert into Mws (usr_id, day, shift_id) values ('kft5sEPPfY', 5, 1);
insert into Mws (usr_id, day, shift_id) values ('kft5sEPPfY', 6, 1);
insert into Mws (usr_id, day, shift_id) values ('kft5sEPPfY', 7, 1);
insert into Mws (usr_id, day, shift_id) values ('DmbBGwkICv', 3,2);
insert into Mws (usr_id, day, shift_id) values ('DmbBGwkICv', 4, 1);
insert into Mws (usr_id, day, shift_id) values ('DmbBGwkICv', 5, 4);
insert into Mws (usr_id, day, shift_id) values ('DmbBGwkICv', 6, 3);
insert into Mws (usr_id, day, shift_id) values ('DmbBGwkICv', 7, 2);

insert into Wws (usr_id, Week, dayOfWeek, start_time, end_time) values ('4SGV6IVoJe', 1, 1, '10:00', '14:00');
insert into Wws (usr_id, Week, dayOfWeek, start_time, end_time) values ('XCIscvzR-H', 1, 1, '12:00', '16:00');
insert into Wws (usr_id, Week, dayOfWeek, start_time, end_time) values ('mrIK5e3A-4', 1, 1, '12:00', '16:00');
insert into Wws (usr_id, Week, dayOfWeek, start_time, end_time) values ('GWwnEfu3nC', 1, 1, '12:00', '16:00');
insert into Wws (usr_id, Week, dayOfWeek, start_time, end_time) values ('AmcgucKoDC', 1, 1, '12:00', '16:00');
insert into Wws (usr_id, Week, dayOfWeek, start_time, end_time) values ('GMHtneWRAn', 1, 1, '12:00', '16:00');
insert into Wws (usr_id, Week, dayOfWeek, start_time, end_time) values ('4SGV6IVoJe', 1, 1, '15:00', '19:00');
insert into Wws (usr_id, Week, dayOfWeek, start_time, end_time) values ('YbbWUGXoed', 1, 1, '15:00', '19:00');
insert into Wws (usr_id, Week, dayOfWeek, start_time, end_time) values ('3OkiKAnqj', 1, 1, '15:00', '19:00');
insert into Wws (usr_id, Week, dayOfWeek, start_time, end_time) values ('wLYHFO52JC', 1, 1, '15:00', '19:00');
insert into Wws (usr_id, Week, dayOfWeek, start_time, end_time) values ('5zd8j6ysQv', 1, 1, '15:00', '19:00');
insert into Wws (usr_id, Week, dayOfWeek, start_time, end_time) values ('xtoWTyt1Yh', 1, 1, '16:00', '20:00');
insert into Wws (usr_id, Week, dayOfWeek, start_time, end_time) values ('4eDkcV8i8k', 1, 1, '16:00', '20:00');
insert into Wws (usr_id, Week, dayOfWeek, start_time, end_time) values ('zuXoi6HRKy', 1, 1, '16:00', '20:00');
insert into Wws (usr_id, Week, dayOfWeek, start_time, end_time) values ('CrKtHU1XDE', 1, 1, '16:00', '20:00');
insert into Wws (usr_id, Week, dayOfWeek, start_time, end_time) values ('D7SW7fT5E3', 1, 1, '16:00', '20:00');
insert into Wws (usr_id, Week, dayOfWeek, start_time, end_time) values ('v3JTHsQndX', 1, 1, '16:00', '20:00');
insert into Wws (usr_id, Week, dayOfWeek, start_time, end_time) values ('Ta5tsU0vBA', 1, 1, '20:00', '22:00');
insert into Wws (usr_id, Week, dayOfWeek, start_time, end_time) values ('s3SgHuuQ_l', 1, 1, '20:00', '22:00');
insert into Wws (usr_id, Week, dayOfWeek, start_time, end_time) values ('Q-oQOZL5nV', 1, 1, '20:00', '22:00');
insert into Wws (usr_id, Week, dayOfWeek, start_time, end_time) values ('wx6pB3szeu', 1, 1, '20:00', '22:00');

insert into Wws (usr_id, Week, dayOfWeek, start_time, end_time) values ('4SGV6IVoJe', 1, 2, '10:00', '14:00');
insert into Wws (usr_id, Week, dayOfWeek, start_time, end_time) values ('YbbWUGXoed', 1, 2, '12:00', '13:00');
insert into Wws (usr_id, Week, dayOfWeek, start_time, end_time) values ('3OkiKAnqj', 1, 2, '19:00', '22:00');
insert into Wws (usr_id, Week, dayOfWeek, start_time, end_time) values ('wLYHFO52JC', 1, 2, '12:00', '14:00');
insert into Wws (usr_id, Week, dayOfWeek, start_time, end_time) values ('5zd8j6ysQv', 1, 2, '13:00', '15:00');
insert into Wws (usr_id, Week, dayOfWeek, start_time, end_time) values ('xtoWTyt1Yh', 1, 2, '16:00', '17:00');
insert into Wws (usr_id, Week, dayOfWeek, start_time, end_time) values ('4eDkcV8i8k', 1, 2, '15:00', '16:00');
insert into Wws (usr_id, Week, dayOfWeek, start_time, end_time) values ('zuXoi6HRKy', 1, 2, '12:00', '14:00');
insert into Wws (usr_id, Week, dayOfWeek, start_time, end_time) values ('CrKtHU1XDE', 1, 2, '21:00', '22:00');
insert into Wws (usr_id, Week, dayOfWeek, start_time, end_time) values ('D7SW7fT5E3', 1, 2, '14:00', '15:00');
insert into Wws (usr_id, Week, dayOfWeek, start_time, end_time) values ('v3JTHsQndX', 1, 2, '10:00', '12:00');
insert into Wws (usr_id, Week, dayOfWeek, start_time, end_time) values ('bXm9Ufgimd', 1, 2, '20:00', '22:00');
insert into Wws (usr_id, Week, dayOfWeek, start_time, end_time) values ('lPUW8aUwur', 1, 2, '12:00', '15:00');
insert into Wws (usr_id, Week, dayOfWeek, start_time, end_time) values ('EmyGZnqoa_', 1, 2, '15:00', '16:00');
insert into Wws (usr_id, Week, dayOfWeek, start_time, end_time) values ('SZbkeax9f', 1, 2, '16:00', '19:00');
insert into Wws (usr_id, Week, dayOfWeek, start_time, end_time) values ('6DCRWibjvS', 1, 2, '13:00', '14:00');
insert into Wws (usr_id, Week, dayOfWeek, start_time, end_time) values ('Ta5tsU0vBA', 1, 2, '11:00', '15:00');
insert into Wws (usr_id, Week, dayOfWeek, start_time, end_time) values ('s3SgHuuQ_l', 1, 2, '13:00', '17:00');
insert into Wws (usr_id, Week, dayOfWeek, start_time, end_time) values ('Q-oQOZL5nV', 1, 2, '17:00', '18:00');
insert into Wws (usr_id, Week, dayOfWeek, start_time, end_time) values ('wx6pB3szeu', 1, 2, '14:00', '17:00');
insert into Wws (usr_id, Week, dayOfWeek, start_time, end_time) values ('XCIscvzR-H', 1, 2, '12:00', '14:00');
insert into Wws (usr_id, Week, dayOfWeek, start_time, end_time) values ('mrIK5e3A-4', 1, 2, '20:00', '21:00');
insert into Wws (usr_id, Week, dayOfWeek, start_time, end_time) values ('GWwnEfu3nC', 1, 2, '11:00', '14:00');
insert into Wws (usr_id, Week, dayOfWeek, start_time, end_time) values ('AmcgucKoDC', 1, 2, '19:00', '20:00');
insert into Wws (usr_id, Week, dayOfWeek, start_time, end_time) values ('GMHtneWRAn', 1, 2, '21:00', '22:00');
insert into Wws (usr_id, Week, dayOfWeek, start_time, end_time) values ('4SGV6IVoJe', 1, 3, '10:00', '14:00');
insert into Wws (usr_id, Week, dayOfWeek, start_time, end_time) values ('GMHtneWRAn', 1, 3, '10:00', '14:00');
insert into Wws (usr_id, Week, dayOfWeek, start_time, end_time) values ('AmcgucKoDC', 1, 3, '10:00', '14:00');
insert into Wws (usr_id, Week, dayOfWeek, start_time, end_time) values ('YbbWUGXoed', 1, 3, '12:00', '13:00');
insert into Wws (usr_id, Week, dayOfWeek, start_time, end_time) values ('3OkiKAnqj', 1, 3, '19:00', '22:00');
insert into Wws (usr_id, Week, dayOfWeek, start_time, end_time) values ('wLYHFO52JC', 1, 3, '12:00', '14:00');
insert into Wws (usr_id, Week, dayOfWeek, start_time, end_time) values ('5zd8j6ysQv', 1, 3, '13:00', '15:00');
insert into Wws (usr_id, Week, dayOfWeek, start_time, end_time) values ('xtoWTyt1Yh', 1, 3, '16:00', '17:00');
insert into Wws (usr_id, Week, dayOfWeek, start_time, end_time) values ('4eDkcV8i8k', 1, 3, '15:00', '16:00');
insert into Wws (usr_id, Week, dayOfWeek, start_time, end_time) values ('zuXoi6HRKy', 1, 3, '12:00', '14:00');
insert into Wws (usr_id, Week, dayOfWeek, start_time, end_time) values ('CrKtHU1XDE', 1, 3, '21:00', '22:00');
insert into Wws (usr_id, Week, dayOfWeek, start_time, end_time) values ('D7SW7fT5E3', 1, 3, '14:00', '15:00');
insert into Wws (usr_id, Week, dayOfWeek, start_time, end_time) values ('v3JTHsQndX', 1, 3, '10:00', '12:00');
insert into Wws (usr_id, Week, dayOfWeek, start_time, end_time) values ('bXm9Ufgimd', 1, 3, '20:00', '22:00');
insert into Wws (usr_id, Week, dayOfWeek, start_time, end_time) values ('lPUW8aUwur', 1, 3, '12:00', '15:00');
insert into Wws (usr_id, Week, dayOfWeek, start_time, end_time) values ('EmyGZnqoa_', 1, 3, '15:00', '16:00');
insert into Wws (usr_id, Week, dayOfWeek, start_time, end_time) values ('SZbkeax9f', 1, 3, '16:00', '19:00');
insert into Wws (usr_id, Week, dayOfWeek, start_time, end_time) values ('6DCRWibjvS', 1, 3, '13:00', '14:00');
insert into Wws (usr_id, Week, dayOfWeek, start_time, end_time) values ('Ta5tsU0vBA', 1, 3, '11:00', '15:00');
insert into Wws (usr_id, Week, dayOfWeek, start_time, end_time) values ('s3SgHuuQ_l', 1, 3, '13:00', '17:00');
insert into Wws (usr_id, Week, dayOfWeek, start_time, end_time) values ('Q-oQOZL5nV', 1, 3, '17:00', '18:00');
insert into Wws (usr_id, Week, dayOfWeek, start_time, end_time) values ('wx6pB3szeu', 1, 3, '14:00', '17:00');
insert into Wws (usr_id, Week, dayOfWeek, start_time, end_time) values ('XCIscvzR-H', 1, 3, '12:00', '14:00');
insert into Wws (usr_id, Week, dayOfWeek, start_time, end_time) values ('mrIK5e3A-4', 1, 3, '20:00', '21:00');
insert into Wws (usr_id, Week, dayOfWeek, start_time, end_time) values ('GWwnEfu3nC', 1, 3, '11:00', '14:00');
insert into Wws (usr_id, Week, dayOfWeek, start_time, end_time) values ('AmcgucKoDC', 1, 3, '19:00', '20:00');
insert into Wws (usr_id, Week, dayOfWeek, start_time, end_time) values ('GMHtneWRAn', 1, 3, '21:00', '22:00');
insert into Wws (usr_id, Week, dayOfWeek, start_time, end_time) values ('4SGV6IVoJe', 1, 4, '10:00', '14:00');
insert into Wws (usr_id, Week, dayOfWeek, start_time, end_time) values ('SZbkeax9f', 1, 4, '16:00', '19:00');
insert into Wws (usr_id, Week, dayOfWeek, start_time, end_time) values ('6DCRWibjvS', 1, 4, '13:00', '14:00');
insert into Wws (usr_id, Week, dayOfWeek, start_time, end_time) values ('Ta5tsU0vBA', 1, 4, '11:00', '15:00');
insert into Wws (usr_id, Week, dayOfWeek, start_time, end_time) values ('s3SgHuuQ_l', 1, 4, '13:00', '17:00');
insert into Wws (usr_id, Week, dayOfWeek, start_time, end_time) values ('Q-oQOZL5nV', 1, 4, '17:00', '18:00');
insert into Wws (usr_id, Week, dayOfWeek, start_time, end_time) values ('wx6pB3szeu', 1, 4, '14:00', '17:00');
insert into Wws (usr_id, Week, dayOfWeek, start_time, end_time) values ('XCIscvzR-H', 1, 4, '12:00', '14:00');
insert into Wws (usr_id, Week, dayOfWeek, start_time, end_time) values ('mrIK5e3A-4', 1, 4, '20:00', '21:00');
insert into Wws (usr_id, Week, dayOfWeek, start_time, end_time) values ('GWwnEfu3nC', 1, 4, '11:00', '14:00');
insert into Wws (usr_id, Week, dayOfWeek, start_time, end_time) values ('AmcgucKoDC', 1, 4, '19:00', '20:00');
insert into Wws (usr_id, Week, dayOfWeek, start_time, end_time) values ('GMHtneWRAn', 1, 4, '21:00', '22:00');
insert into Wws (usr_id, Week, dayOfWeek, start_time, end_time) values ('YbbWUGXoed', 1, 5, '12:00', '13:00');
insert into Wws (usr_id, Week, dayOfWeek, start_time, end_time) values ('3OkiKAnqj', 1, 5, '19:00', '22:00');
insert into Wws (usr_id, Week, dayOfWeek, start_time, end_time) values ('wLYHFO52JC', 1, 5, '12:00', '14:00');
insert into Wws (usr_id, Week, dayOfWeek, start_time, end_time) values ('5zd8j6ysQv', 1, 5, '13:00', '15:00');
insert into Wws (usr_id, Week, dayOfWeek, start_time, end_time) values ('xtoWTyt1Yh', 1, 5, '16:00', '17:00');
insert into Wws (usr_id, Week, dayOfWeek, start_time, end_time) values ('4eDkcV8i8k', 1, 5, '15:00', '16:00');
insert into Wws (usr_id, Week, dayOfWeek, start_time, end_time) values ('zuXoi6HRKy', 1, 5, '12:00', '14:00');
insert into Wws (usr_id, Week, dayOfWeek, start_time, end_time) values ('CrKtHU1XDE', 1, 5, '21:00', '22:00');
insert into Wws (usr_id, Week, dayOfWeek, start_time, end_time) values ('D7SW7fT5E3', 1, 5, '14:00', '15:00');
insert into Wws (usr_id, Week, dayOfWeek, start_time, end_time) values ('v3JTHsQndX', 1, 5, '10:00', '12:00');
insert into Wws (usr_id, Week, dayOfWeek, start_time, end_time) values ('bXm9Ufgimd', 1, 5, '20:00', '22:00');
insert into Wws (usr_id, Week, dayOfWeek, start_time, end_time) values ('lPUW8aUwur', 1, 6, '12:00', '15:00');
insert into Wws (usr_id, Week, dayOfWeek, start_time, end_time) values ('4SGV6IVoJe', 1, 6, '10:00', '14:00');
insert into Wws (usr_id, Week, dayOfWeek, start_time, end_time) values ('YbbWUGXoed', 1, 6, '12:00', '13:00');
insert into Wws (usr_id, Week, dayOfWeek, start_time, end_time) values ('3OkiKAnqj', 1, 6, '19:00', '22:00');
insert into Wws (usr_id, Week, dayOfWeek, start_time, end_time) values ('wLYHFO52JC', 1, 6, '12:00', '14:00');
insert into Wws (usr_id, Week, dayOfWeek, start_time, end_time) values ('5zd8j6ysQv', 1, 6, '13:00', '15:00');
insert into Wws (usr_id, Week, dayOfWeek, start_time, end_time) values ('xtoWTyt1Yh', 1, 6, '16:00', '17:00');
insert into Wws (usr_id, Week, dayOfWeek, start_time, end_time) values ('4eDkcV8i8k', 1, 6, '15:00', '16:00');
insert into Wws (usr_id, Week, dayOfWeek, start_time, end_time) values ('zuXoi6HRKy', 1, 6, '12:00', '14:00');
insert into Wws (usr_id, Week, dayOfWeek, start_time, end_time) values ('CrKtHU1XDE', 1, 6, '21:00', '22:00');
insert into Wws (usr_id, Week, dayOfWeek, start_time, end_time) values ('D7SW7fT5E3', 1, 6, '14:00', '15:00');
insert into Wws (usr_id, Week, dayOfWeek, start_time, end_time) values ('D7SW7fT5E3', 1, 6, '16:00', '20:00');
insert into Wws (usr_id, Week, dayOfWeek, start_time, end_time) values ('CrKtHU1XDE', 1, 6, '16:00', '18:00');
insert into Wws (usr_id, Week, dayOfWeek, start_time, end_time) values ('v3JTHsQndX', 1, 6, '10:00', '12:00');
insert into Wws (usr_id, Week, dayOfWeek, start_time, end_time) values ('bXm9Ufgimd', 1, 6, '20:00', '22:00');
insert into Wws (usr_id, Week, dayOfWeek, start_time, end_time) values ('lPUW8aUwur', 1, 7, '12:00', '15:00');
insert into Wws (usr_id, Week, dayOfWeek, start_time, end_time) values ('EmyGZnqoa_', 1, 7, '15:00', '16:00');
insert into Wws (usr_id, Week, dayOfWeek, start_time, end_time) values ('SZbkeax9f', 1, 7, '16:00', '19:00');
insert into Wws (usr_id, Week, dayOfWeek, start_time, end_time) values ('6DCRWibjvS', 1, 7, '13:00', '14:00');
insert into Wws (usr_id, Week, dayOfWeek, start_time, end_time) values ('Ta5tsU0vBA', 1, 7, '11:00', '15:00');
insert into Wws (usr_id, Week, dayOfWeek, start_time, end_time) values ('s3SgHuuQ_l', 1, 7, '13:00', '17:00');
insert into Wws (usr_id, Week, dayOfWeek, start_time, end_time) values ('Q-oQOZL5nV', 1, 7, '17:00', '18:00');
insert into Wws (usr_id, Week, dayOfWeek, start_time, end_time) values ('wx6pB3szeu', 1, 7, '14:00', '17:00');
insert into Wws (usr_id, Week, dayOfWeek, start_time, end_time) values ('XCIscvzR-H', 1, 7, '12:00', '14:00');
insert into Wws (usr_id, Week, dayOfWeek, start_time, end_time) values ('mrIK5e3A-4', 1, 7, '20:00', '21:00');
insert into Wws (usr_id, Week, dayOfWeek, start_time, end_time) values ('GWwnEfu3nC', 1, 7, '11:00', '14:00');
insert into Wws (usr_id, Week, dayOfWeek, start_time, end_time) values ('AmcgucKoDC', 1, 7, '19:00', '20:00');
insert into Wws (usr_id, Week, dayOfWeek, start_time, end_time) values ('GMHtneWRAn', 1, 7, '21:00', '22:00');


insert into Wws (usr_id, Week, dayOfWeek, start_time, end_time) values ('4SGV6IVoJe', 2, 1, '10:00', '14:00');
insert into Wws (usr_id, Week, dayOfWeek, start_time, end_time) values ('YbbWUGXoed', 2, 1, '12:00', '13:00');
insert into Wws (usr_id, Week, dayOfWeek, start_time, end_time) values ('3OkiKAnqj', 2, 1, '19:00', '22:00');
insert into Wws (usr_id, Week, dayOfWeek, start_time, end_time) values ('wLYHFO52JC', 2, 1, '12:00', '14:00');
insert into Wws (usr_id, Week, dayOfWeek, start_time, end_time) values ('5zd8j6ysQv', 2, 1, '13:00', '15:00');
insert into Wws (usr_id, Week, dayOfWeek, start_time, end_time) values ('xtoWTyt1Yh', 2, 1, '16:00', '17:00');
insert into Wws (usr_id, Week, dayOfWeek, start_time, end_time) values ('4eDkcV8i8k', 2, 1, '15:00', '16:00');
insert into Wws (usr_id, Week, dayOfWeek, start_time, end_time) values ('zuXoi6HRKy', 2, 1, '12:00', '14:00');
insert into Wws (usr_id, Week, dayOfWeek, start_time, end_time) values ('CrKtHU1XDE', 2, 1, '21:00', '22:00');
insert into Wws (usr_id, Week, dayOfWeek, start_time, end_time) values ('D7SW7fT5E3', 2, 1, '14:00', '15:00');
insert into Wws (usr_id, Week, dayOfWeek, start_time, end_time) values ('v3JTHsQndX', 2, 1, '10:00', '12:00');
insert into Wws (usr_id, Week, dayOfWeek, start_time, end_time) values ('bXm9Ufgimd', 2, 1, '20:00', '22:00');
insert into Wws (usr_id, Week, dayOfWeek, start_time, end_time) values ('lPUW8aUwur', 2, 1, '12:00', '15:00');
insert into Wws (usr_id, Week, dayOfWeek, start_time, end_time) values ('EmyGZnqoa_', 2, 1, '15:00', '16:00');
insert into Wws (usr_id, Week, dayOfWeek, start_time, end_time) values ('SZbkeax9f', 2, 1, '16:00', '19:00');
insert into Wws (usr_id, Week, dayOfWeek, start_time, end_time) values ('6DCRWibjvS', 2, 1, '13:00', '14:00');
insert into Wws (usr_id, Week, dayOfWeek, start_time, end_time) values ('Ta5tsU0vBA', 2, 1, '11:00', '15:00');
insert into Wws (usr_id, Week, dayOfWeek, start_time, end_time) values ('s3SgHuuQ_l', 2, 1, '13:00', '17:00');
insert into Wws (usr_id, Week, dayOfWeek, start_time, end_time) values ('Q-oQOZL5nV', 2, 1, '17:00', '18:00');
insert into Wws (usr_id, Week, dayOfWeek, start_time, end_time) values ('wx6pB3szeu', 2, 1, '14:00', '17:00');
insert into Wws (usr_id, Week, dayOfWeek, start_time, end_time) values ('XCIscvzR-H', 2, 1, '12:00', '14:00');
insert into Wws (usr_id, Week, dayOfWeek, start_time, end_time) values ('mrIK5e3A-4', 2, 1, '20:00', '21:00');
insert into Wws (usr_id, Week, dayOfWeek, start_time, end_time) values ('GWwnEfu3nC', 2, 1, '11:00', '14:00');
insert into Wws (usr_id, Week, dayOfWeek, start_time, end_time) values ('AmcgucKoDC', 2, 1, '19:00', '20:00');
insert into Wws (usr_id, Week, dayOfWeek, start_time, end_time) values ('GMHtneWRAn', 2, 1, '21:00', '22:00');
insert into Wws (usr_id, Week, dayOfWeek, start_time, end_time) values ('4SGV6IVoJe', 2, 2, '10:00', '14:00');
insert into Wws (usr_id, Week, dayOfWeek, start_time, end_time) values ('YbbWUGXoed', 2, 2, '12:00', '13:00');
insert into Wws (usr_id, Week, dayOfWeek, start_time, end_time) values ('3OkiKAnqj', 2, 2, '19:00', '22:00');
insert into Wws (usr_id, Week, dayOfWeek, start_time, end_time) values ('wLYHFO52JC', 2, 2, '12:00', '14:00');
insert into Wws (usr_id, Week, dayOfWeek, start_time, end_time) values ('5zd8j6ysQv', 2, 2, '13:00', '15:00');
insert into Wws (usr_id, Week, dayOfWeek, start_time, end_time) values ('xtoWTyt1Yh', 2, 2, '16:00', '17:00');
insert into Wws (usr_id, Week, dayOfWeek, start_time, end_time) values ('4eDkcV8i8k', 2, 2, '15:00', '16:00');
insert into Wws (usr_id, Week, dayOfWeek, start_time, end_time) values ('zuXoi6HRKy', 2, 2, '12:00', '14:00');
insert into Wws (usr_id, Week, dayOfWeek, start_time, end_time) values ('CrKtHU1XDE', 2, 2, '21:00', '22:00');
insert into Wws (usr_id, Week, dayOfWeek, start_time, end_time) values ('D7SW7fT5E3', 2, 2, '14:00', '15:00');
insert into Wws (usr_id, Week, dayOfWeek, start_time, end_time) values ('v3JTHsQndX', 2, 2, '10:00', '12:00');
insert into Wws (usr_id, Week, dayOfWeek, start_time, end_time) values ('bXm9Ufgimd', 2, 2, '20:00', '22:00');
insert into Wws (usr_id, Week, dayOfWeek, start_time, end_time) values ('lPUW8aUwur', 2, 2, '12:00', '15:00');
insert into Wws (usr_id, Week, dayOfWeek, start_time, end_time) values ('EmyGZnqoa_', 2, 2, '15:00', '16:00');
insert into Wws (usr_id, Week, dayOfWeek, start_time, end_time) values ('SZbkeax9f', 2, 2, '16:00', '19:00');
insert into Wws (usr_id, Week, dayOfWeek, start_time, end_time) values ('6DCRWibjvS', 2, 2, '13:00', '14:00');
insert into Wws (usr_id, Week, dayOfWeek, start_time, end_time) values ('Ta5tsU0vBA', 2, 2, '11:00', '15:00');
insert into Wws (usr_id, Week, dayOfWeek, start_time, end_time) values ('s3SgHuuQ_l', 2, 2, '13:00', '17:00');
insert into Wws (usr_id, Week, dayOfWeek, start_time, end_time) values ('Q-oQOZL5nV', 2, 2, '17:00', '18:00');
insert into Wws (usr_id, Week, dayOfWeek, start_time, end_time) values ('wx6pB3szeu', 2, 2, '14:00', '17:00');
insert into Wws (usr_id, Week, dayOfWeek, start_time, end_time) values ('XCIscvzR-H', 2, 2, '12:00', '14:00');
insert into Wws (usr_id, Week, dayOfWeek, start_time, end_time) values ('mrIK5e3A-4', 2, 2, '20:00', '21:00');
insert into Wws (usr_id, Week, dayOfWeek, start_time, end_time) values ('GWwnEfu3nC', 2, 2, '11:00', '14:00');
insert into Wws (usr_id, Week, dayOfWeek, start_time, end_time) values ('AmcgucKoDC', 2, 2, '19:00', '20:00');
insert into Wws (usr_id, Week, dayOfWeek, start_time, end_time) values ('GMHtneWRAn', 2, 2, '21:00', '22:00');
insert into Wws (usr_id, Week, dayOfWeek, start_time, end_time) values ('4SGV6IVoJe', 2, 3, '10:00', '14:00');
insert into Wws (usr_id, Week, dayOfWeek, start_time, end_time) values ('YbbWUGXoed', 2, 3, '12:00', '13:00');
insert into Wws (usr_id, Week, dayOfWeek, start_time, end_time) values ('3OkiKAnqj', 2, 3, '19:00', '22:00');
insert into Wws (usr_id, Week, dayOfWeek, start_time, end_time) values ('wLYHFO52JC', 2, 3, '12:00', '14:00');
insert into Wws (usr_id, Week, dayOfWeek, start_time, end_time) values ('5zd8j6ysQv', 2, 3, '13:00', '15:00');
insert into Wws (usr_id, Week, dayOfWeek, start_time, end_time) values ('xtoWTyt1Yh', 2, 3, '16:00', '17:00');
insert into Wws (usr_id, Week, dayOfWeek, start_time, end_time) values ('4eDkcV8i8k', 2, 3, '15:00', '16:00');
insert into Wws (usr_id, Week, dayOfWeek, start_time, end_time) values ('zuXoi6HRKy', 2, 3, '12:00', '14:00');
insert into Wws (usr_id, Week, dayOfWeek, start_time, end_time) values ('CrKtHU1XDE', 2, 3, '21:00', '22:00');
insert into Wws (usr_id, Week, dayOfWeek, start_time, end_time) values ('D7SW7fT5E3', 2, 3, '14:00', '15:00');
insert into Wws (usr_id, Week, dayOfWeek, start_time, end_time) values ('v3JTHsQndX', 2, 3, '10:00', '12:00');
insert into Wws (usr_id, Week, dayOfWeek, start_time, end_time) values ('bXm9Ufgimd', 2, 3, '20:00', '22:00');
insert into Wws (usr_id, Week, dayOfWeek, start_time, end_time) values ('lPUW8aUwur', 2, 3, '12:00', '15:00');
insert into Wws (usr_id, Week, dayOfWeek, start_time, end_time) values ('EmyGZnqoa_', 2, 3, '15:00', '16:00');
insert into Wws (usr_id, Week, dayOfWeek, start_time, end_time) values ('SZbkeax9f', 2, 3, '16:00', '19:00');
insert into Wws (usr_id, Week, dayOfWeek, start_time, end_time) values ('6DCRWibjvS', 2, 3, '13:00', '14:00');
insert into Wws (usr_id, Week, dayOfWeek, start_time, end_time) values ('Ta5tsU0vBA', 2, 3, '11:00', '15:00');
insert into Wws (usr_id, Week, dayOfWeek, start_time, end_time) values ('s3SgHuuQ_l', 2, 3, '13:00', '17:00');
insert into Wws (usr_id, Week, dayOfWeek, start_time, end_time) values ('Q-oQOZL5nV', 2, 3, '17:00', '18:00');
insert into Wws (usr_id, Week, dayOfWeek, start_time, end_time) values ('wx6pB3szeu', 2, 3, '14:00', '17:00');
insert into Wws (usr_id, Week, dayOfWeek, start_time, end_time) values ('XCIscvzR-H', 2, 3, '12:00', '14:00');
insert into Wws (usr_id, Week, dayOfWeek, start_time, end_time) values ('mrIK5e3A-4', 2, 3, '20:00', '21:00');
insert into Wws (usr_id, Week, dayOfWeek, start_time, end_time) values ('GWwnEfu3nC', 2, 3, '11:00', '14:00');
insert into Wws (usr_id, Week, dayOfWeek, start_time, end_time) values ('AmcgucKoDC', 2, 3, '19:00', '20:00');
insert into Wws (usr_id, Week, dayOfWeek, start_time, end_time) values ('GMHtneWRAn', 2, 3, '21:00', '22:00');
insert into Wws (usr_id, Week, dayOfWeek, start_time, end_time) values ('4SGV6IVoJe', 2, 4, '10:00', '14:00');
insert into Wws (usr_id, Week, dayOfWeek, start_time, end_time) values ('SZbkeax9f', 2, 4, '16:00', '19:00');
insert into Wws (usr_id, Week, dayOfWeek, start_time, end_time) values ('6DCRWibjvS', 2, 4, '13:00', '14:00');
insert into Wws (usr_id, Week, dayOfWeek, start_time, end_time) values ('Ta5tsU0vBA', 2, 4, '11:00', '15:00');
insert into Wws (usr_id, Week, dayOfWeek, start_time, end_time) values ('s3SgHuuQ_l', 2, 4, '13:00', '17:00');
insert into Wws (usr_id, Week, dayOfWeek, start_time, end_time) values ('Q-oQOZL5nV', 2, 4, '17:00', '18:00');
insert into Wws (usr_id, Week, dayOfWeek, start_time, end_time) values ('wx6pB3szeu', 2, 4, '14:00', '17:00');
insert into Wws (usr_id, Week, dayOfWeek, start_time, end_time) values ('XCIscvzR-H', 2, 4, '12:00', '14:00');
insert into Wws (usr_id, Week, dayOfWeek, start_time, end_time) values ('mrIK5e3A-4', 2, 4, '20:00', '21:00');
insert into Wws (usr_id, Week, dayOfWeek, start_time, end_time) values ('GWwnEfu3nC', 2, 4, '11:00', '14:00');
insert into Wws (usr_id, Week, dayOfWeek, start_time, end_time) values ('AmcgucKoDC', 2, 4, '19:00', '20:00');
insert into Wws (usr_id, Week, dayOfWeek, start_time, end_time) values ('GMHtneWRAn', 2, 4, '21:00', '22:00');
insert into Wws (usr_id, Week, dayOfWeek, start_time, end_time) values ('YbbWUGXoed', 2, 5, '12:00', '13:00');
insert into Wws (usr_id, Week, dayOfWeek, start_time, end_time) values ('3OkiKAnqj', 2, 5, '19:00', '22:00');
insert into Wws (usr_id, Week, dayOfWeek, start_time, end_time) values ('wLYHFO52JC', 2, 5, '12:00', '14:00');
insert into Wws (usr_id, Week, dayOfWeek, start_time, end_time) values ('5zd8j6ysQv', 2, 5, '13:00', '15:00');
insert into Wws (usr_id, Week, dayOfWeek, start_time, end_time) values ('xtoWTyt1Yh', 2, 5, '16:00', '17:00');
insert into Wws (usr_id, Week, dayOfWeek, start_time, end_time) values ('4eDkcV8i8k', 2, 5, '15:00', '16:00');
insert into Wws (usr_id, Week, dayOfWeek, start_time, end_time) values ('zuXoi6HRKy', 2, 5, '12:00', '14:00');
insert into Wws (usr_id, Week, dayOfWeek, start_time, end_time) values ('CrKtHU1XDE', 2, 5, '21:00', '22:00');
insert into Wws (usr_id, Week, dayOfWeek, start_time, end_time) values ('D7SW7fT5E3', 2, 5, '14:00', '15:00');
insert into Wws (usr_id, Week, dayOfWeek, start_time, end_time) values ('v3JTHsQndX', 2, 5, '10:00', '12:00');
insert into Wws (usr_id, Week, dayOfWeek, start_time, end_time) values ('bXm9Ufgimd', 2, 5, '20:00', '22:00');
insert into Wws (usr_id, Week, dayOfWeek, start_time, end_time) values ('lPUW8aUwur', 2, 6, '12:00', '15:00');
insert into Wws (usr_id, Week, dayOfWeek, start_time, end_time) values ('4SGV6IVoJe', 2, 6, '10:00', '14:00');
insert into Wws (usr_id, Week, dayOfWeek, start_time, end_time) values ('YbbWUGXoed', 2, 6, '12:00', '13:00');
insert into Wws (usr_id, Week, dayOfWeek, start_time, end_time) values ('3OkiKAnqj', 2, 6, '19:00', '22:00');
insert into Wws (usr_id, Week, dayOfWeek, start_time, end_time) values ('wLYHFO52JC', 2, 6, '12:00', '14:00');
insert into Wws (usr_id, Week, dayOfWeek, start_time, end_time) values ('5zd8j6ysQv', 2, 6, '13:00', '15:00');
insert into Wws (usr_id, Week, dayOfWeek, start_time, end_time) values ('xtoWTyt1Yh', 2, 6, '16:00', '17:00');
insert into Wws (usr_id, Week, dayOfWeek, start_time, end_time) values ('4eDkcV8i8k', 2, 6, '15:00', '16:00');
insert into Wws (usr_id, Week, dayOfWeek, start_time, end_time) values ('zuXoi6HRKy', 2, 6, '12:00', '14:00');
insert into Wws (usr_id, Week, dayOfWeek, start_time, end_time) values ('CrKtHU1XDE', 2, 6, '21:00', '22:00');
insert into Wws (usr_id, Week, dayOfWeek, start_time, end_time) values ('D7SW7fT5E3', 2, 6, '14:00', '15:00');
insert into Wws (usr_id, Week, dayOfWeek, start_time, end_time) values ('D7SW7fT5E3', 2, 6, '16:00', '20:00');
insert into Wws (usr_id, Week, dayOfWeek, start_time, end_time) values ('CrKtHU1XDE', 2, 6, '16:00', '18:00');
insert into Wws (usr_id, Week, dayOfWeek, start_time, end_time) values ('v3JTHsQndX', 2, 6, '10:00', '12:00');
insert into Wws (usr_id, Week, dayOfWeek, start_time, end_time) values ('bXm9Ufgimd', 2, 6, '20:00', '22:00');
insert into Wws (usr_id, Week, dayOfWeek, start_time, end_time) values ('lPUW8aUwur', 2, 7, '12:00', '15:00');
insert into Wws (usr_id, Week, dayOfWeek, start_time, end_time) values ('EmyGZnqoa_', 2, 7, '15:00', '16:00');
insert into Wws (usr_id, Week, dayOfWeek, start_time, end_time) values ('SZbkeax9f', 2, 7, '16:00', '19:00');
insert into Wws (usr_id, Week, dayOfWeek, start_time, end_time) values ('6DCRWibjvS', 2, 7, '13:00', '14:00');
insert into Wws (usr_id, Week, dayOfWeek, start_time, end_time) values ('Ta5tsU0vBA', 2, 7, '11:00', '15:00');
insert into Wws (usr_id, Week, dayOfWeek, start_time, end_time) values ('s3SgHuuQ_l', 2, 7, '13:00', '17:00');
insert into Wws (usr_id, Week, dayOfWeek, start_time, end_time) values ('Q-oQOZL5nV', 2, 7, '17:00', '18:00');
insert into Wws (usr_id, Week, dayOfWeek, start_time, end_time) values ('wx6pB3szeu', 2, 7, '14:00', '17:00');
insert into Wws (usr_id, Week, dayOfWeek, start_time, end_time) values ('XCIscvzR-H', 2, 7, '12:00', '14:00');
insert into Wws (usr_id, Week, dayOfWeek, start_time, end_time) values ('mrIK5e3A-4', 2, 7, '20:00', '21:00');
insert into Wws (usr_id, Week, dayOfWeek, start_time, end_time) values ('GWwnEfu3nC', 2, 7, '11:00', '14:00');
insert into Wws (usr_id, Week, dayOfWeek, start_time, end_time) values ('AmcgucKoDC', 2, 7, '19:00', '20:00');
insert into Wws (usr_id, Week, dayOfWeek, start_time, end_time) values ('GMHtneWRAn', 2, 7, '21:00', '22:00');


insert into Wws (usr_id, Week, dayOfWeek, start_time, end_time) values ('4SGV6IVoJe', 3, 1, '10:00', '14:00');
insert into Wws (usr_id, Week, dayOfWeek, start_time, end_time) values ('YbbWUGXoed', 3, 1, '12:00', '13:00');
insert into Wws (usr_id, Week, dayOfWeek, start_time, end_time) values ('3OkiKAnqj', 3, 1, '19:00', '22:00');
insert into Wws (usr_id, Week, dayOfWeek, start_time, end_time) values ('wLYHFO52JC', 3, 1, '12:00', '14:00');
insert into Wws (usr_id, Week, dayOfWeek, start_time, end_time) values ('5zd8j6ysQv', 3, 1, '13:00', '15:00');
insert into Wws (usr_id, Week, dayOfWeek, start_time, end_time) values ('xtoWTyt1Yh', 3, 1, '16:00', '17:00');
insert into Wws (usr_id, Week, dayOfWeek, start_time, end_time) values ('4eDkcV8i8k', 3, 1, '15:00', '16:00');
insert into Wws (usr_id, Week, dayOfWeek, start_time, end_time) values ('zuXoi6HRKy', 3, 1, '12:00', '14:00');
insert into Wws (usr_id, Week, dayOfWeek, start_time, end_time) values ('CrKtHU1XDE', 3, 1, '21:00', '22:00');
insert into Wws (usr_id, Week, dayOfWeek, start_time, end_time) values ('D7SW7fT5E3', 3, 1, '14:00', '15:00');
insert into Wws (usr_id, Week, dayOfWeek, start_time, end_time) values ('v3JTHsQndX', 3, 1, '10:00', '12:00');
insert into Wws (usr_id, Week, dayOfWeek, start_time, end_time) values ('bXm9Ufgimd', 3, 1, '20:00', '22:00');
insert into Wws (usr_id, Week, dayOfWeek, start_time, end_time) values ('lPUW8aUwur', 3, 1, '12:00', '15:00');
insert into Wws (usr_id, Week, dayOfWeek, start_time, end_time) values ('EmyGZnqoa_', 3, 1, '15:00', '16:00');
insert into Wws (usr_id, Week, dayOfWeek, start_time, end_time) values ('SZbkeax9f', 3, 1, '16:00', '19:00');
insert into Wws (usr_id, Week, dayOfWeek, start_time, end_time) values ('6DCRWibjvS', 3, 1, '13:00', '14:00');
insert into Wws (usr_id, Week, dayOfWeek, start_time, end_time) values ('Ta5tsU0vBA', 3, 1, '11:00', '15:00');
insert into Wws (usr_id, Week, dayOfWeek, start_time, end_time) values ('s3SgHuuQ_l', 3, 1, '13:00', '17:00');
insert into Wws (usr_id, Week, dayOfWeek, start_time, end_time) values ('Q-oQOZL5nV', 3, 1, '17:00', '18:00');
insert into Wws (usr_id, Week, dayOfWeek, start_time, end_time) values ('wx6pB3szeu', 3, 1, '14:00', '17:00');
insert into Wws (usr_id, Week, dayOfWeek, start_time, end_time) values ('XCIscvzR-H', 3, 1, '12:00', '14:00');
insert into Wws (usr_id, Week, dayOfWeek, start_time, end_time) values ('mrIK5e3A-4', 3, 1, '20:00', '21:00');
insert into Wws (usr_id, Week, dayOfWeek, start_time, end_time) values ('GWwnEfu3nC', 3, 1, '11:00', '14:00');
insert into Wws (usr_id, Week, dayOfWeek, start_time, end_time) values ('AmcgucKoDC', 3, 1, '19:00', '20:00');
insert into Wws (usr_id, Week, dayOfWeek, start_time, end_time) values ('GMHtneWRAn', 3, 1, '21:00', '22:00');
insert into Wws (usr_id, Week, dayOfWeek, start_time, end_time) values ('4SGV6IVoJe', 3, 2, '10:00', '14:00');
insert into Wws (usr_id, Week, dayOfWeek, start_time, end_time) values ('YbbWUGXoed', 3, 2, '12:00', '13:00');
insert into Wws (usr_id, Week, dayOfWeek, start_time, end_time) values ('3OkiKAnqj', 3, 2, '19:00', '22:00');
insert into Wws (usr_id, Week, dayOfWeek, start_time, end_time) values ('wLYHFO52JC', 3, 2, '12:00', '14:00');
insert into Wws (usr_id, Week, dayOfWeek, start_time, end_time) values ('5zd8j6ysQv', 3, 2, '13:00', '15:00');
insert into Wws (usr_id, Week, dayOfWeek, start_time, end_time) values ('xtoWTyt1Yh', 3, 2, '16:00', '17:00');
insert into Wws (usr_id, Week, dayOfWeek, start_time, end_time) values ('4eDkcV8i8k', 3, 2, '15:00', '16:00');
insert into Wws (usr_id, Week, dayOfWeek, start_time, end_time) values ('zuXoi6HRKy', 3, 2, '12:00', '14:00');
insert into Wws (usr_id, Week, dayOfWeek, start_time, end_time) values ('CrKtHU1XDE', 3, 2, '21:00', '22:00');
insert into Wws (usr_id, Week, dayOfWeek, start_time, end_time) values ('D7SW7fT5E3', 3, 2, '14:00', '15:00');
insert into Wws (usr_id, Week, dayOfWeek, start_time, end_time) values ('v3JTHsQndX', 3, 2, '10:00', '12:00');
insert into Wws (usr_id, Week, dayOfWeek, start_time, end_time) values ('bXm9Ufgimd', 3, 2, '20:00', '22:00');
insert into Wws (usr_id, Week, dayOfWeek, start_time, end_time) values ('lPUW8aUwur', 3, 2, '12:00', '15:00');
insert into Wws (usr_id, Week, dayOfWeek, start_time, end_time) values ('EmyGZnqoa_', 3, 2, '15:00', '16:00');
insert into Wws (usr_id, Week, dayOfWeek, start_time, end_time) values ('SZbkeax9f', 3, 2, '16:00', '19:00');
insert into Wws (usr_id, Week, dayOfWeek, start_time, end_time) values ('6DCRWibjvS', 3, 2, '13:00', '14:00');
insert into Wws (usr_id, Week, dayOfWeek, start_time, end_time) values ('Ta5tsU0vBA', 3, 2, '11:00', '15:00');
insert into Wws (usr_id, Week, dayOfWeek, start_time, end_time) values ('s3SgHuuQ_l', 3, 2, '13:00', '17:00');
insert into Wws (usr_id, Week, dayOfWeek, start_time, end_time) values ('Q-oQOZL5nV', 3, 2, '17:00', '18:00');
insert into Wws (usr_id, Week, dayOfWeek, start_time, end_time) values ('wx6pB3szeu', 3, 2, '14:00', '17:00');
insert into Wws (usr_id, Week, dayOfWeek, start_time, end_time) values ('XCIscvzR-H', 3, 2, '12:00', '14:00');
insert into Wws (usr_id, Week, dayOfWeek, start_time, end_time) values ('mrIK5e3A-4', 3, 2, '20:00', '21:00');
insert into Wws (usr_id, Week, dayOfWeek, start_time, end_time) values ('GWwnEfu3nC', 3, 2, '11:00', '14:00');
insert into Wws (usr_id, Week, dayOfWeek, start_time, end_time) values ('AmcgucKoDC', 3, 2, '19:00', '20:00');
insert into Wws (usr_id, Week, dayOfWeek, start_time, end_time) values ('GMHtneWRAn', 3, 2, '21:00', '22:00');
insert into Wws (usr_id, Week, dayOfWeek, start_time, end_time) values ('4SGV6IVoJe', 3, 3, '10:00', '14:00');
insert into Wws (usr_id, Week, dayOfWeek, start_time, end_time) values ('YbbWUGXoed', 3, 3, '12:00', '13:00');
insert into Wws (usr_id, Week, dayOfWeek, start_time, end_time) values ('3OkiKAnqj', 3, 3, '19:00', '22:00');
insert into Wws (usr_id, Week, dayOfWeek, start_time, end_time) values ('wLYHFO52JC', 3, 3, '12:00', '14:00');
insert into Wws (usr_id, Week, dayOfWeek, start_time, end_time) values ('5zd8j6ysQv', 3, 3, '13:00', '15:00');
insert into Wws (usr_id, Week, dayOfWeek, start_time, end_time) values ('xtoWTyt1Yh', 3, 3, '16:00', '17:00');
insert into Wws (usr_id, Week, dayOfWeek, start_time, end_time) values ('4eDkcV8i8k', 3, 3, '15:00', '16:00');
insert into Wws (usr_id, Week, dayOfWeek, start_time, end_time) values ('zuXoi6HRKy', 3, 3, '12:00', '14:00');
insert into Wws (usr_id, Week, dayOfWeek, start_time, end_time) values ('CrKtHU1XDE', 3, 3, '21:00', '22:00');
insert into Wws (usr_id, Week, dayOfWeek, start_time, end_time) values ('D7SW7fT5E3', 3, 3, '14:00', '15:00');
insert into Wws (usr_id, Week, dayOfWeek, start_time, end_time) values ('v3JTHsQndX', 3, 3, '10:00', '12:00');
insert into Wws (usr_id, Week, dayOfWeek, start_time, end_time) values ('bXm9Ufgimd', 3, 3, '20:00', '22:00');
insert into Wws (usr_id, Week, dayOfWeek, start_time, end_time) values ('lPUW8aUwur', 3, 3, '12:00', '15:00');
insert into Wws (usr_id, Week, dayOfWeek, start_time, end_time) values ('EmyGZnqoa_', 3, 3, '15:00', '16:00');
insert into Wws (usr_id, Week, dayOfWeek, start_time, end_time) values ('SZbkeax9f', 3, 3, '16:00', '19:00');
insert into Wws (usr_id, Week, dayOfWeek, start_time, end_time) values ('6DCRWibjvS', 3, 3, '13:00', '14:00');
insert into Wws (usr_id, Week, dayOfWeek, start_time, end_time) values ('Ta5tsU0vBA', 3, 3, '11:00', '15:00');
insert into Wws (usr_id, Week, dayOfWeek, start_time, end_time) values ('s3SgHuuQ_l', 3, 3, '13:00', '17:00');
insert into Wws (usr_id, Week, dayOfWeek, start_time, end_time) values ('Q-oQOZL5nV', 3, 3, '17:00', '18:00');
insert into Wws (usr_id, Week, dayOfWeek, start_time, end_time) values ('wx6pB3szeu', 3, 3, '14:00', '17:00');
insert into Wws (usr_id, Week, dayOfWeek, start_time, end_time) values ('XCIscvzR-H', 3, 3, '12:00', '14:00');
insert into Wws (usr_id, Week, dayOfWeek, start_time, end_time) values ('mrIK5e3A-4', 3, 3, '20:00', '21:00');
insert into Wws (usr_id, Week, dayOfWeek, start_time, end_time) values ('GWwnEfu3nC', 3, 3, '11:00', '14:00');
insert into Wws (usr_id, Week, dayOfWeek, start_time, end_time) values ('AmcgucKoDC', 3, 3, '19:00', '20:00');
insert into Wws (usr_id, Week, dayOfWeek, start_time, end_time) values ('GMHtneWRAn', 3, 3, '21:00', '22:00');
insert into Wws (usr_id, Week, dayOfWeek, start_time, end_time) values ('4SGV6IVoJe', 3, 4, '10:00', '14:00');
insert into Wws (usr_id, Week, dayOfWeek, start_time, end_time) values ('SZbkeax9f', 3, 4, '16:00', '19:00');
insert into Wws (usr_id, Week, dayOfWeek, start_time, end_time) values ('6DCRWibjvS', 3, 4, '13:00', '14:00');
insert into Wws (usr_id, Week, dayOfWeek, start_time, end_time) values ('Ta5tsU0vBA', 3, 4, '11:00', '15:00');
insert into Wws (usr_id, Week, dayOfWeek, start_time, end_time) values ('s3SgHuuQ_l', 3, 4, '13:00', '17:00');
insert into Wws (usr_id, Week, dayOfWeek, start_time, end_time) values ('Q-oQOZL5nV', 3, 4, '17:00', '18:00');
insert into Wws (usr_id, Week, dayOfWeek, start_time, end_time) values ('wx6pB3szeu', 3, 4, '14:00', '17:00');
insert into Wws (usr_id, Week, dayOfWeek, start_time, end_time) values ('XCIscvzR-H', 3, 4, '12:00', '14:00');
insert into Wws (usr_id, Week, dayOfWeek, start_time, end_time) values ('mrIK5e3A-4', 3, 4, '20:00', '21:00');
insert into Wws (usr_id, Week, dayOfWeek, start_time, end_time) values ('GWwnEfu3nC', 3, 4, '11:00', '14:00');
insert into Wws (usr_id, Week, dayOfWeek, start_time, end_time) values ('AmcgucKoDC', 3, 4, '19:00', '20:00');
insert into Wws (usr_id, Week, dayOfWeek, start_time, end_time) values ('GMHtneWRAn', 3, 4, '21:00', '22:00');
insert into Wws (usr_id, Week, dayOfWeek, start_time, end_time) values ('YbbWUGXoed', 3, 5, '12:00', '13:00');
insert into Wws (usr_id, Week, dayOfWeek, start_time, end_time) values ('3OkiKAnqj', 3, 5, '19:00', '22:00');
insert into Wws (usr_id, Week, dayOfWeek, start_time, end_time) values ('wLYHFO52JC', 3, 5, '12:00', '14:00');
insert into Wws (usr_id, Week, dayOfWeek, start_time, end_time) values ('5zd8j6ysQv', 3, 5, '13:00', '15:00');
insert into Wws (usr_id, Week, dayOfWeek, start_time, end_time) values ('xtoWTyt1Yh', 3, 5, '16:00', '17:00');
insert into Wws (usr_id, Week, dayOfWeek, start_time, end_time) values ('4eDkcV8i8k', 3, 5, '15:00', '16:00');
insert into Wws (usr_id, Week, dayOfWeek, start_time, end_time) values ('zuXoi6HRKy', 3, 5, '12:00', '14:00');
insert into Wws (usr_id, Week, dayOfWeek, start_time, end_time) values ('CrKtHU1XDE', 3, 5, '21:00', '22:00');
insert into Wws (usr_id, Week, dayOfWeek, start_time, end_time) values ('D7SW7fT5E3', 3, 5, '14:00', '15:00');
insert into Wws (usr_id, Week, dayOfWeek, start_time, end_time) values ('v3JTHsQndX', 3, 5, '10:00', '12:00');
insert into Wws (usr_id, Week, dayOfWeek, start_time, end_time) values ('bXm9Ufgimd', 3, 5, '20:00', '22:00');
insert into Wws (usr_id, Week, dayOfWeek, start_time, end_time) values ('lPUW8aUwur', 3, 6, '12:00', '15:00');
insert into Wws (usr_id, Week, dayOfWeek, start_time, end_time) values ('4SGV6IVoJe', 3, 6, '10:00', '14:00');
insert into Wws (usr_id, Week, dayOfWeek, start_time, end_time) values ('YbbWUGXoed', 3, 6, '12:00', '13:00');
insert into Wws (usr_id, Week, dayOfWeek, start_time, end_time) values ('3OkiKAnqj', 3, 6, '19:00', '22:00');
insert into Wws (usr_id, Week, dayOfWeek, start_time, end_time) values ('D7SW7fT5E3', 3, 6, '16:00', '20:00');
insert into Wws (usr_id, Week, dayOfWeek, start_time, end_time) values ('CrKtHU1XDE', 3, 6, '16:00', '18:00');
insert into Wws (usr_id, Week, dayOfWeek, start_time, end_time) values ('wLYHFO52JC', 3, 6, '12:00', '14:00');
insert into Wws (usr_id, Week, dayOfWeek, start_time, end_time) values ('5zd8j6ysQv', 3, 6, '13:00', '15:00');
insert into Wws (usr_id, Week, dayOfWeek, start_time, end_time) values ('xtoWTyt1Yh', 3, 6, '16:00', '17:00');
insert into Wws (usr_id, Week, dayOfWeek, start_time, end_time) values ('4eDkcV8i8k', 3, 6, '15:00', '16:00');
insert into Wws (usr_id, Week, dayOfWeek, start_time, end_time) values ('zuXoi6HRKy', 3, 6, '12:00', '14:00');
insert into Wws (usr_id, Week, dayOfWeek, start_time, end_time) values ('CrKtHU1XDE', 3, 6, '21:00', '22:00');
insert into Wws (usr_id, Week, dayOfWeek, start_time, end_time) values ('D7SW7fT5E3', 3, 6, '14:00', '15:00');
insert into Wws (usr_id, Week, dayOfWeek, start_time, end_time) values ('v3JTHsQndX', 3, 6, '10:00', '12:00');
insert into Wws (usr_id, Week, dayOfWeek, start_time, end_time) values ('bXm9Ufgimd', 3, 6, '20:00', '22:00');
insert into Wws (usr_id, Week, dayOfWeek, start_time, end_time) values ('lPUW8aUwur', 3, 7, '12:00', '15:00');
insert into Wws (usr_id, Week, dayOfWeek, start_time, end_time) values ('EmyGZnqoa_', 3, 7, '15:00', '16:00');
insert into Wws (usr_id, Week, dayOfWeek, start_time, end_time) values ('SZbkeax9f', 3, 7, '16:00', '19:00');
insert into Wws (usr_id, Week, dayOfWeek, start_time, end_time) values ('6DCRWibjvS', 3, 7, '13:00', '14:00');
insert into Wws (usr_id, Week, dayOfWeek, start_time, end_time) values ('Ta5tsU0vBA', 3, 7, '11:00', '15:00');
insert into Wws (usr_id, Week, dayOfWeek, start_time, end_time) values ('s3SgHuuQ_l', 3, 7, '13:00', '17:00');
insert into Wws (usr_id, Week, dayOfWeek, start_time, end_time) values ('Q-oQOZL5nV', 3, 7, '17:00', '18:00');
insert into Wws (usr_id, Week, dayOfWeek, start_time, end_time) values ('wx6pB3szeu', 3, 7, '14:00', '17:00');
insert into Wws (usr_id, Week, dayOfWeek, start_time, end_time) values ('XCIscvzR-H', 3, 7, '12:00', '14:00');
insert into Wws (usr_id, Week, dayOfWeek, start_time, end_time) values ('mrIK5e3A-4', 3, 7, '20:00', '21:00');
insert into Wws (usr_id, Week, dayOfWeek, start_time, end_time) values ('GWwnEfu3nC', 3, 7, '11:00', '14:00');
insert into Wws (usr_id, Week, dayOfWeek, start_time, end_time) values ('AmcgucKoDC', 3, 7, '19:00', '20:00');
insert into Wws (usr_id, Week, dayOfWeek, start_time, end_time) values ('GMHtneWRAn', 3, 7, '21:00', '22:00');


insert into Wws (usr_id, Week, dayOfWeek, start_time, end_time) values ('4SGV6IVoJe', 4, 1, '10:00', '14:00');
insert into Wws (usr_id, Week, dayOfWeek, start_time, end_time) values ('YbbWUGXoed', 4, 1, '12:00', '13:00');
insert into Wws (usr_id, Week, dayOfWeek, start_time, end_time) values ('3OkiKAnqj', 4, 1, '19:00', '22:00');
insert into Wws (usr_id, Week, dayOfWeek, start_time, end_time) values ('wLYHFO52JC', 4, 1, '12:00', '14:00');
insert into Wws (usr_id, Week, dayOfWeek, start_time, end_time) values ('5zd8j6ysQv', 4, 1, '13:00', '15:00');
insert into Wws (usr_id, Week, dayOfWeek, start_time, end_time) values ('xtoWTyt1Yh', 4, 1, '16:00', '17:00');
insert into Wws (usr_id, Week, dayOfWeek, start_time, end_time) values ('4eDkcV8i8k', 4, 1, '15:00', '16:00');
insert into Wws (usr_id, Week, dayOfWeek, start_time, end_time) values ('zuXoi6HRKy', 4, 1, '12:00', '14:00');
insert into Wws (usr_id, Week, dayOfWeek, start_time, end_time) values ('CrKtHU1XDE', 4, 1, '21:00', '22:00');
insert into Wws (usr_id, Week, dayOfWeek, start_time, end_time) values ('D7SW7fT5E3', 4, 1, '14:00', '15:00');
insert into Wws (usr_id, Week, dayOfWeek, start_time, end_time) values ('v3JTHsQndX', 4, 1, '10:00', '12:00');
insert into Wws (usr_id, Week, dayOfWeek, start_time, end_time) values ('bXm9Ufgimd', 4, 1, '20:00', '22:00');
insert into Wws (usr_id, Week, dayOfWeek, start_time, end_time) values ('lPUW8aUwur', 4, 1, '12:00', '15:00');
insert into Wws (usr_id, Week, dayOfWeek, start_time, end_time) values ('EmyGZnqoa_', 4, 1, '15:00', '16:00');
insert into Wws (usr_id, Week, dayOfWeek, start_time, end_time) values ('SZbkeax9f', 4, 1, '16:00', '19:00');
insert into Wws (usr_id, Week, dayOfWeek, start_time, end_time) values ('6DCRWibjvS', 4, 1, '13:00', '14:00');
insert into Wws (usr_id, Week, dayOfWeek, start_time, end_time) values ('Ta5tsU0vBA', 4, 1, '11:00', '15:00');
insert into Wws (usr_id, Week, dayOfWeek, start_time, end_time) values ('s3SgHuuQ_l', 4, 1, '13:00', '17:00');
insert into Wws (usr_id, Week, dayOfWeek, start_time, end_time) values ('Q-oQOZL5nV', 4, 1, '17:00', '18:00');
insert into Wws (usr_id, Week, dayOfWeek, start_time, end_time) values ('wx6pB3szeu', 4, 1, '14:00', '17:00');
insert into Wws (usr_id, Week, dayOfWeek, start_time, end_time) values ('XCIscvzR-H', 4, 1, '12:00', '14:00');
insert into Wws (usr_id, Week, dayOfWeek, start_time, end_time) values ('mrIK5e3A-4', 4, 1, '20:00', '21:00');
insert into Wws (usr_id, Week, dayOfWeek, start_time, end_time) values ('GWwnEfu3nC', 4, 1, '11:00', '14:00');
insert into Wws (usr_id, Week, dayOfWeek, start_time, end_time) values ('AmcgucKoDC', 4, 1, '19:00', '20:00');
insert into Wws (usr_id, Week, dayOfWeek, start_time, end_time) values ('GMHtneWRAn', 4, 1, '21:00', '22:00');
insert into Wws (usr_id, Week, dayOfWeek, start_time, end_time) values ('4SGV6IVoJe', 4, 2, '10:00', '14:00');
insert into Wws (usr_id, Week, dayOfWeek, start_time, end_time) values ('YbbWUGXoed', 4, 2, '12:00', '13:00');
insert into Wws (usr_id, Week, dayOfWeek, start_time, end_time) values ('3OkiKAnqj', 4, 2, '19:00', '22:00');
insert into Wws (usr_id, Week, dayOfWeek, start_time, end_time) values ('wLYHFO52JC', 4, 2, '12:00', '14:00');
insert into Wws (usr_id, Week, dayOfWeek, start_time, end_time) values ('5zd8j6ysQv', 4, 2, '13:00', '15:00');
insert into Wws (usr_id, Week, dayOfWeek, start_time, end_time) values ('xtoWTyt1Yh', 4, 2, '16:00', '17:00');
insert into Wws (usr_id, Week, dayOfWeek, start_time, end_time) values ('4eDkcV8i8k', 4, 2, '15:00', '16:00');
insert into Wws (usr_id, Week, dayOfWeek, start_time, end_time) values ('zuXoi6HRKy', 4, 2, '12:00', '14:00');
insert into Wws (usr_id, Week, dayOfWeek, start_time, end_time) values ('CrKtHU1XDE', 4, 2, '21:00', '22:00');
insert into Wws (usr_id, Week, dayOfWeek, start_time, end_time) values ('D7SW7fT5E3', 4, 2, '14:00', '15:00');
insert into Wws (usr_id, Week, dayOfWeek, start_time, end_time) values ('v3JTHsQndX', 4, 2, '10:00', '12:00');
insert into Wws (usr_id, Week, dayOfWeek, start_time, end_time) values ('bXm9Ufgimd', 4, 2, '20:00', '22:00');
insert into Wws (usr_id, Week, dayOfWeek, start_time, end_time) values ('lPUW8aUwur', 4, 2, '12:00', '15:00');
insert into Wws (usr_id, Week, dayOfWeek, start_time, end_time) values ('EmyGZnqoa_', 4, 2, '15:00', '16:00');
insert into Wws (usr_id, Week, dayOfWeek, start_time, end_time) values ('SZbkeax9f', 4, 2, '16:00', '19:00');
insert into Wws (usr_id, Week, dayOfWeek, start_time, end_time) values ('6DCRWibjvS', 4, 2, '13:00', '14:00');
insert into Wws (usr_id, Week, dayOfWeek, start_time, end_time) values ('Ta5tsU0vBA', 4, 2, '11:00', '15:00');
insert into Wws (usr_id, Week, dayOfWeek, start_time, end_time) values ('s3SgHuuQ_l', 4, 2, '13:00', '17:00');
insert into Wws (usr_id, Week, dayOfWeek, start_time, end_time) values ('Q-oQOZL5nV', 4, 2, '17:00', '18:00');
insert into Wws (usr_id, Week, dayOfWeek, start_time, end_time) values ('wx6pB3szeu', 4, 2, '14:00', '17:00');
insert into Wws (usr_id, Week, dayOfWeek, start_time, end_time) values ('XCIscvzR-H', 4, 2, '12:00', '14:00');
insert into Wws (usr_id, Week, dayOfWeek, start_time, end_time) values ('mrIK5e3A-4', 4, 2, '20:00', '21:00');
insert into Wws (usr_id, Week, dayOfWeek, start_time, end_time) values ('GWwnEfu3nC', 4, 2, '11:00', '14:00');
insert into Wws (usr_id, Week, dayOfWeek, start_time, end_time) values ('AmcgucKoDC', 4, 2, '19:00', '20:00');
insert into Wws (usr_id, Week, dayOfWeek, start_time, end_time) values ('GMHtneWRAn', 4, 2, '21:00', '22:00');
insert into Wws (usr_id, Week, dayOfWeek, start_time, end_time) values ('4SGV6IVoJe', 4, 3, '10:00', '14:00');
insert into Wws (usr_id, Week, dayOfWeek, start_time, end_time) values ('YbbWUGXoed', 4, 3, '12:00', '13:00');
insert into Wws (usr_id, Week, dayOfWeek, start_time, end_time) values ('3OkiKAnqj', 4, 3, '19:00', '22:00');
insert into Wws (usr_id, Week, dayOfWeek, start_time, end_time) values ('wLYHFO52JC', 4, 3, '12:00', '14:00');
insert into Wws (usr_id, Week, dayOfWeek, start_time, end_time) values ('5zd8j6ysQv', 4, 3, '13:00', '15:00');
insert into Wws (usr_id, Week, dayOfWeek, start_time, end_time) values ('xtoWTyt1Yh', 4, 3, '16:00', '17:00');
insert into Wws (usr_id, Week, dayOfWeek, start_time, end_time) values ('4eDkcV8i8k', 4, 3, '15:00', '16:00');
insert into Wws (usr_id, Week, dayOfWeek, start_time, end_time) values ('zuXoi6HRKy', 4, 3, '12:00', '14:00');
insert into Wws (usr_id, Week, dayOfWeek, start_time, end_time) values ('CrKtHU1XDE', 4, 3, '21:00', '22:00');
insert into Wws (usr_id, Week, dayOfWeek, start_time, end_time) values ('D7SW7fT5E3', 4, 3, '14:00', '15:00');
insert into Wws (usr_id, Week, dayOfWeek, start_time, end_time) values ('v3JTHsQndX', 4, 3, '10:00', '12:00');
insert into Wws (usr_id, Week, dayOfWeek, start_time, end_time) values ('bXm9Ufgimd', 4, 3, '20:00', '22:00');
insert into Wws (usr_id, Week, dayOfWeek, start_time, end_time) values ('lPUW8aUwur', 4, 3, '12:00', '15:00');
insert into Wws (usr_id, Week, dayOfWeek, start_time, end_time) values ('EmyGZnqoa_', 4, 3, '15:00', '16:00');
insert into Wws (usr_id, Week, dayOfWeek, start_time, end_time) values ('SZbkeax9f', 4, 3, '16:00', '19:00');
insert into Wws (usr_id, Week, dayOfWeek, start_time, end_time) values ('6DCRWibjvS', 4, 3, '13:00', '14:00');
insert into Wws (usr_id, Week, dayOfWeek, start_time, end_time) values ('Ta5tsU0vBA', 4, 3, '11:00', '15:00');
insert into Wws (usr_id, Week, dayOfWeek, start_time, end_time) values ('s3SgHuuQ_l', 4, 3, '13:00', '17:00');
insert into Wws (usr_id, Week, dayOfWeek, start_time, end_time) values ('Q-oQOZL5nV', 4, 3, '17:00', '18:00');
insert into Wws (usr_id, Week, dayOfWeek, start_time, end_time) values ('wx6pB3szeu', 4, 3, '14:00', '17:00');
insert into Wws (usr_id, Week, dayOfWeek, start_time, end_time) values ('XCIscvzR-H', 4, 3, '12:00', '14:00');
insert into Wws (usr_id, Week, dayOfWeek, start_time, end_time) values ('mrIK5e3A-4', 4, 3, '20:00', '21:00');
insert into Wws (usr_id, Week, dayOfWeek, start_time, end_time) values ('GWwnEfu3nC', 4, 3, '11:00', '14:00');
insert into Wws (usr_id, Week, dayOfWeek, start_time, end_time) values ('AmcgucKoDC', 4, 3, '19:00', '20:00');
insert into Wws (usr_id, Week, dayOfWeek, start_time, end_time) values ('GMHtneWRAn', 4, 3, '21:00', '22:00');
insert into Wws (usr_id, Week, dayOfWeek, start_time, end_time) values ('4SGV6IVoJe', 4, 4, '10:00', '14:00');
insert into Wws (usr_id, Week, dayOfWeek, start_time, end_time) values ('SZbkeax9f', 4, 4, '16:00', '19:00');
insert into Wws (usr_id, Week, dayOfWeek, start_time, end_time) values ('6DCRWibjvS', 4, 4, '13:00', '14:00');
insert into Wws (usr_id, Week, dayOfWeek, start_time, end_time) values ('Ta5tsU0vBA', 4, 4, '11:00', '15:00');
insert into Wws (usr_id, Week, dayOfWeek, start_time, end_time) values ('s3SgHuuQ_l', 4, 4, '13:00', '17:00');
insert into Wws (usr_id, Week, dayOfWeek, start_time, end_time) values ('Q-oQOZL5nV', 4, 4, '17:00', '18:00');
insert into Wws (usr_id, Week, dayOfWeek, start_time, end_time) values ('wx6pB3szeu', 4, 4, '14:00', '17:00');
insert into Wws (usr_id, Week, dayOfWeek, start_time, end_time) values ('XCIscvzR-H', 4, 4, '12:00', '14:00');
insert into Wws (usr_id, Week, dayOfWeek, start_time, end_time) values ('mrIK5e3A-4', 4, 4, '20:00', '21:00');
insert into Wws (usr_id, Week, dayOfWeek, start_time, end_time) values ('GWwnEfu3nC', 4, 4, '11:00', '14:00');
insert into Wws (usr_id, Week, dayOfWeek, start_time, end_time) values ('AmcgucKoDC', 4, 4, '19:00', '20:00');
insert into Wws (usr_id, Week, dayOfWeek, start_time, end_time) values ('GMHtneWRAn', 4, 4, '21:00', '22:00');
insert into Wws (usr_id, Week, dayOfWeek, start_time, end_time) values ('YbbWUGXoed', 4, 5, '12:00', '13:00');
insert into Wws (usr_id, Week, dayOfWeek, start_time, end_time) values ('3OkiKAnqj', 4, 5, '19:00', '22:00');
insert into Wws (usr_id, Week, dayOfWeek, start_time, end_time) values ('wLYHFO52JC', 4, 5, '12:00', '14:00');
insert into Wws (usr_id, Week, dayOfWeek, start_time, end_time) values ('5zd8j6ysQv', 4, 5, '13:00', '15:00');
insert into Wws (usr_id, Week, dayOfWeek, start_time, end_time) values ('xtoWTyt1Yh', 4, 5, '16:00', '17:00');
insert into Wws (usr_id, Week, dayOfWeek, start_time, end_time) values ('4eDkcV8i8k', 4, 5, '15:00', '16:00');
insert into Wws (usr_id, Week, dayOfWeek, start_time, end_time) values ('zuXoi6HRKy', 4, 5, '12:00', '14:00');
insert into Wws (usr_id, Week, dayOfWeek, start_time, end_time) values ('CrKtHU1XDE', 4, 5, '21:00', '22:00');
insert into Wws (usr_id, Week, dayOfWeek, start_time, end_time) values ('D7SW7fT5E3', 4, 5, '14:00', '15:00');
insert into Wws (usr_id, Week, dayOfWeek, start_time, end_time) values ('v3JTHsQndX', 4, 5, '10:00', '12:00');
insert into Wws (usr_id, Week, dayOfWeek, start_time, end_time) values ('bXm9Ufgimd', 4, 5, '20:00', '22:00');
insert into Wws (usr_id, Week, dayOfWeek, start_time, end_time) values ('lPUW8aUwur', 4, 6, '12:00', '15:00');
insert into Wws (usr_id, Week, dayOfWeek, start_time, end_time) values ('4SGV6IVoJe', 4, 6, '10:00', '14:00');
insert into Wws (usr_id, Week, dayOfWeek, start_time, end_time) values ('YbbWUGXoed', 4, 6, '12:00', '13:00');
insert into Wws (usr_id, Week, dayOfWeek, start_time, end_time) values ('3OkiKAnqj', 4, 6, '19:00', '22:00');
insert into Wws (usr_id, Week, dayOfWeek, start_time, end_time) values ('wLYHFO52JC', 4, 6, '12:00', '14:00');
insert into Wws (usr_id, Week, dayOfWeek, start_time, end_time) values ('5zd8j6ysQv', 4, 6, '13:00', '15:00');
insert into Wws (usr_id, Week, dayOfWeek, start_time, end_time) values ('xtoWTyt1Yh', 4, 6, '16:00', '17:00');
insert into Wws (usr_id, Week, dayOfWeek, start_time, end_time) values ('4eDkcV8i8k', 4, 6, '15:00', '16:00');
insert into Wws (usr_id, Week, dayOfWeek, start_time, end_time) values ('D7SW7fT5E3', 4, 6, '16:00', '20:00');
insert into Wws (usr_id, Week, dayOfWeek, start_time, end_time) values ('CrKtHU1XDE', 4, 6, '16:00', '18:00');
insert into Wws (usr_id, Week, dayOfWeek, start_time, end_time) values ('zuXoi6HRKy', 4, 6, '12:00', '14:00');
insert into Wws (usr_id, Week, dayOfWeek, start_time, end_time) values ('CrKtHU1XDE', 4, 6, '21:00', '22:00');
insert into Wws (usr_id, Week, dayOfWeek, start_time, end_time) values ('D7SW7fT5E3', 4, 6, '14:00', '15:00');
insert into Wws (usr_id, Week, dayOfWeek, start_time, end_time) values ('v3JTHsQndX', 4, 6, '10:00', '12:00');
insert into Wws (usr_id, Week, dayOfWeek, start_time, end_time) values ('bXm9Ufgimd', 4, 6, '20:00', '22:00');
insert into Wws (usr_id, Week, dayOfWeek, start_time, end_time) values ('lPUW8aUwur', 4, 7, '12:00', '15:00');
insert into Wws (usr_id, Week, dayOfWeek, start_time, end_time) values ('EmyGZnqoa_', 4, 7, '15:00', '16:00');
insert into Wws (usr_id, Week, dayOfWeek, start_time, end_time) values ('SZbkeax9f', 4, 7, '16:00', '19:00');
insert into Wws (usr_id, Week, dayOfWeek, start_time, end_time) values ('6DCRWibjvS', 4, 7, '13:00', '14:00');
insert into Wws (usr_id, Week, dayOfWeek, start_time, end_time) values ('Ta5tsU0vBA', 4, 7, '11:00', '15:00');
insert into Wws (usr_id, Week, dayOfWeek, start_time, end_time) values ('s3SgHuuQ_l', 4, 7, '13:00', '17:00');
insert into Wws (usr_id, Week, dayOfWeek, start_time, end_time) values ('Q-oQOZL5nV', 4, 7, '17:00', '18:00');
insert into Wws (usr_id, Week, dayOfWeek, start_time, end_time) values ('wx6pB3szeu', 4, 7, '14:00', '17:00');
insert into Wws (usr_id, Week, dayOfWeek, start_time, end_time) values ('XCIscvzR-H', 4, 7, '12:00', '14:00');
insert into Wws (usr_id, Week, dayOfWeek, start_time, end_time) values ('mrIK5e3A-4', 4, 7, '20:00', '21:00');
insert into Wws (usr_id, Week, dayOfWeek, start_time, end_time) values ('GWwnEfu3nC', 4, 7, '11:00', '14:00');
insert into Wws (usr_id, Week, dayOfWeek, start_time, end_time) values ('AmcgucKoDC', 4, 7, '19:00', '20:00');
insert into Wws (usr_id, Week, dayOfWeek, start_time, end_time) values ('GMHtneWRAn', 4, 7, '21:00', '22:00');
