INSERT INTO Restaurants (res_id,rname,address,min_amount) VALUES (1,'Non Lacinia','2366 Urna. Ave','15');
INSERT INTO Restaurants (res_id,rname,address,min_amount) VALUES (2,'Dignissim','Ap #353-9417 Nonummy Ave','15');
INSERT INTO Restaurants (res_id,rname,address,min_amount) VALUES (3,'Rhoncus Donec Est','407-5208 Sit Ave','15');
INSERT INTO Restaurants (res_id,rname,address,min_amount) VALUES (4,'Muthusamy Pizza','P.O. Box 990, 9455 Quis Ave','10');
INSERT INTO Restaurants (res_id,rname,address,min_amount) VALUES (5,'Molestie','P.O. Box 364, 6762 A Rd.','20');
INSERT INTO Restaurants (res_id,rname,address,min_amount) VALUES (6,'Din Tai Fung','P.O. Box 697, 2304 Luctus, Ave','10');
INSERT INTO Restaurants (res_id,rname,address,min_amount) VALUES (7,'McDonald','1651 Neque Rd.','10');
INSERT INTO Restaurants (res_id,rname,address,min_amount) VALUES (8,'KFC','P.O. Box 283, 3197 Turpis. St.','5');
INSERT INTO Restaurants (res_id,rname,address,min_amount) VALUES (9,'Italian Delights','P.O. Box 579, 2667 Tempor Ave','15');
INSERT INTO Restaurants (res_id,rname,address,min_amount) VALUES (10,'Marche','Ap #295-1811 Cras St.','15');
INSERT INTO Restaurants (res_id,rname,address,min_amount) VALUES (11,'Pezzo','P.O. Box 643, 7481 Fusce Road','5');
INSERT INTO Restaurants (res_id,rname,address,min_amount) VALUES (12,'Ameens','Ap #738-644 Purus Road','5');
INSERT INTO Restaurants (res_id,rname,address,min_amount) VALUES (13,'Yakiniku','8688 Libero. Avenue','15');
INSERT INTO Restaurants (res_id,rname,address,min_amount) VALUES (14,'Sukiya','P.O. Box 308, 8807 Sit St.','15');
INSERT INTO Restaurants (res_id,rname,address,min_amount) VALUES (15,'Mala Xiang Guo','P.O. Box 165, 9910 Risus. Street','10');
INSERT INTO Restaurants (res_id,rname,address,min_amount) VALUES (16,'Encik Tan','Ap #167-3036 Augue Avenue','10');
INSERT INTO Restaurants (res_id,rname,address,min_amount) VALUES (17,'Lau Pasat','Ap #260-9884 Diam. St.','10');
INSERT INTO Restaurants (res_id,rname,address,min_amount) VALUES (18,'Tauke Chicken Rice','P.O. Box 748, 2727 Integer St.','5');
INSERT INTO Restaurants (res_id,rname,address,min_amount) VALUES (19,'Old Chang Kee','Ap #443-5419 Tristique Av.','10');
INSERT INTO Restaurants (res_id,rname,address,min_amount) VALUES (20,'Lemens Bak Kut Teh','Ap #387-587 Velit Av.','20');
INSERT INTO Restaurants (res_id,rname,address,min_amount) VALUES (21,'Smoking Duck','Ap #335-2794 Semper. St.','10');
INSERT INTO Restaurants (res_id,rname,address,min_amount) VALUES (22,'Chicken Heaven','663-7253 Ante Ave','5');
INSERT INTO Restaurants (res_id,rname,address,min_amount) VALUES (23,'Food Hell','555-5009 Purus Avenue','15');
INSERT INTO Restaurants (res_id,rname,address,min_amount) VALUES (24,'Subway','P.O. Box 317, 9309 Eu Av.','20');
INSERT INTO Restaurants (res_id,rname,address,min_amount) VALUES (25,'GongCha','P.O. Box 544, 5557 Dis Road','5');
INSERT INTO Restaurants (res_id,rname,address,min_amount) VALUES (26,'TeaLive','Ap #888-2107 Nunc Road','5');
INSERT INTO Restaurants (res_id,rname,address,min_amount) VALUES (27,'LiHo','Ap #445-3848 Nonummy Avenue','15');
INSERT INTO Restaurants (res_id,rname,address,min_amount) VALUES (28,'ShareTea','P.O. Box 759, 6424 Nulla Road','10');
INSERT INTO Restaurants (res_id,rname,address,min_amount) VALUES (29,'Koi','8475 Facilisis Av.','15');
INSERT INTO Restaurants (res_id,rname,address,min_amount) VALUES (30,'Domino Pizza','5428 Sem. Rd.','10');
INSERT INTO Restaurants (res_id,rname,address,min_amount) VALUES (31,'Malaysian Street','722-6134 Vel, Avenue','5');
INSERT INTO Restaurants (res_id,rname,address,min_amount) VALUES (32,'Burmese Heaven','Ap #170-5953 Sodales Av.','10');
INSERT INTO Restaurants (res_id,rname,address,min_amount) VALUES (33,'Kim Gary','3402 Vitae Avenue','20');
INSERT INTO Restaurants (res_id,rname,address,min_amount) VALUES (34,'Dim Sum Ling Long','P.O. Box 821, 4790 Odio Avenue','20');
INSERT INTO Restaurants (res_id,rname,address,min_amount) VALUES (35,'Formosa Heaven','P.O. Box 639, 6419 Tempor Rd.','5');
INSERT INTO Restaurants (res_id,rname,address,min_amount) VALUES (36,'Nandos','P.O. Box 909, 987 Et Av.','10');
INSERT INTO Restaurants (res_id,rname,address,min_amount) VALUES (37,'Vel Venenatis','P.O. Box 953, 1593 Nonummy Street','5');
INSERT INTO Restaurants (res_id,rname,address,min_amount) VALUES (38,'Nulla Aliquet','549-245 Sed St.','10');
INSERT INTO Restaurants (res_id,rname,address,min_amount) VALUES (39,'Hong Kong Delights','Ap #984-2611 Nec Avenue','20');
INSERT INTO Restaurants (res_id,rname,address,min_amount) VALUES (40,'Pedro Branca','264-2286 Amet, Street','10');
INSERT INTO Restaurants (res_id,rname,address,min_amount) VALUES (41,'Korean BBQ Plate','P.O. Box 298, 3376 Phasellus St.','15');
INSERT INTO Restaurants (res_id,rname,address,min_amount) VALUES (42,'Western Food','1712 Curae; St.','15');
INSERT INTO Restaurants (res_id,rname,address,min_amount) VALUES (43,'GreenDot','P.O. Box 921, 6490 Luctus St.','15');
INSERT INTO Restaurants (res_id,rname,address,min_amount) VALUES (44,'Organic Matters','358-5044 Morbi St.','10');
INSERT INTO Restaurants (res_id,rname,address,min_amount) VALUES (45,'Iaculis','P.O. Box 205, 6363 Netus Av.','10');
INSERT INTO Restaurants (res_id,rname,address,min_amount) VALUES (46,'Vietnamese Boat','Ap #705-269 Eget, St.','10');
INSERT INTO Restaurants (res_id,rname,address,min_amount) VALUES (47,'Food Paradise','Ap #741-7352 Vel Road','20');
INSERT INTO Restaurants (res_id,rname,address,min_amount) VALUES (48,'Him Heang','Ap #909-7863 Donec St.','10');
INSERT INTO Restaurants (res_id,rname,address,min_amount) VALUES (49,'Secret Recipe','P.O. Box 661, 4602 Interdum. Ave','10');
INSERT INTO Restaurants (res_id,rname,address,min_amount) VALUES (50,'Aliquam Erat Volutpat','224-2003 Sem. St.','5');

--MenuItems
INSERT INTO MenuItems (res_id, food_id,price,name,description) VALUES (8,1,21.3,'Flaxseed salad with tangerine dressing','A mouth-watering flaxseed salad served with tangerine dressing');
INSERT INTO MenuItems (res_id, food_id,price,name,description) VALUES (5,2,21,'Nutmeg scones with tangerine jam','Fluffy, all-butter scones served with tangerine jam and fresh clotted cream');
INSERT INTO MenuItems (res_id, food_id,price,name,description) VALUES (10,3,19,'Potato and lime kebab','Skewer-cooked baby new potato and tangy lime served in warm pitta pockets');
INSERT INTO MenuItems (res_id, food_id,price, name,description) VALUES (4,4, 25.69,'Potato and hazelnut cake','Moist cake made with baby new potato and hazelnut');
INSERT INTO MenuItems (res_id, food_id,price,name,description) VALUES (47,5, 4.5,'Guava and lemon cheesecake','A velvety cheesecake layered with fresh guava and tangy lemon');
INSERT INTO MenuItems (res_id, food_id,price,name,description) VALUES (3,6,13.42,'Ricotta and chicken dumplings','Thin pastry cases stuffed with ricotta and free range chicken');
INSERT INTO MenuItems (res_id, food_id,price,name,description) VALUES (40,7,15.4,'Asafoetida and quorn vindaloo','Hot vindaloo made with asafoetida and quorn');
INSERT INTO MenuItems (res_id, food_id,price,name,description) VALUES (44,8,5.67,'Lancashire cheese and peanut salad','A crunchy salad featuring lancashire cheese and peanut');
INSERT INTO MenuItems (res_id, food_id,price,name,description) VALUES (33,9,24,'Kiwi fruit and paneer salad','A crisp salad featuring fresh kiwi fruit and fried paneer');
INSERT INTO MenuItems (res_id, food_id,price,name,description) VALUES (23,10,10.23,'Bresaola and sausage penne','Fresh egg tubular pasta in a sauce made from bresaola and Cumberland sausage');
INSERT INTO MenuItems (res_id, food_id,price,name,description) VALUES (33,11,8.76,'Milk chocolate and treacle cookies','Crunchy cookies made with milk chocolate and black treacle');
INSERT INTO MenuItems (res_id, food_id,price,name,description) VALUES (41,12,12.43,'Salmon and pepper fusilli','Fresh egg pasta in a sauce made from smoked salmon and green pepper');
INSERT INTO MenuItems (res_id, food_id,price,name,description) VALUES (37,13,6.71,'Spinach and mushroom wontons','Thin wonton cases stuffed with fresh spinach and shitake mushroom');
INSERT INTO MenuItems (res_id, food_id, price, name,description) VALUES (1, 14, 23.13,' Chorizo and sage burgers','Tasty burgers made from Spanish chorizo and fresh sage, served in a roll');
INSERT INTO MenuItems (res_id, food_id,price,name,description) VALUES (18,15, 14.63,'Lamb and caper penne','Fresh egg tubular pasta in a sauce made from minced lamb and caper');
INSERT INTO MenuItems (res_id, food_id,price,name,description) VALUES (36,16,21.6,'Pork sausage meat and cranberry salad','Pork sausage meat and fresh cranberries served on a bed of lettuce');
INSERT INTO MenuItems (res_id, food_id,price,name,description) VALUES (36,17,23.64,'Lamb and chard curry','Hot curry made with minced lamb and fresh chard');
INSERT INTO MenuItems (res_id, food_id,price,name,description) VALUES (48,18,10.21,'Black pepper and turkey salad','Crushed black pepper and smoked turkey served on a bed of lettuce');
INSERT INTO MenuItems (res_id, food_id,price,name,description) VALUES (25,19,10.21,'Bacon and chickpea pie','A shortcrust pasty case filled with back bacon and fresh chickpea');
INSERT INTO MenuItems (res_id, food_id,price,name,description) VALUES (29,20,10.21,'Fish and scallop dumplings','Thin pastry cases stuffed with fish and scallop');
INSERT INTO MenuItems (res_id, food_id,price,name,description) VALUES (2,21,17.81,'Paneer and tofu skewers','Bamboo skewers loaded with fried paneer and marinaded tofu');
INSERT INTO MenuItems (res_id, food_id,price,name,description) VALUES (43,22,10.212,'Rabbit and beef casserole','Rabbit and beef stewed');
INSERT INTO MenuItems (res_id, food_id,price,name,description) VALUES (17,23,7.67,'Turkey and wensleydale salad','Free-range turkey and wensleydale served on a bed of lettuce');
INSERT INTO MenuItems (res_id, food_id,price,name,description) VALUES (23,24,10.21,'Apple and chestnut cake','Rich cake made with fresh apple and roasted chestnut');
INSERT INTO MenuItems (res_id, food_id,price,name,description) VALUES (22,25,10.21,'Swede and mushroom soup','Swede and wild mushroom combined into creamy soup');
INSERT INTO MenuItems (res_id, food_id,price,name,description) VALUES (21,26,10.21,'Stilton and cinnamon muffins','Rich muffins made with stilton and cinnamon');
INSERT INTO MenuItems (res_id, food_id,price,name,description) VALUES (41,27,10.21,'Turkey and pepper ciabatta','Warm ciabatta filled with free-range turkey and red pepper');
INSERT INTO MenuItems (res_id, food_id,price,name,description) VALUES (19,28,10.21,'Salmon and fish toastie','Crisp slices of bread filled with smoked salmon and fish');
INSERT INTO MenuItems (res_id, food_id,price,name,description) VALUES (18,29,10.21,'Bacon and peppercorn fusilli','Fresh egg pasta in a sauce made from thick bacon and pink peppercorn');
INSERT INTO MenuItems (res_id, food_id,price,name,description) VALUES (40,30,10.21,'Rocket and pepper spaghetti','Spagetti topped with a blend of fresh rocket and green pepper');
INSERT INTO MenuItems (res_id, food_id,price,name,description) VALUES (37,31,3.54,'Shiitake Mushroom Rice Noodles','Blanched Chinese broccoli, panfried shiitakes, and tender rice noodles with tamari, Asian fish sauce, vinegar, and chicken stock.');
INSERT INTO MenuItems (res_id, food_id,price,name,description) VALUES (33,32,10.21,'Chicken Biryani','Long-grained rice (like basmati) flavored with exotic spices, such as saffron, is layered with lamb, chicken, fish, or vegetables, and a thick gravy.');
INSERT INTO MenuItems (res_id, food_id,price,name,description) VALUES (38,33,20.1,'Singapore Noodles','Stir-fried rice vermicelli seasoned with curry powder, vegetables, scrambled eggs and meat');
INSERT INTO MenuItems (res_id, food_id,price,name,description) VALUES (15,34,10.21,'Hokkien mee','Thick yellow noodles braised in thick dark soy sauce with pork, squid, fish cake and cabbage.');
INSERT INTO MenuItems (res_id, food_id,price,name,description) VALUES (18,35,8.87,'HotPlate Dry Chili Chicken','Fresh Chicken Meal fried with Dry Chili');
INSERT INTO MenuItems (res_id, food_id,price,name,description) VALUES (14,36,10.21,'Chicken tikka masala','Chunks of roasted marinated chicken in a spiced curry sauce');
INSERT INTO MenuItems (res_id, food_id,price,name,description) VALUES (13,37,10.21,'Mala','Spicy noodles bound to give you the flames');
INSERT INTO MenuItems (res_id, food_id,price,name,description) VALUES (35, 38,18.48,'Rice Noodle Salad With Spring Vegetables','Rice Noodle Salad With Spring Vegetables');
INSERT INTO MenuItems (res_id, food_id,price,name,description) VALUES (43,39,10.21,'Sesame Chicken','Crispy chicken pieces tossed in a sweet and savory honey sesame sauce');
INSERT INTO MenuItems (res_id, food_id,price,name,description) VALUES (11,40,10.21,'Hainanese chicken rice','Poached chicken and seasoned rice, served with chilli sauce and  with cucumber garnishes');
INSERT INTO MenuItems (res_id, food_id,price,name,description) VALUES (16,41,29.3,'Char kway teow','stir-fried rice cake strips');
INSERT INTO MenuItems (res_id, food_id,price,name,description) VALUES (9,42,10.21,'Yakiniku chicken','Japanese grilled meat');
INSERT INTO MenuItems (res_id, food_id,price,name,description) VALUES (25,43,10.21,'Shrimp With Szechuan Sauce','Spicy');
INSERT INTO MenuItems (res_id, food_id,price,name,description) VALUES (17,44,10.21,'Ultimate Cheesy Thigh Burger','Juicy boneless thigh and melted cheddar cheese, generously smothered with cheese sauce and chutney. Deliciously messy!');
INSERT INTO MenuItems (res_id, food_id,price,name,description) VALUES (26,45,10.21,'Classic Thigh Burger','Juicy boneless thigh, crispy oven-baked cheddar slice, fresh lettuce and tomatoes, and creamy mayo.');
INSERT INTO MenuItems (res_id, food_id,price,name,description) VALUES (47,46,10.21,'Saucy Chicken Rice Bowl','Juicy tenders in our special sauce, served with Mediterranean Rice.');
INSERT INTO MenuItems (res_id, food_id,price,name,description) VALUES (23,47,10.21,'Winglets & Drumlets','In your choice of PERi-PERi flavour');
INSERT INTO MenuItems (res_id, food_id,price,name,description) VALUES (40,48,10.21,'Chicken Butterfly','Two chicken breasts joined by crispy skin');
INSERT INTO MenuItems (res_id, food_id,price,name,description) VALUES (41,49,10.21,'Boneless Thighs & Summer Rice Bowl','Two boneless thighs on a bed of Spiced Rice mixed with corn, cherry tomatoes, kidney beans, and roasted pumpkin.');
INSERT INTO MenuItems (res_id, food_id, price, name,description) VALUES (8, 50, 16.09,'Pulled Chicken Rice Bowl','Saucy pulled chicken and veg mixed in a tomato relish on Spiced Rice.');
INSERT INTO MenuItems (res_id, food_id,price,name,description) VALUES (30,51,10.21,'Steamed Vegetable & Pork Dumplings','savoury premium meat and fragrant Chinese cabbage');
INSERT INTO MenuItems (res_id, food_id,price,name,description) VALUES (25,52,10.21,'Steamed Truffle & Pork Dumplings','black truffles with fresh pork wrapped in delicate skin');
INSERT INTO MenuItems (res_id, food_id,price,name,description) VALUES (19,53,10.21,'Stir-fried Hong Kong Kailan with Special Sauce','expertly flash-fried with minimal oil and accented with aromatic slivers of garlic.');
INSERT INTO MenuItems (res_id, food_id,price,name,description) VALUES (36,54,10.21,'Special Braised Beef Noodle Soup with Beef Brisket','Succulent juicy meat with noodles immersed in a bowl of flavourful soup – indeed a hearty meal on its own.');
INSERT INTO MenuItems (res_id, food_id,price,name,description) VALUES (2,55,10.21,'Noodle Soup with Fried Pork Chop','Signature fried pork chop marinated with complex spices. A hearty yet wholesome twosome to slurp up with gusto.');
INSERT INTO MenuItems (res_id, food_id,price,name,description) VALUES (37,56,10.02,'Fried Rice with Shrimps & Eggs','An extremely popular dish, the ingredients are pared down to simple rice, shrimps, eggs, and spring onions, creating a taste of familiar comfort.');
INSERT INTO MenuItems (res_id, food_id,price,name,description) VALUES (21,57,10,'Noodle with Minced Pork in Bean Sauce','Handmade noodles cooked to a pleasantly springy consistency tossed with minced pork in bean sauce');
INSERT INTO MenuItems (res_id, food_id,price,name,description) VALUES (49,58,13.4,'Double-Boiled Papaya & Snow Fungus with Rock Sugar','Excellent for the complexion and balancing of the inner soul, this is a healing dessert that is perfect for rounding up a simple lunch or dinner.');
INSERT INTO MenuItems (res_id, food_id,price,name,description) VALUES (46,59,9.59,'Lemongrass Juice','A refreshing and fragrant drink that is subtly sweet and iced for a hot day.');
INSERT INTO MenuItems (res_id, food_id,price,name,description) VALUES (30,60,23.32,'Mango Pudding',' Made with pure mango flesh, the select variety makes for a luscious pudding, with a heady aroma of freshly peeled mango.');
INSERT INTO MenuItems (res_id, food_id,price,name,description) VALUES (29,61,11.2,'Laksa Noodles (Vegan)','Tuck into a comforting bowl of hearty, robust laksa made from scratch with blue ginger, yellow ginger, chillies and laksa leaves. Noodles, Straw Mushroom, Konnyaku prawn, Konnyaku ball, Tau pok and Beansprout');
INSERT INTO MenuItems (res_id, food_id,price,name,description) VALUES (13,62,10.78,'Angelica Herbal Noodle w Cordyceps (Contain Milk)','Konnyaku Fishball, Soya Mutton, Tau Pok, Lettuce and Carrot served in a herbal broth with more than 10 Chinese herbs such as Angelica, Licorice and Wolfberry.');
INSERT INTO MenuItems (res_id, food_id,price,name,description) VALUES (50,63,24,'Taiwanese Spicy Dry Handmade Noodles(Contain Milk)','Taiwanese Spicy Paste, Staw Mushroom, QQ tofu, Cucumber stripes, Carrot stripes and Parsley');
INSERT INTO MenuItems (res_id, food_id,price,name,description) VALUES (1,64,7.5,'Smoky BBQ Soy Burger','Sesame seed buns, Smoked Soy Patty, Cucumber slices, Tomato slices and Lettuce. ');
INSERT INTO MenuItems (res_id, food_id,price,name,description) VALUES (10,65,5.5,'Fresh Mix Mushroom Burger with Fries (Vegan)','Sesame Seed Buns, Gong Bao Mushroom, Tomato Slices and Lettuce. ');


INSERT INTO Users (usr_id,userName,password_digest) VALUES ('ube2138d2','fds','$2b$10$DadfX3XUT1PeKJ/C706jbeOE.zA.tt3tXYDmmCAhqOHjbdEI3zwDa');--123456

--rest staff
INSERT INTO Users (usr_id,userName,password_digest) VALUES ('yALo31p66','Jonah','$2b$10$DadfX3XUT1PeKJ/C706jbeOE.zA.tt3tXYDmmCAhqOHjbdEI3zwDa');--123456
INSERT INTO Users (usr_id,userName,password_digest) VALUES ('Nz3YRCJ93','Michelle','$2b$10$ooRSCo8IqVhoOYBClMsOS.I/qFrh9Yt2298ZgPVkFohVRt8F9RDWi');--12345678 
INSERT INTO Users (usr_id,userName,password_digest) VALUES ('0PaYyGYa2','David','$2b$10$VOdTaFrVDqPl3da7CnGn8OIhgsGyvSYRk5D2Z7HE9ke/unqJd2PT6');--qwerty
INSERT INTO Users (usr_id,userName,password_digest) VALUES ('OAjkAEpS8','Maigee','$2b$10$t9RdPt5Shd2RFUu5lKs5tus4j0KT16Z4nxWsIZYCHcANDu60ZvfbW');--password
INSERT INTO Users (usr_id,userName,password_digest) VALUES ('3MYG321cc','Taylor','$2b$10$qeojSpxT3.0yIsDZbIulUup8jYjpDPzRDsGqtNDlD.8jzNJFZKiGy');--111111
INSERT INTO Users (usr_id,userName,password_digest) VALUES ('A0mvq4Jdb','Azalia','$2b$10$DFobNJlPtRHslLqtH5l3fu3nGs5.W3f5G5CrbKqwxOM0T0wS.kLLa');--666666
INSERT INTO Users (usr_id,userName,password_digest) VALUES ('XvoLkpZTE','Ethan','$2b$10$vqbySCSSvC0Xwo8d9S3N8e8RYIybVSLX3lKA7n0Hv3OUFhJxYfKQO'); --888888
INSERT INTO Users (usr_id,userName,password_digest) VALUES ('U2Y-UiaAU','Axel','$2b$10$IZ3N5TTSJ2jkecuz3yRkzup9z52J067UYHRz8aefnLkj7GCgg3bHm'); --123123
INSERT INTO Users (usr_id,userName,password_digest) VALUES ('z-ww0VLXW','Norman','$2b$10$K6etItP44Tfr8IBzux6F/.dLFe9itxafJfuzq3kY57oAbZbrhdPtG');--qwerty
INSERT INTO Users (usr_id,userName,password_digest) VALUES ('SIhwuQimT','Sybill','$2b$10$Q41F0LXE8qpqLtZO9nsbJeXkq0ZKj1Pn7QTYTYwiptx/EI1XsEQRW');-- admin
INSERT INTO Users (usr_id,userName,password_digest) VALUES ('DZl6N_NI-','Noelle','$2b$10$B5jcuUPToWnxuIJgEGjOwuGXR7Xrw1sgRnqmRyuRgV8fbkWA6h36G');--888888
INSERT INTO Users (usr_id,userName,password_digest) VALUES ('K-esPxKfI','Zoe','$2b$10$WS/h33jjJ60iBV7fx0W5/OTptYQenSWXhG8t2vD5NKiW/FFK2W9ka');--Password1
INSERT INTO Users (usr_id,userName,password_digest) VALUES ('1vxeFtHDq','Wing','$2b$10$oSs6SlF.aAM7XEuEm50HX.qHvEoQQkow8os..hlvWCtx2wsU7ROIO');--welcome
INSERT INTO Users (usr_id,userName,password_digest) VALUES ('1jeIENcIq','Jena','$2b$10$BQFjaANyTWawqmu1K7mdUO3sdQArZSu.LVltXDp9cuQzx7gzohiVG');--sunshine
INSERT INTO Users (usr_id,userName,password_digest) VALUES ('q4fkZuaeY','Laurel','$2b$10$lR8ElAT5SVKW0L7OFBNtv.LITQQLUE96hoPV8IVKuuFaR/sQXo5Ka');--login
INSERT INTO Users (usr_id,userName,password_digest) VALUES ('N4ZVZepiv','Bert','$2b$10$Zki.nQgz2B4rCqTy2e8bAeVhBEEVWJotyJHKQbKNpVD3sR6pDglmK');--!@#$%^&*()_+
INSERT INTO Users (usr_id,userName,password_digest) VALUES ('UbykC5kJb','Garrison','$2b$10$mnGIl8Oug1LoTqB.JM3HNuQtEr7Q1EmeIJhBm5OpEuvL4qcisXvLi');--hello
INSERT INTO Users (usr_id,userName,password_digest) VALUES ('8lFLwKHQJ','Marny','$2b$10$3nxe3nKx45m8r8A8jlY9Ke17jJxwnZqMLRlJG4JEnG3ogQt/5vBIe');--1qaz2wsx
INSERT INTO Users (usr_id,userName,password_digest) VALUES ('A-QIXqLbR','September','$2b$10$8FIzp7FY6jT1ndWVqbj0Ee47K0oRw8dj13AnPG.PLB.Ha.MMGR8dC');--cuebvubsv
INSERT INTO Users (usr_id,userName,password_digest) VALUES ('Y3LkEpy3O','Nayda','$2b$10$gLJA4geWlIan/l608tgpCeGKTliLNFaYkf0ITCYDT0Qeh7uoekK6y');--vfdvsvfdv 
INSERT INTO Users (usr_id,userName,password_digest) VALUES ('0Y6nTaae0','Brianna','$2b$10$zGlFb.WiqgHPsAnq/LcvuuTmMIIaKJexcoWfQ5rNqZCQl7ZatSJ5W');--vevevsvfvf
INSERT INTO Users (usr_id,userName,password_digest) VALUES ('z5Y9yaIpm','Barbara','$2b$10$6XML5Uwuu4qD7wtvepKjyuXsI14RDbQzuBHyYQp9dH8DQorarqYUq');--2313131312
INSERT INTO Users (usr_id,userName,password_digest) VALUES ('FH64TyCI3','Signe','$2b$10$BuRL92rxVSbAX6t40HMMMOycktYd3pS0FaNXMepOIlEWGY428RUfG');--vvrvrvrvrvrvr
INSERT INTO Users (usr_id,userName,password_digest) VALUES ('zIWCOpEi6','Sonya','$2b$10$mjcc2IG77FtL0Jc9JMlP0.hYhxKgen0xpNUZDgbSBN1mYLgZXIUO6');--aaaaaaaa
INSERT INTO Users (usr_id,userName,password_digest) VALUES ('JHIkSJ-Wu','Holly','$2b$10$xVfKASzqhYgeh5U7o640EO2NmaSJlI.9rqabn6P3SsWRULqGhsTWq');--qccqcqcqcqcqc
INSERT INTO Users (usr_id,userName,password_digest) VALUES ('xmRyo3u1Z','Kelly','$2b$10$8PMGaeDFHAqoRv6Ld.PyD.NfHDBmZar9RPAy2y9jh2GFRQb0XJaLS');--ce321e
INSERT INTO Users (usr_id,userName,password_digest) VALUES ('BLRBtUyde','Liberty','$2b$10$Cl2j9GWLcL9ruAjoiDI12e4HTfYdSf72o0TrfSOildkT0BySJDfme');--1212dclinjje
INSERT INTO Users (usr_id,userName,password_digest) VALUES ('FSoVvkj7z','Ingewa','$2b$10$KdDHPEe2auv6Jedz54ilLelaOiJhaYBjJVAvkHw/pbds3bDeyW9sO');--iloveyou
INSERT INTO Users (usr_id,userName,password_digest) VALUES ('tvvOP2V68','Craig','$2b$10$wJxy9DAyfm7s0U8jQZbjouO6gHxaTRs3JmidM0rpWcihdcJfUDNRW');--cecececece
INSERT INTO Users (usr_id,userName,password_digest) VALUES ('9GDYvJRtO','Aretha','$2b$10$vF1lMqaljcfmDsqAiAKMheeUFBo0DnQ1bt4/YBlIc0zDZbf9ubWz6');--zxcvbnm
INSERT INTO Users (usr_id,userName,password_digest) VALUES ('8xV_yMuJD','Emerald','$2b$10$fqEoFBgdfbFXw8wO0Rhpr.gz89z.N8kiYSWMIxFA4N.YFGrtdQwTy');--aswqazxswq
INSERT INTO Users (usr_id,userName,password_digest) VALUES ('C5nN3AROh','Kimberley','$2b$10$5mn5b7sjp1Noe1XXEtKJH.cTqBHtsj5dC7x93JMv2PmMfyBhb4JG6');--xwxwxwqaze 
INSERT INTO Users (usr_id,userName,password_digest) VALUES ('WnkhwEg25','Domiique','$2b$10$.VvRf78uxWanNKzeWR26kO25UZ23MULxsiVHy9Ut9h94prRjR42ZW');--qwqwqwq
INSERT INTO Users (usr_id,userName,password_digest) VALUES ('bX8LkJr1u','Montana','$2b$10$6.fseAz9Kn5XmvryUq3p6.us2gUnt.MrfAiNG2zXFRMYg.1.vTEHq');--p@ssw0rd
INSERT INTO Users (usr_id,userName,password_digest) VALUES ('_TzCcSgcj','Flynn','$2b$10$dypo9hrsK3rRWia/jSrFb.gmhujgLIMJmc2UH0bh8yXpTBXEvvZcC');--88889999
INSERT INTO Users (usr_id,userName,password_digest) VALUES ('k1VOetgPF','Ross','$2b$10$oDQlstIMn89dhxSMWDJkTuhQXUknRvvI76qbcq/fupi5QSHatRvQm');--7890-679
INSERT INTO Users (usr_id,userName,password_digest) VALUES ('Koog_RDPz','Xerxe','$2b$10$11kvoDEbLy.XiGFqIIYfousBnNnYyOEpY4KsSqLhq334CkFprd2/.');--98778
INSERT INTO Users (usr_id,userName,password_digest) VALUES ('mvEjqiS6H','Graiden','$2b$10$LyY2lXUqncW9Gqe0qC3mKusBmxv9ljvJTEE2S1CYKsLoUuq2W1DYe');--mkloijn
INSERT INTO Users (usr_id,userName,password_digest) VALUES ('BNHLWB6Xw','Magee','$2b$10$c2rnBHCEPy7xYbO4QPJwre5Werx29MUrx0p1xS/fk8tQKm5WM5fLa');--cdcdcwmkon
INSERT INTO Users (usr_id,userName,password_digest) VALUES ('-1F-8t-nS','Kadeem','$2b$10$ZUjH6I56QueIWHmI7/G5D.O50MYwaRFA2zbtP3YhZ/hOK.lrj6x9a');--78969
INSERT INTO Users (usr_id,userName,password_digest) VALUES ('EUrqx6Jct','Tobias','$2b$10$kKEsmoDoyHKDFMXRitG18ODj4k3cZXbHfG0F3gcWVfWZon9E411zy');--hhhhhhhh
INSERT INTO Users (usr_id,userName,password_digest) VALUES ('s5lEKxH3Y','Chase','$2b$10$nzuOUmDBaxwSJaqzjSsadepAGLLYVcSanFBaQmkC26Yt3yZYf2yUS');--...........
INSERT INTO Users (usr_id,userName,password_digest) VALUES ('Ln2OI6rJR','Galena','$2b$10$.PIzGB/YTwMVGaxCUGJHfeXEV1ScTXhBFaFCaR6DtWXLUcfONh.g.');--78678686
INSERT INTO Users (usr_id,userName,password_digest) VALUES ('LyxswPIwg','Charissa','$2b$10$EzNf8gWj61PXmqMTLadj3OwopvP2dDIdLMPm/TDurN9.lSneQ7lQ2');--2727727272727
INSERT INTO Users (usr_id,userName,password_digest) VALUES('0wO5ZU3Xt', 'Clayton', '$2b$10$rY/EV37yJDA.XbivALy9tO6nYt0Qt5h8KrqsPvhiP0qB.xpDX.84i'); 
INSERT INTO Users (usr_id,userName,password_digest) VALUES('P0PrOyqy10', 'Vivienne', '$2b$10$N3tOM8J3u/PHZxgrCoIfdOaGIm4VnI1TpyH0dqprfkpDZMjgIE4j2'); 
INSERT INTO Users (usr_id,userName,password_digest) VALUES('r9LUbfxcmE', 'Alysia', '$2b$10$q/rWKdkvogGWmRaLeumiJef5KHa5H8z61RQv.PFgf6yYms/5tgEtK'); 
INSERT INTO Users (usr_id,userName,password_digest) VALUES('MePufGYSG8', 'Gaylord', '$2b$10$vQoG9N9ngZqTY0sFY9jLFOTkUVh4T/m5jwj/RNnbHY9e8kdvvWxvS'); 
INSERT INTO Users (usr_id,userName,password_digest) VALUES('Nx66OXKy2X', 'Darrell', '$2b$10$prXqua4wkB43TMhwGLXDIerWTWx8QC8kS2KlzAALMYGIw/kdCnxce');
INSERT INTO Users (usr_id,userName,password_digest) VALUES('2R-iaSVA89', 'Justa', '$2b$10$SWqr/FFLcCmK4vJ0NMadzuynrQlG4hBhumCZoTmDHQlnfQyiki.o.'); 

--customer
INSERT INTO Users (usr_id,userName,password_digest) VALUES('qnXAuDyjP9', 'Douglas', '$2b$10$tmtPpP1YLe92z7/Dx66HM.1RfZLWYtvEf3qVtEo6gaQ73H/oqw/4W'); --123456
INSERT INTO Users (usr_id,userName,password_digest) VALUES('nVXaMH1wsq', 'Sanford', '$2b$10$ooRSCo8IqVhoOYBClMsOS.I/qFrh9Yt2298ZgPVkFohVRt8F9RDWi');--12345678 
INSERT INTO Users (usr_id,userName,password_digest) VALUES('3fbloaV8Qv', 'Marion', '$2b$10$VOdTaFrVDqPl3da7CnGn8OIhgsGyvSYRk5D2Z7HE9ke/unqJd2PT6');--qwerty
INSERT INTO Users (usr_id,userName,password_digest) VALUES('d8BmgbWqUb', 'Berniece', '$2b$10$t9RdPt5Shd2RFUu5lKs5tus4j0KT16Z4nxWsIZYCHcANDu60ZvfbW');--password
INSERT INTO Users (usr_id,userName,password_digest) VALUES('5o87B2dpeR', 'Dominic', '$2b$10$qeojSpxT3.0yIsDZbIulUup8jYjpDPzRDsGqtNDlD.8jzNJFZKiGy');--111111

INSERT INTO Users (usr_id,userName,password_digest) VALUES('ifGzY2qUam', 'Lanny', '$2b$10$6BXAJmgKAL8CmHxDZQ3C1OaeXzwMeNa8uz0RRmrGV18Go/SZq.UVS'); --3c9yZOy3vM
INSERT INTO Users (usr_id,userName,password_digest) VALUES('iMFHUy09Dt', 'Belle', '$2b$10$tLAYKjTl4iXSKDh4GAH4Uu/OqKOaVK2V6pcENeq61H/lPCwRdL8My'); --EuVEpwNUGR
INSERT INTO Users (usr_id,userName,password_digest) VALUES('WTHhF2EGQ', 'Lawerence', '$2b$10$Rk3JciA40hXg0Uu4HZOJtusMNoy4zpvebkxdua0UEwCw82ic8lBl.'); --8HOOai9Mr8
INSERT INTO Users (usr_id,userName,password_digest) VALUES('2UEjTo676_', 'Ahmed', '$2b$10$Ae/.brISl36ELZaduAq.uuFoTvzNc.QS9y.UPB5vEvLSdNCvvc9S.'); --6f6ezpFkFr
INSERT INTO Users (usr_id,userName,password_digest) VALUES('WVOJ1iOHyw', 'Shon', '$2b$10$oi64QiMqHLZkJI1O3mOqBuudgLTZ1VbEa0xAgYDsxpgO28ZHngQ1O'); --R7cZH129ZV
INSERT INTO Users (usr_id,userName,password_digest) VALUES('uxiYPnAqxS', 'Doretta', '$2b$10$YDfUlWe.FZu6G4K6/XAuzem/dy/3XFNVh.p89E5zqwUBM7jBPmOc2'); --HSp5qatQrq
INSERT INTO Users (usr_id,userName,password_digest) VALUES('SOGsOwONK5', 'Serafina', '$2b$10$cs1WaT3QhLEmRtwSc1Kg4uT/amEp2a0Jw7/QU4Uv71q6hmEDXH5xm'); --itYoptWal6
INSERT INTO Users (usr_id,userName,password_digest) VALUES('oimb4kFIlr', 'Winter', '$2b$10$JoPtL7bYVvTQkGnn6Cb2YeZKQ/sih5T4n.kTDoq/o.K6Er0fcDON6'); --nIiYAiBi66
INSERT INTO Users (usr_id,userName,password_digest) VALUES('x-C1BB-EoH', 'Corey', '$2b$10$iUyBjzIGLNNeLwYNclwhd.pvoIPWedi1.aQiw.zYe4fhciZbX5Dxq'); --rOWmEk1kX6
INSERT INTO Users (usr_id,userName,password_digest) VALUES('3PnARfg_2Z', 'Jayne', '$2b$10$ak42/ncFY8JHoazpqeb49uKzTqHVQ/hDy4iCreJbCgzchVhdobzie'); --p2QhMfrAJy
INSERT INTO Users (usr_id,userName,password_digest) VALUES('QQGqRT2foI', 'Virgil', '$2b$10$Hhq6CbPIRqfQY6Hqz2Yx1uClxgvI21qzXbSpoHXAm7Rf3PwyB3RiO'); --5RpL61v95z
INSERT INTO Users (usr_id,userName,password_digest) VALUES('qx95t-0h-9', 'Esteban', '$2b$10$KHtqevkP0VAa352mqpoT/OZRoZlO6QsHhXo.yb8dHB1gm83Hk8YB.'); --Sc4Fu9LC3f
INSERT INTO Users (usr_id,userName,password_digest) VALUES('Y4HmY6Eu2E', 'Ollie', '$2b$10$NttBT120w8PNALRWHf0ZY.26I8/75osAYuMlC1JNcNqbKdxDpcO3u'); --wxbOMyNIne
INSERT INTO Users (usr_id,userName,password_digest) VALUES('bizhHWkw7P', 'Quiana', '$2b$10$PHe6CkKDk3ARMcJwe/0bbequ0k8A69ilc6xkLgDQTQbr91bYtPzRe'); --R18QnMVY2x
INSERT INTO Users (usr_id,userName,password_digest) VALUES('em1a-Oh1Bq', 'Alayna', '$2b$10$wEGne1w8rfujvwwcOxiafeFvF1RT5bVKMp4pmd4WNorEcCGCByV2a'); --eOUJuAKlKW
INSERT INTO Users (usr_id,userName,password_digest) VALUES('EiMuMqHo5J', 'Terry', '$2b$10$mqSeljZ83aDnMR6TU15NLeM0o2P2uADr9kcAV7eQJ6vYpQyeCNvoa'); --fvp89ix6Sl
INSERT INTO Users (usr_id,userName,password_digest) VALUES('9GCZcmWw5', 'Myles', '$2b$10$3BS90YMZVNjuk58HYRFdWOwzIn3w7GcOnozmvCzFVq.Vx68tMQOnG'); --9cAfSLHEkt
INSERT INTO Users (usr_id,userName,password_digest) VALUES('bQevjTwl6q', 'Earl', '$2b$10$UjSYrdn.auT6ZXGSwR4QPeBHaZfeUO./3sztgXR88U9SXYj1tFsCW'); --V9O9LSRkwL
INSERT INTO Users (usr_id,userName,password_digest) VALUES('XVCDN8Uq4l', 'Dominique', '$2b$10$dK8JtjY5BZ3ekpkup2Vbl.5Xpk99l3.wIt3OveSAW96jGecMI1IaG'); --OBpdO5WxK0
INSERT INTO Users (usr_id,userName,password_digest) VALUES('ik4E1w0YXE', 'Darcy', '$2b$10$Jjix6/.rzm16lslWBFAH4eVsxEzxUvoiDFn0KrP3W6MhjZsUqIqTa'); --dPvD2SdjF7
INSERT INTO Users (usr_id,userName,password_digest) VALUES('WJgGwbEmZH', 'Roderick', '$2b$10$z424vdZac6VObomTHP.wZO2bJurQaK6SELclsS2/A0NOpk7uU2oa.'); --TSUJkPteFK
INSERT INTO Users (usr_id,userName,password_digest) VALUES('2hMyWtlK7M', 'Gavin', '$2b$10$LbGNOMQm/tlbVOlwt00VAuB1rCF1aDcrQtwSlimysZ1WZhDZjBYBG'); --6B3ZqaRbzU
INSERT INTO Users (usr_id,userName,password_digest) VALUES('wzS_LlETDm', 'Carita', '$2b$10$dn94CWaQcsLO9i.NseCqlecTgoHgHizmFx3vuL4voErlqp1h056IO'); --yodtUGdHbC
INSERT INTO Users (usr_id,userName,password_digest) VALUES('1sUNGJqf6d', 'Buster', '$2b$10$Cjv1Awhu/NchK3lzqjFu4eTiyTVth.r3f76HeHsyG4hmB4yU23wtq'); --DBndJqRDV5
INSERT INTO Users (usr_id,userName,password_digest) VALUES('0wWQW9d9PO', 'Hoyt', '$2b$10$ZRW5f5NHuQ7TbWB2g9RhGuhC4hLtfjEKRLvH.9b4seVaSSSZq9RpK'); --9D72AFIHHX
INSERT INTO Users (usr_id,userName,password_digest) VALUES('2oCt6j9x1M', 'Arron', '$2b$10$6TvMfwo.EVqijZrDeZHdI.vQz6eA8ORuAve3698Y7MpcjyG4yeZiy'); --aCfxHbXP6C
INSERT INTO Users (usr_id,userName,password_digest) VALUES('oBbHa2qLDk', 'Jolie', '$2b$10$W0JP..UnRU8wtjfcw8rMueUtB6Va7X2zXfsp8RFiyeOhJCu.SKxAi'); --JOM0SQqKfC
INSERT INTO Users (usr_id,userName,password_digest) VALUES('E2hZ7b7soT', 'Emory', '$2b$10$PPyAZoBaXW3CFCvgfdju1emAogtx0/xlrLR8tlLHKn7MQxMblLV/e'); --QjiNtMmV3z
INSERT INTO Users (usr_id,userName,password_digest) VALUES('Bo-7Avvp7R', 'Ned', '$2b$10$OOg6yibK1X6eJuFwvlM1Aen/XZ0amCd1r/xkRjVY7qdsIlvmz7bEe'); --GExCa72KGv
INSERT INTO Users (usr_id,userName,password_digest) VALUES('1OijozDcuA', 'Cathleen', '$2b$10$.yeegph3MlA3anjlgdjY3u6zJbVZfoLb3QsgLgpQPijwXCj8OtlAu'); --eIjpglJS2d
INSERT INTO Users (usr_id,userName,password_digest) VALUES('ii7k37KfhH', 'Lorie', '$2b$10$z2DYPBrdrr9n7sqB1.RkFOzc.2NbyB5Ed0y85VIWBpo8Fq7otWFnu'); --EJVPxrOeBQ
INSERT INTO Users (usr_id,userName,password_digest) VALUES('JthoLLSwz', 'Chun', '$2b$10$Z9ODxKiG7s.5bNBmh.bucOdukDHOz005cCrbt2bxww2uuvRvdCJuO'); --3cx7aZSro1
INSERT INTO Users (usr_id,userName,password_digest) VALUES('lcSMkpgTXc', 'Maria', '$2b$10$epIt8R7JPPYZ1cHNkn0UD.zi0koBxZG3alZLYCJNTbR4ZTb5oL7I.'); --kaA2onNuaB
INSERT INTO Users (usr_id,userName,password_digest) VALUES('t2uvSTlPQ', 'Boydh', '$2b$10$qvoQAsx76lfw8IkT.lFrP.eZnh/HFIJgcmgxx3VowbLwQTkZK1cw6'); --NbMhkYqRpU
INSERT INTO Users (usr_id,userName,password_digest) VALUES('j1Vcg8d_z0', 'Nina', '$2b$10$iJIQ/o8mPoYRElNYGPiKpeYK7N0r36FcCjcTsCNLqnsQftQYijNsG'); --DRa03592CX
INSERT INTO Users (usr_id,userName,password_digest) VALUES('dBDEYrZbxP', 'Ivan', '$2b$10$2uyJCZk6k3/JqXEBocxjt.wT4mTF2e7GcpFUlZ9Ky5xiCSsS8RbRm'); --BGNenCnyVk
INSERT INTO Users (usr_id,userName,password_digest) VALUES('QzDDtr0qL9', 'Nicky', '$2b$10$Wa.4JnB5bgnObuLkGbzcoegGtoZiQbXdXBpXGYWhQC2f2LTkUcoWy'); --ClDY9LLEO4
INSERT INTO Users (usr_id,userName,password_digest) VALUES('YVWGy9xmYn', 'Cletus', '$2b$10$zHVWtZ7.O3y2IUq1K/aHCO4xkku4i1UBqWHXPux/uVPc5OUjSRsza'); --WM0xfFcpZo
INSERT INTO Users (usr_id,userName,password_digest) VALUES('vaphwZAzpj', 'Joeann', '$2b$10$/3z3KGbLDR5bsqb6SIdm..LXOLfAaKWl058ByFTRwA7vtFIX/55rK'); --oh750BCn2X
INSERT INTO Users (usr_id,userName,password_digest) VALUES('XoBAl4RsbO', 'Wallace', '$2b$10$glq3dZdv1LyQQAuu6mOG1umm3z6DSAZWiucWI0kGu8rDC/04dVKJW'); --vPJDrd0Wje
INSERT INTO Users (usr_id,userName,password_digest) VALUES('dF6r_qosrh', 'Molly', '$2b$10$RpdYU8laVUvyf7h/FFPHs.5oM0kXn0fWFatunvZ5M3x3AX8Q6gbOa'); --eWQQPP423T
INSERT INTO Users (usr_id,userName,password_digest) VALUES('6p_wavr8Rw', 'Dorla', '$2b$10$t8FqOKXeA.tv/MYmNYXFb.uXU.PL48ROBS2N6PU5QClLIlXcaH.8e'); --xhxKfFWzm2
INSERT INTO Users (usr_id,userName,password_digest) VALUES('BKJ0pbXZ3d', 'Elvin', '$2b$10$3ViydiUrSdi5ykQligPuVel1KYuXfnFMBVvoXo636dPG.tWiKJlb2'); --t9mPXvlPQZ
INSERT INTO Users (usr_id,userName,password_digest) VALUES('nI8m8uwVwp', 'Enoch', '$2b$10$.G5hHCmlFDwkCCOx0l5PrOuNZP0X6idbg28G5SM5L8TRnXfwwvPs2'); --YJpiVfO058

--riders
INSERT INTO Users (usr_id,userName,password_digest) VALUES('FJlGy8yKsR', 'Shirley', '$2b$10$DadfX3XUT1PeKJ/C706jbeOE.zA.tt3tXYDmmCAhqOHjbdEI3zwDa');--123456
INSERT INTO Users (usr_id,userName,password_digest) VALUES('TgYG4Z7NIq', 'Luetta', '$2b$10$ooRSCo8IqVhoOYBClMsOS.I/qFrh9Yt2298ZgPVkFohVRt8F9RDWi');--12345678
INSERT INTO Users (usr_id,userName,password_digest) VALUES('KsK1EzaX6', 'Casey', '$2b$10$VOdTaFrVDqPl3da7CnGn8OIhgsGyvSYRk5D2Z7HE9ke/unqJd2PT6');--qwerty
INSERT INTO Users (usr_id,userName,password_digest) VALUES('JY5MXf4LND', 'Marvin', '$2b$10$t9RdPt5Shd2RFUu5lKs5tus4j0KT16Z4nxWsIZYCHcANDu60ZvfbW');--password
INSERT INTO Users (usr_id,userName,password_digest) VALUES('NdyRUmCo4X', 'Lashay', '$2b$10$qeojSpxT3.0yIsDZbIulUup8jYjpDPzRDsGqtNDlD.8jzNJFZKiGy');--111111
INSERT INTO Users (usr_id,userName,password_digest) VALUES('uInb6i1ksz', 'Kendal', '$2b$10$DFobNJlPtRHslLqtH5l3fu3nGs5.W3f5G5CrbKqwxOM0T0wS.kLLa');--666666
INSERT INTO Users (usr_id,userName,password_digest) VALUES('zG4NywKiIe', 'Alvaro', '$2b$10$vqbySCSSvC0Xwo8d9S3N8e8RYIybVSLX3lKA7n0Hv3OUFhJxYfKQO'); --888888
INSERT INTO Users (usr_id,userName,password_digest) VALUES('mjtMev9b2J', 'Dick', '$2b$10$v1//wIA/3XNadQPNNGf9l.ewlnaonN.nyPJUV3jrQ9ixukcFDwdbm'); --fA52ZC4odr
INSERT INTO Users (usr_id,userName,password_digest) VALUES('gIj7uieS31', 'Tod', '$2b$10$jZcJP.mVv2HAbsxH65bE2eHLwn/TZofo5HdLKFSmIJlKgmH5oB7Me'); --D4jYlsbma7
INSERT INTO Users (usr_id,userName,password_digest) VALUES('1JZHVCXAOm', 'Alva', '$2b$10$6cymlRbsTBKmNMRhhpWqPux5XpVmq790dwA6aLeDx0nzBvJir5LIi'); --yhaSf7kpcw
INSERT INTO Users (usr_id,userName,password_digest) VALUES('g1CcAB-fKQ', 'Jarrod', '$2b$10$MI59cpUeLP9i/afwzA1laO443odFx7LlA8JSaeGoDudJv.XsSi9qy'); --w1pEHZBP7X
INSERT INTO Users (usr_id,userName,password_digest) VALUES('GqHI0NgUlx', 'Ahmehd', '$2b$10$A24uZqIe1ABGDXR5jUOT6uDPLTzjtcQW8xT5tkBCDEDBItAa5qL6O'); --F7Dp200ukr
INSERT INTO Users (usr_id,userName,password_digest) VALUES('XiZbUmEEOJ', 'Sherill', '$2b$10$eRbzf6E.rYEfiwSsHLDUT.ExwYBPrhWIciqXS4GZgLyd52gU/st8.'); --nijMVoaGkE
INSERT INTO Users (usr_id,userName,password_digest) VALUES('u2ovi2tYNo', 'Ricarda', '$2b$10$M4D/rqZtjuQ3PhmPu870ieO921G7Bp1Z.iP8TMNsCv73na2lC5sIO'); --W5fa9cxafe
INSERT INTO Users (usr_id,userName,password_digest) VALUES('PDuAFMmgRi', 'Landon', '$2b$10$W6LjU2xeDoG.CoKNZnhNzujyE99AIFueq13zvC11IgdW3fL.PJhaq'); --DSeShj6SRX
INSERT INTO Users (usr_id,userName,password_digest) VALUES('6DJSOQWCYE', 'Jackelyn', '$2b$10$Loygn4CK.qCFVVgLUi3ahe7.BPSVCWR9vymlbMcIfGOxtUy4un.Bm'); --r1VgjF9oZY
INSERT INTO Users (usr_id,userName,password_digest) VALUES('iziEmvtBA', 'Sanda', '$2b$10$EW3R3dk.4Be8Q1Va0ynS3OeHtIdRAcCcNWdVwyJ5VQ333Lp5LM3va'); --JU3ya8OqFi
INSERT INTO Users (usr_id,userName,password_digest) VALUES('VOusDnTrGj', 'Jan', '$2b$10$yQPMN3Fg7Kx8Son7ebxGY.TsxsAm9NMvN3yPW69J6R2w2US3TTVwC'); --Dc1pKn6eFm
INSERT INTO Users (usr_id,userName,password_digest) VALUES('jM2AkqIXTt', 'Ludivina', '$2b$10$UziBe6T7e0S6cltAUXtEvOvTwb/W.O27Lt/aXU2ms5ZaGtBaoLwAu'); --rAFC8bGJSQ
INSERT INTO Users (usr_id,userName,password_digest) VALUES('OoxTu2yVgB', 'Bernita', '$2b$10$oMiHY2D0quHhfvzAqmBe/OhcNv5Zoy5SAEBPDLhBls9/8yKpT5ANy'); --6AUmEVH8rn
INSERT INTO Users (usr_id,userName,password_digest) VALUES('9AKX_g3HLI', 'Cassaundra', '$2b$10$WRSmh03RmxR2xiEt4kz/fOhUKHyBHK0vS091yxInE463VdmylbEL6'); --20V9vLe5Aa
INSERT INTO Users (usr_id,userName,password_digest) VALUES('GDEKyfBX2n', 'Bryce', '$2b$10$MlYokI2SwHG.PgwSUywBBOpUbfw.B3K94zBFIa7HKIiAJiszi/Nbu'); --ZP1q655sJu
INSERT INTO Users (usr_id,userName,password_digest) VALUES('1m8gqm68RT', 'Kendall', '$2b$10$vXIUICDFfOV/D4YwkFH2yuGAoRAIhKjsSxqSinPhUjZ/G//LZquHi'); --vqyBs4wJ1c
INSERT INTO Users (usr_id,userName,password_digest) VALUES('QTBFUUAtkQ', 'Melynda', '$2b$10$Av1h4TEPhnOtHI8.rvdXgeumJefRSHI29dyEuMVK5OqUNoDoWz0IC'); --5jizaArecF
INSERT INTO Users (usr_id,userName,password_digest) VALUES('kft5sEPPfY', 'Leo', '$2b$10$8uRtKU.2ZBqdRD6BtcmM1.TNq3qc9YYZLuz/0OA1IgpigS4qaht6.'); --vNzalktKAG
INSERT INTO Users (usr_id,userName,password_digest) VALUES('DmbBGwkICv', 'Xavier', '$2b$10$3.ew8P8rZSOx3y801HEJ8O5ANHEGcxG1WahLuFTYm/sArO1wzdg2e'); --x2yLwAfGsk
INSERT INTO Users (usr_id,userName,password_digest) VALUES('4SGV6IVoJe', 'Jackeline', '$2b$10$BmIAg8UUJ5LB9n4FQQwE1e.x72Awddv5rztrYB92DUemFGW2T640e'); --rv6p0Dpitw
INSERT INTO Users (usr_id,userName,password_digest) VALUES('YbbWUGXoed', 'Josue', '$2b$10$5T6A29RUBMuiu.SX.fp6wO1onRT0pfjoruiERlYP62KSVXV9SV9iK'); --IHHLfz6Aus
INSERT INTO Users (usr_id,userName,password_digest) VALUES('3OkiKAnqj', 'Tory', '$2b$10$yffcf8Tw5NH/mjr.F46sl.271nlp1qt0fz/3g2dWDvinUOtRvdJvq'); --CbX5JUBkDe
INSERT INTO Users (usr_id,userName,password_digest) VALUES('wLYHFO52JC', 'Erin', '$2b$10$G0uOae3GDWLBkt6nmpKPuO0BQ0yDXNABnUnL7ARV6s6/AGuTT/f7q'); --L8Jbwe6MRm
INSERT INTO Users (usr_id,userName,password_digest) VALUES('5zd8j6ysQv', 'Mireille', '$2b$10$YZTNmszZGRUCUi.XN3xrr.KZ0/bua37AsDMjOhf28XoQjuIX5VcRW'); --mccsUxkHgO
INSERT INTO Users (usr_id,userName,password_digest) VALUES('xtoWTyt1Yh', 'Sharice', '$2b$10$DglEy5gHACsFDc5xyUYhd.KkbQoyMG0FTf5205a0PmcNp.Am1W1RG'); --Mq7n9psUa0
INSERT INTO Users (usr_id,userName,password_digest) VALUES('4eDkcV8i8k', 'Joey', '$2b$10$Q7au77Q7wIrG2KDZBM7IMOflo81uhgxS7i/66ujyPrGAq.wLBRl4.'); --f9CtsRJbYa
INSERT INTO Users (usr_id,userName,password_digest) VALUES('zuXoi6HRKy', 'Evita', '$2b$10$1GyV06oG3cUByQupiDSLqOpxlZxfUBRNn3PPiRtgJvuSY8rFpvwhC'); --WyLcmANkRE
INSERT INTO Users (usr_id,userName,password_digest) VALUES('CrKtHU1XDE', 'Julius', '$2b$10$MVV2lRjhD4U36KWwouMpGOLUxfedxE0wxOLBzJ04mIvuHwYDSSZPS'); --JGyrl7YAdb
INSERT INTO Users (usr_id,userName,password_digest) VALUES('D7SW7fT5E3', 'Suzanna', '$2b$10$H8xCxYUglWNGfQOZoQIsHOs/6Q/pmV/FYuLM9yQPHj17MtGWz0mLC'); --uKxjbgh11J
INSERT INTO Users (usr_id,userName,password_digest) VALUES('v3JTHsQndX', 'Sheena', '$2b$10$v3GWqaE4PUwqIQGpprleVOOg76Jovoz4NqzbkC73kdZBMRmyTJMGa'); --HSRMkb5Vkv
INSERT INTO Users (usr_id,userName,password_digest) VALUES('bXm9Ufgimd', 'Tommy', '$2b$10$JP2L2WiZ/W0DoQ5.cdh3UursAXwGfXAZaMxaJOXdO8BghpYxSTzL.'); --V4Q3hLNY4D
INSERT INTO Users (usr_id,userName,password_digest) VALUES('lPUW8aUwur', 'Cleo', '$2b$10$qvM6b/DJFHFIWng9BkP3WO7TX3A3akM/ngs.VTLthPdbIYxiTJ1Em'); --9KFr065dwt
INSERT INTO Users (usr_id,userName,password_digest) VALUES('EmyGZnqoa_', 'Oliver', '$2b$10$f/sjGstNbtTWeyFKIILkBuFjaAhIKGaktzeTvOwNEdhewQpUAeUZa'); --yzJalyvZsL
INSERT INTO Users (usr_id,userName,password_digest) VALUES('SZbkeax9f', 'Velvet', '$2b$10$Tf0JBdlWE3LVbTnHnLo4xu4Rkyn8OVricd2rbYqWIAQ6fE.otkjMO'); --pb7a3VroxG
INSERT INTO Users (usr_id,userName,password_digest) VALUES('6DCRWibjvS', 'Loris', '$2b$10$51h9.VPga0HQRDZ/17yD1..v7XWgCXwGKzLqDdlkQDFnkUOOEDVly'); --k7699niFNm
INSERT INTO Users (usr_id,userName,password_digest) VALUES('Ta5tsU0vBA', 'Marylin', '$2b$10$m9JXRr0tzl3RvHy0HeaDV.KRfW17QfIM.7InW12iIU.w82O8K24ty'); --AfN5NDR5lo
INSERT INTO Users (usr_id,userName,password_digest) VALUES('s3SgHuuQ_l', 'Jc', '$2b$10$ydwpGh0ystoX5Hj9KRUqzOLjpqOlED3r7hD/IIioSwQibeGm6Y4fK'); --FP87jof8J7
INSERT INTO Users (usr_id,userName,password_digest) VALUES('Q-oQOZL5nV', 'Ligia', '$2b$10$RpSC65ojcG3KsIyFuJAQLuKKnk8TDQRYNW4RIk9oEe3cV3EjP17u6'); --sOVgXR9rHd
INSERT INTO Users (usr_id,userName,password_digest) VALUES('wx6pB3szeu', 'Seymour', '$2b$10$ZSSm4qYtszV.3eObBp1oPOGvAdoaolNR4ao0HiD/gzo0EAXJk0SKK'); --90LNP4knl3
INSERT INTO Users (usr_id,userName,password_digest) VALUES('XCIscvzR-H', 'Wyatt', '$2b$10$hwEyywHigQ.KHWAFt5lIqe3fjt60a3Bs10fagEJJUbs8aEgioFeQ2'); --xPPyGZiefB
INSERT INTO Users (usr_id,userName,password_digest) VALUES('mrIK5e3A-4', 'Brittaney', '$2b$10$oP8uWUaVGLR4eeenoaTtjO9Ia06JTPHkApzBurGF4XDQxSEWfujky'); --xCnafpOeg9
INSERT INTO Users (usr_id,userName,password_digest) VALUES('GWwnEfu3nC', 'Lenny', '$2b$10$63D7uqoKCO1oSvsHqT1MS.cE7wyKux/rtVEMuv1FGqdwuDG7XVwn2'); --TOv0TEMRYK
INSERT INTO Users (usr_id,userName,password_digest) VALUES('AmcgucKoDC', 'Marilyn', '$2b$10$sy4vrZPmcx9qvxHTBFJGf.KLADndVm34mjszVvosus7UH4rtlNMpO'); --BPk5yotz7u
INSERT INTO Users (usr_id,userName,password_digest) VALUES('GMHtneWRAn', 'Millard', '$2b$10$Zcc7e8QCvUaJD.ZAfjHZZeKfY/BHyY9/iUF5EvPxgoMiihzpb9QEC'); --p8le1gWGBZ

INSERT INTO FdsManagers(usr_id) VALUES ('ube2138d2');
INSERT INTO RestaurantStaffs (usr_id,res_id, is_manager) VALUES ('yALo31p66',1, true);
INSERT INTO RestaurantStaffs (usr_id,res_id, is_manager) VALUES ('Nz3YRCJ93',2, true);
INSERT INTO RestaurantStaffs (usr_id,res_id, is_manager) VALUES ('0PaYyGYa2',3, true);
INSERT INTO RestaurantStaffs (usr_id,res_id, is_manager) VALUES ('OAjkAEpS8',4, true);
INSERT INTO RestaurantStaffs (usr_id,res_id, is_manager) VALUES ('3MYG321cc',5, true);
INSERT INTO RestaurantStaffs (usr_id,res_id, is_manager) VALUES ('A0mvq4Jdb',6, true);
INSERT INTO RestaurantStaffs (usr_id,res_id, is_manager) VALUES ('XvoLkpZTE',7, true);
INSERT INTO RestaurantStaffs (usr_id,res_id, is_manager) VALUES ('U2Y-UiaAU',8, true);
INSERT INTO RestaurantStaffs (usr_id,res_id, is_manager) VALUES ('z-ww0VLXW',9, true);
INSERT INTO RestaurantStaffs (usr_id,res_id, is_manager) VALUES ('SIhwuQimT',10, true);
INSERT INTO RestaurantStaffs (usr_id,res_id, is_manager) VALUES ('DZl6N_NI-',11, true);
INSERT INTO RestaurantStaffs (usr_id,res_id, is_manager) VALUES ('K-esPxKfI',12, true);
INSERT INTO RestaurantStaffs (usr_id,res_id, is_manager) VALUES ('1vxeFtHDq',13, true);
INSERT INTO RestaurantStaffs (usr_id,res_id, is_manager) VALUES ('1jeIENcIq',14, true);
INSERT INTO RestaurantStaffs (usr_id,res_id, is_manager) VALUES ('q4fkZuaeY',15, true);
INSERT INTO RestaurantStaffs (usr_id,res_id, is_manager) VALUES ('N4ZVZepiv',16, true);
INSERT INTO RestaurantStaffs (usr_id,res_id, is_manager) VALUES ('UbykC5kJb',17, true);
INSERT INTO RestaurantStaffs (usr_id,res_id, is_manager) VALUES ('8lFLwKHQJ',18, true);
INSERT INTO RestaurantStaffs (usr_id,res_id, is_manager) VALUES ('A-QIXqLbR',19, true);
INSERT INTO RestaurantStaffs (usr_id,res_id, is_manager) VALUES ('Y3LkEpy3O',20, true);
INSERT INTO RestaurantStaffs (usr_id,res_id, is_manager) VALUES ('0Y6nTaae0',21, true);
INSERT INTO RestaurantStaffs (usr_id,res_id, is_manager) VALUES ('z5Y9yaIpm',22, true);
INSERT INTO RestaurantStaffs (usr_id,res_id, is_manager) VALUES ('FH64TyCI3',23, true);
INSERT INTO RestaurantStaffs (usr_id,res_id, is_manager) VALUES ('zIWCOpEi6',24, true);
INSERT INTO RestaurantStaffs (usr_id,res_id, is_manager) VALUES ('JHIkSJ-Wu',25, true);
INSERT INTO RestaurantStaffs (usr_id,res_id, is_manager) VALUES ('xmRyo3u1Z',26, true);
INSERT INTO RestaurantStaffs (usr_id,res_id, is_manager) VALUES ('BLRBtUyde',27, true);
INSERT INTO RestaurantStaffs (usr_id,res_id, is_manager) VALUES ('FSoVvkj7z',28, true);
INSERT INTO RestaurantStaffs (usr_id,res_id, is_manager) VALUES ('tvvOP2V68',29, true);
INSERT INTO RestaurantStaffs (usr_id,res_id, is_manager) VALUES ('9GDYvJRtO',30, true);
INSERT INTO RestaurantStaffs (usr_id,res_id, is_manager) VALUES ('8xV_yMuJD',31, true);
INSERT INTO RestaurantStaffs (usr_id,res_id, is_manager) VALUES ('C5nN3AROh',32, true);
INSERT INTO RestaurantStaffs (usr_id,res_id, is_manager) VALUES ('WnkhwEg25',33, true);
INSERT INTO RestaurantStaffs (usr_id,res_id, is_manager) VALUES ('bX8LkJr1u',34, true);
INSERT INTO RestaurantStaffs (usr_id,res_id, is_manager) VALUES ('_TzCcSgcj',35, true);
INSERT INTO RestaurantStaffs (usr_id,res_id, is_manager) VALUES ('k1VOetgPF',36, true);
INSERT INTO RestaurantStaffs (usr_id,res_id, is_manager) VALUES ('Koog_RDPz',37, true);
INSERT INTO RestaurantStaffs (usr_id,res_id, is_manager) VALUES ('mvEjqiS6H',38, true);
INSERT INTO RestaurantStaffs (usr_id,res_id, is_manager) VALUES ('BNHLWB6Xw',39, true);
INSERT INTO RestaurantStaffs (usr_id,res_id, is_manager) VALUES ('-1F-8t-nS',40, true);
INSERT INTO RestaurantStaffs (usr_id,res_id, is_manager) VALUES ('EUrqx6Jct',41, true);
INSERT INTO RestaurantStaffs (usr_id,res_id, is_manager) VALUES ('s5lEKxH3Y',42, true);
INSERT INTO RestaurantStaffs (usr_id,res_id, is_manager) VALUES ('Ln2OI6rJR',43, true);
INSERT INTO RestaurantStaffs (usr_id,res_id, is_manager) VALUES ('LyxswPIwg',44, true);
INSERT INTO RestaurantStaffs (usr_id,res_id, is_manager) VALUES ('0wO5ZU3Xt',45, true);
INSERT INTO RestaurantStaffs (usr_id,res_id, is_manager) VALUES ('P0PrOyqy10',46, true);
INSERT INTO RestaurantStaffs (usr_id,res_id, is_manager) VALUES ('r9LUbfxcmE',47, true);
INSERT INTO RestaurantStaffs (usr_id,res_id, is_manager) VALUES ('MePufGYSG8',48, true);
INSERT INTO RestaurantStaffs (usr_id,res_id, is_manager) VALUES ('Nx66OXKy2X',49, true);
INSERT INTO RestaurantStaffs (usr_id,res_id, is_manager) VALUES ('2R-iaSVA89',50, true);

insert into Customers (usr_id, card_num,last_order_time) values ('qnXAuDyjP9', 140695360,'2020-02-05 12:55:02');
insert into Customers (usr_id, card_num) values ('nVXaMH1wsq', 734165395);
insert into Customers (usr_id, card_num) values ('3fbloaV8Qv', 116520986);
insert into Customers (usr_id, card_num) values ('d8BmgbWqUb', 409119476);
insert into Customers (usr_id, card_num) values ('5o87B2dpeR', 151481351);
insert into Customers (usr_id, card_num) values ('ifGzY2qUam', 915796242);
insert into Customers (usr_id, card_num) values ('iMFHUy09Dt', 357587146);
insert into Customers (usr_id, card_num) values ('WTHhF2EGQ', 299982827);
insert into Customers (usr_id, card_num) values ('2UEjTo676_', 795124923);
insert into Customers (usr_id, card_num, last_order_time) values ('WVOJ1iOHyw', 308037070, '2019-10-29 11:03:18');
insert into Customers (usr_id, card_num, last_order_time) values ('uxiYPnAqxS', 373258906, '2019-09-30 20:28:51');
insert into Customers (usr_id, card_num, last_order_time) values ('SOGsOwONK5', 126664184, '2020-03-27 21:51:19');
insert into Customers (usr_id, card_num, last_order_time) values ('oimb4kFIlr', 673961592, '2020-02-05 12:55:02');
insert into Customers (usr_id, card_num, last_order_time) values ('x-C1BB-EoH', 757591688, '2019-10-09 14:51:27');
insert into Customers (usr_id, card_num, last_order_time) values ('3PnARfg_2Z', 624379598, '2019-04-04 15:37:31');
insert into Customers (usr_id, card_num, last_order_time) values ('QQGqRT2foI', 474341488, '2019-11-21 12:24:24');
insert into Customers (usr_id, card_num, last_order_time) values ('qx95t-0h-9', 565229145, '2019-08-09 17:14:17');
insert into Customers (usr_id, card_num, last_order_time) values ('Y4HmY6Eu2E', 823411193, '2019-06-20 21:05:05');
insert into Customers (usr_id, card_num, last_order_time) values ('bizhHWkw7P', 300982501, '2019-04-26 14:26:50');
insert into Customers (usr_id, card_num, last_order_time) values ('em1a-Oh1Bq', 669657372, '2019-08-04 20:58:48');
insert into Customers (usr_id, card_num, last_order_time) values ('EiMuMqHo5J', 203458519, '2019-10-11 16:08:58');
insert into Customers (usr_id, card_num, last_order_time) values ('9GCZcmWw5', 552087491, '2019-11-27 17:24:12');
insert into Customers (usr_id, card_num, last_order_time) values ('bQevjTwl6q', 718798499, '2020-01-28 18:44:16');
insert into Customers (usr_id, card_num, last_order_time) values ('XVCDN8Uq4l', 748275216, '2020-02-08 19:51:42');
insert into Customers (usr_id, card_num, last_order_time) values ('ik4E1w0YXE', 266021686, '2019-12-17 18:18:04');
insert into Customers (usr_id, card_num, last_order_time) values ('WJgGwbEmZH', 839153028, '2020-01-30 22:04:59');
insert into Customers (usr_id, card_num, last_order_time) values ('2hMyWtlK7M', 850111778, '2019-11-21 13:09:40');
insert into Customers (usr_id, card_num, last_order_time) values ('wzS_LlETDm', 635200102, '2019-12-24 15:03:26');
insert into Customers (usr_id, card_num, last_order_time) values ('1sUNGJqf6d', 715952948, '2020-03-19 14:54:05');
insert into Customers (usr_id, card_num, last_order_time) values ('0wWQW9d9PO', 970353793, '2020-02-09 14:22:58');
insert into Customers (usr_id, card_num, last_order_time) values ('2oCt6j9x1M', 275334993, '2020-03-09 11:21:33');
insert into Customers (usr_id, card_num, last_order_time) values ('oBbHa2qLDk', 482449558, '2019-08-15 11:40:18');
insert into Customers (usr_id, card_num, last_order_time) values ('E2hZ7b7soT', 950678860, '2020-03-17 22:04:06');
insert into Customers (usr_id, card_num, last_order_time) values ('Bo-7Avvp7R', 944400216, '2019-11-17 17:08:06');
insert into Customers (usr_id, card_num, last_order_time) values ('1OijozDcuA', 611683640, '2019-05-28 19:09:56');
insert into Customers (usr_id, card_num, last_order_time) values ('ii7k37KfhH', 604324613, '2019-05-31 23:44:04');
insert into Customers (usr_id, card_num, last_order_time) values ('JthoLLSwz', 290678512, '2020-02-04 18:53:33');
insert into Customers (usr_id, card_num, last_order_time) values ('lcSMkpgTXc', 252981391, '2019-12-17 22:08:06');
insert into Customers (usr_id, card_num, last_order_time) values ('t2uvSTlPQ', 164569793, '2019-12-13 19:58:40');
insert into Customers (usr_id, card_num, last_order_time) values ('j1Vcg8d_z0', 937591459, '2019-09-11 15:34:46');
insert into Customers (usr_id, card_num, last_order_time) values ('dBDEYrZbxP', 656383952, '2019-08-13 14:08:28');
insert into Customers (usr_id, card_num, last_order_time) values ('QzDDtr0qL9', 198236282, '2019-06-09 17:32:49');
insert into Customers (usr_id, card_num, last_order_time) values ('YVWGy9xmYn', 738002430, '2020-02-28 10:58:05');
insert into Customers (usr_id, card_num, last_order_time) values ('vaphwZAzpj', 128352311, '2019-07-20 17:41:11');
insert into Customers (usr_id, card_num, last_order_time) values ('XoBAl4RsbO', 845709092, '2019-08-14 12:50:35');
insert into Customers (usr_id, card_num, last_order_time) values ('dF6r_qosrh', 277618721, '2019-12-07 12:21:28');
insert into Customers (usr_id, card_num, last_order_time) values ('6p_wavr8Rw', 776140417, '2020-03-06 21:29:47');
insert into Customers (usr_id, card_num, last_order_time) values ('BKJ0pbXZ3d', 576550506, '2020-02-17 12:16:19');
insert into Customers (usr_id, card_num, last_order_time) values ('nI8m8uwVwp', 443900062, '2019-04-23 13:12:29');

--Customer address
insert into Customers_address (usr_id, address, last_use_time) values ('qnXAuDyjP9', '17 Ridge Oak Alley', '2020-02-02 18:52:25');
insert into Customers_address (usr_id, address, last_use_time) values ('qnXAuDyjP9', '0 Boyd Terrace', '2020-03-26 22:58:41');
insert into Customers_address (usr_id, address, last_use_time) values ('qnXAuDyjP9', '9409 Spohn Drive', '2019-11-25 15:01:05');
insert into Customers_address (usr_id, address, last_use_time) values ('qnXAuDyjP9', '5983 Pine View Junction', '2019-12-27 05:27:43');
insert into Customers_address (usr_id, address, last_use_time) values ('qnXAuDyjP9', '74 Roxbury Park', '2020-02-12 14:31:33');
insert into Customers_address (usr_id, address, last_use_time) values ('6p_wavr8Rw', '996 Tony Road', '2020-03-17 01:37:54');
insert into Customers_address (usr_id, address, last_use_time) values ('6p_wavr8Rw', '7603 Gerald Avenue', '2019-08-28 08:08:53');
insert into Customers_address (usr_id, address, last_use_time) values ('6p_wavr8Rw', '36065 Vermont Park', '2019-10-16 08:10:42');
insert into Customers_address (usr_id, address, last_use_time) values ('6p_wavr8Rw', '1884 Nelson Center', '2019-09-02 09:03:06');
insert into Customers_address (usr_id, address, last_use_time) values ('dF6r_qosrh', '8872 Manufacturers Street', '2019-10-09 13:19:23');
insert into Customers_address (usr_id, address, last_use_time) values ('dF6r_qosrh', '2675 Village Junction', '2020-03-21 13:51:45');
insert into Customers_address (usr_id, address, last_use_time) values ('dF6r_qosrh', '376 Sunbrook Court', '2019-10-29 03:41:30');
insert into Customers_address (usr_id, address, last_use_time) values ('dF6r_qosrh', '5 Spenser Circle', '2019-06-29 22:24:44');
insert into Customers_address (usr_id, address, last_use_time) values ('dF6r_qosrh', '063 Pond Place', '2019-11-25 17:04:50');
insert into Customers_address (usr_id, address, last_use_time) values ('XoBAl4RsbO', '2 Oxford Street', '2019-11-20 01:46:20');
insert into Customers_address (usr_id, address, last_use_time) values ('XoBAl4RsbO', '44342 Granby Park','2019-11-07 20:35:48');
insert into Customers_address (usr_id, address, last_use_time) values ('XoBAl4RsbO', '7019 Katie Court', '2019-03-31 11:49:27');
insert into Customers_address (usr_id, address, last_use_time) values ('vaphwZAzpj', '94597 Corry Alley', '2019-06-28 20:42:50');
insert into Customers_address (usr_id, address, last_use_time) values ('vaphwZAzpj', '68545 Bonner Junction', '2019-11-25 19:22:11');
insert into Customers_address (usr_id, address, last_use_time) values ('vaphwZAzpj', '8586 Riverside Street', '2020-02-24 15:11:00');
insert into Customers_address (usr_id, address, last_use_time) values ('vaphwZAzpj', '94872 Mosinee Place', '2019-11-27 06:32:20');
insert into Customers_address (usr_id, address, last_use_time) values ('YVWGy9xmYn', '16858 Scott Alley', '2020-03-23 14:05:46');
insert into Customers_address (usr_id, address, last_use_time) values ('YVWGy9xmYn', '64 Bobwhite Circle', '2019-04-02 20:53:48');
insert into Customers_address (usr_id, address, last_use_time) values ('YVWGy9xmYn', '552 Sullivan Terrace','2019-10-27 00:00:59');
insert into Customers_address (usr_id, address, last_use_time) values ('QzDDtr0qL9', '28 Erie Parkway', '2019-12-13 05:32:10');
insert into Customers_address (usr_id, address, last_use_time) values ('dBDEYrZbxP', '9455 Farmco Circle', '2019-10-19 07:10:21');
insert into Customers_address (usr_id, address, last_use_time) values ('dBDEYrZbxP', '7733 Sycamore Terrace', '2019-12-06 18:26:44');
insert into Customers_address (usr_id, address, last_use_time) values ('dBDEYrZbxP', '21672 Onsgard Place', '2020-01-29 19:42:26');
insert into Customers_address (usr_id, address, last_use_time) values ('dBDEYrZbxP', '4 Badeau Crossing', '2019-10-03 15:21:55');
insert into Customers_address (usr_id, address, last_use_time) values ('dBDEYrZbxP', '71698 Donald Way', '2019-04-15 12:34:23');
insert into Customers_address (usr_id, address, last_use_time) values ('j1Vcg8d_z0', '2075 Chive Crossing', '2019-05-11 21:33:08');
insert into Customers_address (usr_id, address, last_use_time) values ('j1Vcg8d_z0', '28099 Reinke Parkway', '2019-05-08 02:13:08');
insert into Customers_address (usr_id, address, last_use_time) values ('j1Vcg8d_z0', '97846 Jenifer Junction', '2020-02-06 15:46:25');
insert into Customers_address (usr_id, address, last_use_time) values ('lcSMkpgTXc', '68102 Dwight Terrace', '2019-05-27 09:02:34');
insert into Customers_address (usr_id, address, last_use_time) values ('lcSMkpgTXc', '46604 Drewry Trail', '2020-03-13 12:50:36');
insert into Customers_address (usr_id, address, last_use_time) values ('1OijozDcuA', '35 Londonderry Terrace', '2020-01-03 21:42:30');
insert into Customers_address (usr_id, address, last_use_time) values ('1OijozDcuA', '62136 Harbort Point', '2020-02-27 10:33:24');
insert into Customers_address (usr_id, address, last_use_time) values ('1OijozDcuA', '6186 Westport Crossing', '2019-10-18 18:20:23');
insert into Customers_address (usr_id, address, last_use_time) values ('0wWQW9d9PO', '521 Starling Parkway', '2019-09-18 22:01:14');
insert into Customers_address (usr_id, address, last_use_time) values ('0wWQW9d9PO', '68584 Dakota Place', '2019-03-30 06:08:56');
insert into Customers_address (usr_id, address, last_use_time) values ('0wWQW9d9PO', '9 Arkansas Street', '2020-01-31 11:45:19');
insert into Customers_address (usr_id, address, last_use_time) values ('2hMyWtlK7M', '6408 Schlimgen Circle', '2019-08-02 20:36:58');
insert into Customers_address (usr_id, address, last_use_time) values ('2hMyWtlK7M', '78117 Utah Road', '2019-04-28 01:33:24');
insert into Customers_address (usr_id, address, last_use_time) values ('2hMyWtlK7M', '377 Summerview Court', '2020-03-27 10:05:49');
insert into Customers_address (usr_id, address, last_use_time) values ('bQevjTwl6q', '51 Bartillon Way', '2019-11-16 07:01:04');
insert into Customers_address (usr_id, address, last_use_time) values ('bQevjTwl6q', '37 Johnson Crossing', '2019-10-31 07:53:06');
insert into Customers_address (usr_id, address, last_use_time) values ('bQevjTwl6q', '7 Macpherson Pass', '2019-12-28 15:34:22');
insert into Customers_address (usr_id, address, last_use_time) values ('bQevjTwl6q', '714 Mifflin Way', '2019-04-14 09:23:17');
insert into Customers_address (usr_id, address, last_use_time) values ('bQevjTwl6q', '2781 Sunbrook Parkway', '2019-11-12 18:28:04');
insert into Customers_address (usr_id, address, last_use_time) values ('EiMuMqHo5J', '84450 Iowa Place', '2020-03-03 11:20:38');

--Riders
INSERT INTO Riders (usr_id) VALUES ('FJlGy8yKsR');
INSERT INTO Riders (usr_id) VALUES ('TgYG4Z7NIq');
INSERT INTO Riders (usr_id) VALUES ('KsK1EzaX6');
INSERT INTO Riders (usr_id) VALUES ('JY5MXf4LND');
INSERT INTO Riders (usr_id) VALUES ('NdyRUmCo4X');
INSERT INTO Riders (usr_id) VALUES ('uInb6i1ksz');
INSERT INTO Riders (usr_id) VALUES ('zG4NywKiIe');
INSERT INTO Riders (usr_id) VALUES ('mjtMev9b2J');
INSERT INTO Riders (usr_id) VALUES ('gIj7uieS31');
INSERT INTO Riders (usr_id) VALUES ('1JZHVCXAOm');
INSERT INTO Riders (usr_id) VALUES ('g1CcAB-fKQ');
INSERT INTO Riders (usr_id) VALUES ('GqHI0NgUlx');
INSERT INTO Riders (usr_id) VALUES ('XiZbUmEEOJ');
INSERT INTO Riders (usr_id) VALUES ('u2ovi2tYNo');
INSERT INTO Riders (usr_id) VALUES ('PDuAFMmgRi');
INSERT INTO Riders (usr_id) VALUES ('6DJSOQWCYE');
INSERT INTO Riders (usr_id) VALUES ('iziEmvtBA');
INSERT INTO Riders (usr_id) VALUES ('VOusDnTrGj');
INSERT INTO Riders (usr_id) VALUES ('jM2AkqIXTt');
INSERT INTO Riders (usr_id) VALUES ('OoxTu2yVgB');
INSERT INTO Riders (usr_id) VALUES ('9AKX_g3HLI');
INSERT INTO Riders (usr_id) VALUES ('GDEKyfBX2n');
INSERT INTO Riders (usr_id) VALUES ('1m8gqm68RT');
INSERT INTO Riders (usr_id) VALUES ('QTBFUUAtkQ');
INSERT INTO Riders (usr_id) VALUES ('kft5sEPPfY');
INSERT INTO Riders (usr_id) VALUES ('DmbBGwkICv');
INSERT INTO Riders (usr_id) VALUES ('4SGV6IVoJe');
INSERT INTO Riders (usr_id) VALUES ('YbbWUGXoed');
INSERT INTO Riders (usr_id) VALUES ('3OkiKAnqj');
INSERT INTO Riders (usr_id) VALUES ('wLYHFO52JC');
INSERT INTO Riders (usr_id) VALUES ('5zd8j6ysQv');
INSERT INTO Riders (usr_id) VALUES ('xtoWTyt1Yh');
INSERT INTO Riders (usr_id) VALUES ('4eDkcV8i8k');
INSERT INTO Riders (usr_id) VALUES ('zuXoi6HRKy');
INSERT INTO Riders (usr_id) VALUES ('CrKtHU1XDE');
INSERT INTO Riders (usr_id) VALUES ('D7SW7fT5E3');
INSERT INTO Riders (usr_id) VALUES ('v3JTHsQndX');
INSERT INTO Riders (usr_id) VALUES ('bXm9Ufgimd');
INSERT INTO Riders (usr_id) VALUES ('lPUW8aUwur');
INSERT INTO Riders (usr_id) VALUES ('EmyGZnqoa_');
INSERT INTO Riders (usr_id) VALUES ('SZbkeax9f');
INSERT INTO Riders (usr_id) VALUES ('6DCRWibjvS');
INSERT INTO Riders (usr_id) VALUES ('Ta5tsU0vBA');
INSERT INTO Riders (usr_id) VALUES ('s3SgHuuQ_l');
INSERT INTO Riders (usr_id) VALUES ('Q-oQOZL5nV');
INSERT INTO Riders (usr_id) VALUES ('wx6pB3szeu');
INSERT INTO Riders (usr_id) VALUES ('XCIscvzR-H');
INSERT INTO Riders (usr_id) VALUES ('mrIK5e3A-4');
INSERT INTO Riders (usr_id) VALUES ('GWwnEfu3nC');
INSERT INTO Riders (usr_id) VALUES ('AmcgucKoDC');
INSERT INTO Riders (usr_id) VALUES ('GMHtneWRAn');

insert into Fulltimerider (usr_id, base_salary) values ('FJlGy8yKsR', 2000);
insert into Fulltimerider (usr_id, base_salary) values ('TgYG4Z7NIq', 2000);
insert into Fulltimerider (usr_id, base_salary) values ('KsK1EzaX6', 2000);
insert into Fulltimerider (usr_id, base_salary) values ('JY5MXf4LND', 2000);
insert into Fulltimerider (usr_id, base_salary) values ('NdyRUmCo4X', 2000);
insert into Fulltimerider (usr_id, base_salary) values ('uInb6i1ksz', 2000);
insert into Fulltimerider (usr_id, base_salary) values ('zG4NywKiIe', 2000);
insert into Fulltimerider (usr_id, base_salary) values ('mjtMev9b2J', 2000);
insert into Fulltimerider (usr_id, base_salary) values ('gIj7uieS31', 2000);
insert into Fulltimerider (usr_id, base_salary) values ('1JZHVCXAOm', 2000);
insert into Fulltimerider (usr_id, base_salary) values ('g1CcAB-fKQ', 2000);
insert into Fulltimerider (usr_id, base_salary) values ('GqHI0NgUlx', 2000);
insert into Fulltimerider (usr_id, base_salary) values ('XiZbUmEEOJ', 2000);
insert into Fulltimerider (usr_id, base_salary) values ('u2ovi2tYNo', 2000);
insert into Fulltimerider (usr_id, base_salary) values ('PDuAFMmgRi', 2000);
insert into Fulltimerider (usr_id, base_salary) values ('6DJSOQWCYE', 2000);
insert into Fulltimerider (usr_id, base_salary) values ('iziEmvtBA', 2000);
insert into Fulltimerider (usr_id, base_salary) values ('VOusDnTrGj', 2000);
insert into Fulltimerider (usr_id, base_salary) values ('jM2AkqIXTt', 2000);
insert into Fulltimerider (usr_id, base_salary) values ('OoxTu2yVgB', 2000);
insert into Fulltimerider (usr_id, base_salary) values ('9AKX_g3HLI', 2000);
insert into Fulltimerider (usr_id, base_salary) values ('GDEKyfBX2n', 2000);
insert into Fulltimerider (usr_id, base_salary) values ('1m8gqm68RT', 2000);
insert into Fulltimerider (usr_id, base_salary) values ('QTBFUUAtkQ', 2000);
insert into Fulltimerider (usr_id, base_salary) values ('kft5sEPPfY', 2000);
insert into Fulltimerider (usr_id, base_salary) values ('DmbBGwkICv', 2000);

insert into Parttimerider (usr_id, base_salary) values ('4SGV6IVoJe', 1000);
insert into Parttimerider (usr_id, base_salary) values ('YbbWUGXoed', 1000);
insert into Parttimerider (usr_id, base_salary) values ('3OkiKAnqj', 1000);
insert into Parttimerider (usr_id, base_salary) values ('wLYHFO52JC', 1000);
insert into Parttimerider (usr_id, base_salary) values ('5zd8j6ysQv', 1000);
insert into Parttimerider (usr_id, base_salary) values ('xtoWTyt1Yh', 1000);
insert into Parttimerider (usr_id, base_salary) values ('4eDkcV8i8k', 1000);
insert into Parttimerider (usr_id, base_salary) values ('zuXoi6HRKy', 1000);
insert into Parttimerider (usr_id, base_salary) values ('CrKtHU1XDE', 1000);
insert into Parttimerider (usr_id, base_salary) values ('D7SW7fT5E3', 1000);
insert into Parttimerider (usr_id, base_salary) values ('v3JTHsQndX', 1000);
insert into Parttimerider (usr_id, base_salary) values ('bXm9Ufgimd', 1000);
insert into Parttimerider (usr_id, base_salary) values ('lPUW8aUwur', 1000);
insert into Parttimerider (usr_id, base_salary) values ('EmyGZnqoa_', 1000);
insert into Parttimerider (usr_id, base_salary) values ('SZbkeax9f', 1000);
insert into Parttimerider (usr_id, base_salary) values ('6DCRWibjvS', 1000);
insert into Parttimerider (usr_id, base_salary) values ('Ta5tsU0vBA', 1000);
insert into Parttimerider (usr_id, base_salary) values ('s3SgHuuQ_l', 1000);
insert into Parttimerider (usr_id, base_salary) values ('Q-oQOZL5nV', 1000);
insert into Parttimerider (usr_id, base_salary) values ('wx6pB3szeu', 1000);
insert into Parttimerider (usr_id, base_salary) values ('XCIscvzR-H', 1000);
insert into Parttimerider (usr_id, base_salary) values ('mrIK5e3A-4', 1000);
insert into Parttimerider (usr_id, base_salary) values ('GWwnEfu3nC', 1000);
insert into Parttimerider (usr_id, base_salary) values ('AmcgucKoDC', 1000);
insert into Parttimerider (usr_id, base_salary) values ('GMHtneWRAn', 1000);


INSERT INTO Orders (order_id,usr_id,res_id,payment,listOfItems,status, total) VALUES (0,'E2hZ7b7soT',5,'cash', ARRAY [['2', '2']],'pending', 45);
INSERT INTO Orders (order_id,usr_id,res_id,payment,listOfItems,status, total) VALUES (1,'E2hZ7b7soT',33,'cash', ARRAY [['9', '2']],'pending', 45);
INSERT INTO Orders (order_id,usr_id,res_id,payment,listOfItems,status,total) VALUES (2,'qnXAuDyjP9',5,'card',ARRAY [['51', '1'], ['62', '2'], ['61','5']],'complete',30);
INSERT INTO Orders (order_id,usr_id,res_id,payment,listOfItems,status,total) VALUES (3,'nI8m8uwVwp',1,'card',ARRAY [['14','1'], ['23','1']],'pending',10);
INSERT INTO Orders (order_id,usr_id,res_id,payment,listOfItems,status,total) VALUES (4,'BKJ0pbXZ3d',19,'card',ARRAY [['53','1']],'in progress', 20);
INSERT INTO Orders (order_id,usr_id,res_id,payment,listOfItems,status,total) VALUES (5,'qnXAuDyjP9',43,'cash',ARRAY [['22','1']],'complete', 19.80);
INSERT INTO Orders (order_id,usr_id,res_id,payment,listOfItems,status,total) VALUES (6,'XoBAl4RsbO',40,'card',ARRAY [['30','1']],'pending', 13.20);
INSERT INTO Orders (order_id,usr_id,res_id,payment,listOfItems,status,total) VALUES (7,'XoBAl4RsbO',40,'card',ARRAY [['48','1']],'pending', 13.20);
INSERT INTO Orders (order_id,usr_id,res_id,payment,listOfItems,status,total) VALUES (8,'vaphwZAzpj',36,'cash',ARRAY [['17','1']],'pending', 14.10);
INSERT INTO Orders (order_id,usr_id,res_id,payment,listOfItems,status,total) VALUES (9,'YVWGy9xmYn',1,'card',ARRAY [['64','1']],'pending', 16.60);
INSERT INTO Orders (order_id,usr_id,res_id,payment,listOfItems,status,total) VALUES (10,'t2uvSTlPQ',30,'card',ARRAY [['51','1']],'pending',40.10);
INSERT INTO Orders (order_id,usr_id,res_id,payment,listOfItems,status,total) VALUES (11,'qnXAuDyjP9',43,'cash',ARRAY [['39','1']],'complete', 30.10);
INSERT INTO Orders (order_id,usr_id,res_id,payment,listOfItems,status,total) VALUES (12,'lcSMkpgTXc',33,'cash',ARRAY [['32','1']],'pending', 21.20);
INSERT INTO Orders (order_id,usr_id,res_id,payment,listOfItems,status,total) VALUES (13,'BKJ0pbXZ3d',48,'card',ARRAY [['18','1']],'complete', 19.95);
INSERT INTO Orders (order_id,usr_id,res_id,payment,listOfItems,status,total) VALUES (14,'BKJ0pbXZ3d',18,'card',ARRAY [['35','1']],'complete', 12.10);
INSERT INTO Orders (order_id,usr_id,res_id,payment,listOfItems,status,total) VALUES (15,'qnXAuDyjP9',30,'card',ARRAY [['60','1']],'complete', 17.20);
INSERT INTO Orders (order_id,usr_id,res_id,payment,listOfItems,status,total) VALUES (16,'E2hZ7b7soT',46,'cash',ARRAY [['59','1']],'in progress',12.30);
INSERT INTO Orders (order_id,usr_id,res_id,payment,listOfItems,status,total) VALUES (17,'2oCt6j9x1M',17,'card',ARRAY [['23','1']],'in progress', 13.30);
INSERT INTO Orders (order_id,usr_id,res_id,payment,listOfItems,status,total) VALUES (18,'wzS_LlETDm',10,'card',ARRAY [['65','1']],'in progress', 12.20);
INSERT INTO Orders (order_id,usr_id,res_id,payment,listOfItems,status,total) VALUES (19,'1sUNGJqf6d',25,'card',ARRAY [['43','1']],'in progress', 12.33);
INSERT INTO Orders (order_id,usr_id,res_id,payment,listOfItems,status,total) VALUES (20,'E2hZ7b7soT',2,'card',ARRAY [['55','1']],'complete',14.10);
INSERT INTO Orders (order_id,usr_id,res_id,payment,listOfItems,status,total) VALUES (21,'XVCDN8Uq4l',29,'cash',ARRAY [['20','1']],'pending', 25);
INSERT INTO Orders (order_id,usr_id,res_id,payment,listOfItems,status,total) VALUES (22,'XVCDN8Uq4l',10,'cash',ARRAY [['65','1']],'complete', 12.20);
INSERT INTO Orders (order_id,usr_id,res_id,payment,listOfItems,status,total) VALUES (23,'XVCDN8Uq4l',41,'card',ARRAY [['27','1']],'complete', 10);
INSERT INTO Orders (order_id,usr_id,res_id,payment,listOfItems,status,total) VALUES (24,'Y4HmY6Eu2E',4,'cash',ARRAY [['4','1']],'complete', 12.60);
INSERT INTO Orders (order_id,usr_id,res_id,payment,listOfItems,status,total) VALUES (25,'QQGqRT2foI',8,'card',ARRAY [['1','1']],'complete', 12.30);
INSERT INTO Orders (order_id,usr_id,res_id,payment,listOfItems,status,total) VALUES (26,'3PnARfg_2Z',16,'card',ARRAY [['41','1']],'complete',12.30);
INSERT INTO Orders (order_id,usr_id,res_id,payment,listOfItems,status,total) VALUES (27,'3PnARfg_2Z',41,'card',ARRAY [['49','1']],'complete', 30);
INSERT INTO Orders (order_id,usr_id,res_id,payment,listOfItems,status,total) VALUES (28,'uxiYPnAqxS',29,'cash',ARRAY [['61','2']],'complete', 20);
INSERT INTO Orders (order_id,usr_id,res_id,payment,listOfItems,status,total) VALUES (29,'uxiYPnAqxS',8,'cash',ARRAY [['50','3']],'complete',12.80);
INSERT INTO Orders (order_id,usr_id,res_id,payment,listOfItems,status,total) VALUES (30,'WVOJ1iOHyw',17,'card',ARRAY [['44','2']],'complete', 12.30);
INSERT INTO Orders (order_id,usr_id,res_id,payment,listOfItems,status,total) VALUES (31,'9GCZcmWw5',4,'cash',ARRAY [['44','2']],'complete', 10.00);
INSERT INTO Orders (order_id,usr_id,res_id,payment,listOfItems,status,total) VALUES (32,'9GCZcmWw5',13,'card',ARRAY [['33','3']],'complete', 8.90);
INSERT INTO Orders (order_id,usr_id,res_id,payment,listOfItems,status,total) VALUES (33,'9GCZcmWw5',45,'card',ARRAY [['13','5']],'complete',20.10);
INSERT INTO Orders (order_id,usr_id,res_id,payment,listOfItems,status,total) VALUES (34,'9GCZcmWw5',6,'card',ARRAY [['61','3']],'complete', 20.30);
INSERT INTO Orders (order_id,usr_id,res_id,payment,listOfItems,status,total) VALUES (35,'XVCDN8Uq4l',21,'card',ARRAY [['11','3']],'complete', 20.10);
INSERT INTO Orders (order_id,usr_id,res_id,payment,listOfItems,status,total) VALUES (36,'ik4E1w0YXE',31,'cash',ARRAY [['25','3']],'complete',20.10);
INSERT INTO Orders (order_id,usr_id,res_id,payment,listOfItems,status,total) VALUES (37,'XVCDN8Uq4l',36,'cash',ARRAY [['29','1']],'complete',22.22);
INSERT INTO Orders (order_id,usr_id,res_id,payment,listOfItems,status,total) VALUES (38,'ik4E1w0YXE',27,'card',ARRAY [['36','4']],'complete', 10);
INSERT INTO Orders (order_id,usr_id,res_id,payment,listOfItems,status,total) VALUES (39,'ik4E1w0YXE',25,'cash',ARRAY [['22','2']],'complete', 20);
INSERT INTO Orders (order_id,usr_id,res_id,payment,listOfItems,status,total) VALUES (40,'XVCDN8Uq4l',50,'cash',ARRAY [['59','2']],'complete',20);
INSERT INTO Orders (order_id,usr_id,res_id,payment,listOfItems,status,total) VALUES (41,'XVCDN8Uq4l',49,'card',ARRAY [['22','2']],'complete',30);
INSERT INTO Orders (order_id,usr_id,res_id,payment,listOfItems,status,total) VALUES (42,'2hMyWtlK7M',49,'card',ARRAY [['44','2']],'complete', 20.0);
INSERT INTO Orders (order_id,usr_id,res_id,payment,listOfItems,status,total) VALUES (43,'2hMyWtlK7M',36,'cash',ARRAY [['1','3']],'complete', 20.2);
INSERT INTO Orders (order_id,usr_id,res_id,payment,listOfItems,status,total) VALUES (44,'2hMyWtlK7M',11,'cash',ARRAY [['22','2']],'complete',12.2);
INSERT INTO Orders (order_id,usr_id,res_id,payment,listOfItems,status,total) VALUES (45,'2hMyWtlK7M',42,'card',ARRAY [['44','3']],'complete',12.2);
INSERT INTO Orders (order_id,usr_id,res_id,payment,listOfItems,status,total) VALUES (46,'wzS_LlETDm',2,'cash',ARRAY [['61','3']],'complete', 14.5);
INSERT INTO Orders (order_id,usr_id,res_id,payment,listOfItems,status,total) VALUES (47,'wzS_LlETDm',29,'card',ARRAY [['32','1']],'complete', 17.20);
INSERT INTO Orders (order_id,usr_id,res_id,payment,listOfItems,status,total) VALUES (48,'wzS_LlETDm',4,'card',ARRAY [['23','2']],'complete', 30);
INSERT INTO Orders (order_id,usr_id,res_id,payment,listOfItems,status,total) VALUES (49,'oBbHa2qLDk',27,'cash',ARRAY [['7','2']],'complete', 30);
INSERT INTO Orders (order_id,usr_id,res_id,payment,listOfItems,status,total) VALUES (50,'oBbHa2qLDk',23,'card',ARRAY [['14','2']],'complete',30);

INSERT INTO reviews VALUES(2, 'The food is good', 5);
INSERT INTO reviews VALUES(5, 'The food is good', 10);

insert into Deliveries (order_id, usr_id, place_order_time) values (0, 'GMHtneWRAn', '2020-01-05 12:36:06');
insert into Deliveries (order_id, usr_id, place_order_time) values (1, 'GMHtneWRAn', '2020-01-05 12:36:06');
insert into Deliveries (order_id, usr_id, place_order_time, dr_leave_for_res, dr_arrive_res, dr_leave_res, dr_arrive_cus) values (2, 'AmcgucKoDC', '2020-02-09 11:46:11', '2020-01-02 07:10:16', '2020-02-05 00:59:35', '2020-03-16 16:21:37', '2020-02-11 16:52:59');
insert into Deliveries (order_id, usr_id, place_order_time) values (3, 'Q-oQOZL5nV', '2020-02-15 09:08:54');
insert into Deliveries (order_id, usr_id, place_order_time, dr_leave_for_res, dr_arrive_res) values (4, 'GWwnEfu3nC', '2020-03-20 18:29:12', '2020-02-08 12:03:50', '2020-02-15 04:04:08');
insert into Deliveries (order_id, usr_id, place_order_time, dr_leave_for_res, dr_arrive_res, dr_leave_res, dr_arrive_cus) values (5, 'GWwnEfu3nC', '2020-03-27 15:56:15', '2020-01-16 04:26:29', '2020-03-03 16:38:19', '2020-02-02 17:13:51', '2020-01-19 15:27:33');
insert into Deliveries (order_id, usr_id, place_order_time, dr_leave_for_res) values (6, 'wx6pB3szeu', '2020-01-19 07:56:36', '2020-02-08 09:51:10');
insert into Deliveries (order_id, usr_id, place_order_time) values (7, 's3SgHuuQ_l', '2020-01-22 18:48:58');
insert into Deliveries (order_id, usr_id, place_order_time) values (8, 'Ta5tsU0vBA', '2020-01-23 07:46:43');
insert into Deliveries (order_id, usr_id, place_order_time) values (9, '6DCRWibjvS', '2020-01-08 02:11:55');
insert into Deliveries (order_id, usr_id, place_order_time) values (10, 'SZbkeax9f', '2020-03-04 15:18:21');
insert into Deliveries (order_id, usr_id, place_order_time, dr_leave_for_res, dr_arrive_res, dr_leave_res, dr_arrive_cus) values (11, 'SZbkeax9f', '2020-01-27 00:13:34', '2020-02-10 05:56:41', '2020-02-04 00:51:12', '2020-01-11 22:12:31', '2020-02-02 16:39:36');
insert into Deliveries (order_id, usr_id, place_order_time) values (12, 'bXm9Ufgimd', '2020-01-31 04:14:42');
insert into Deliveries (order_id, usr_id, place_order_time, dr_leave_for_res, dr_arrive_res, dr_leave_res, dr_arrive_cus) values (13, 'bXm9Ufgimd', '2020-02-23 17:55:12', '2020-03-24 14:46:56', '2020-02-03 19:48:11', '2020-03-24 17:53:13', '2020-01-31 13:13:37');
insert into Deliveries (order_id, usr_id, place_order_time, dr_leave_for_res, dr_arrive_res, dr_leave_res, dr_arrive_cus) values (14, 'wLYHFO52JC', '2020-01-24 20:49:09', '2020-02-15 14:46:43', '2020-02-05 13:07:05', '2020-03-18 19:35:49', '2020-01-18 11:07:20');
insert into Deliveries (order_id, usr_id, place_order_time, dr_leave_for_res, dr_arrive_res, dr_leave_res, dr_arrive_cus) values (15, 'jM2AkqIXTt', '2020-01-21 09:25:54', '2020-02-19 11:48:10', '2020-01-22 17:46:36', '2020-02-08 16:37:46', '2020-01-01 12:27:20');
insert into Deliveries (order_id, usr_id, place_order_time, dr_leave_for_res, dr_arrive_res, dr_leave_res) values (16, 'VOusDnTrGj', '2020-01-05 05:04:46', '2020-01-29 18:54:20', '2020-01-19 15:04:46', '2020-02-26 22:14:48');
insert into Deliveries (order_id, usr_id, place_order_time, dr_leave_for_res, dr_arrive_res, dr_leave_res) values (17, '6DJSOQWCYE', '2020-03-13 14:53:14', '2020-02-29 00:59:52', '2020-01-26 06:36:27', '2020-01-06 09:02:20');
insert into Deliveries (order_id, usr_id, place_order_time, dr_leave_for_res, dr_arrive_res, dr_leave_res) values (18, 'XiZbUmEEOJ', '2020-01-03 05:30:10', '2020-03-19 23:40:01', '2020-02-16 18:38:42', '2020-02-17 13:40:35');
insert into Deliveries (order_id, usr_id, place_order_time, dr_leave_for_res, dr_arrive_res, dr_leave_res) values (19, 'GqHI0NgUlx', '2020-03-26 16:02:11', '2020-03-04 13:48:37', '2020-03-13 15:16:12', '2020-02-12 10:03:13');
insert into Deliveries (order_id, usr_id, place_order_time, dr_leave_for_res, dr_arrive_res, dr_leave_res, dr_arrive_cus) values (20, 'GqHI0NgUlx', '2020-02-15 01:21:12', '2020-02-27 23:31:41', '2020-02-04 08:58:05', '2020-02-29 14:24:24', '2020-01-19 12:50:19');
insert into Deliveries (order_id, usr_id, place_order_time) values (21, 'uInb6i1ksz', '2020-02-10 10:45:29');
insert into Deliveries (order_id, usr_id, place_order_time, dr_leave_for_res, dr_arrive_res, dr_leave_res, dr_arrive_cus) values (22, 'KsK1EzaX6', '2020-03-02 12:55:07', '2020-01-22 19:26:13', '2020-02-12 21:33:48', '2020-03-05 10:12:16', '2020-02-03 09:52:11');
insert into Deliveries (order_id, usr_id, place_order_time, dr_leave_for_res, dr_arrive_res, dr_leave_res, dr_arrive_cus) values (23, 'KsK1EzaX6', '2020-02-14 22:52:47', '2020-02-22 18:18:08', '2020-03-26 17:34:51', '2020-01-12 11:53:50', '2020-02-29 13:22:12');
insert into Deliveries (order_id, usr_id, place_order_time, dr_leave_for_res, dr_arrive_res, dr_leave_res, dr_arrive_cus) values (24, 'KsK1EzaX6', '2020-03-19 23:31:22', '2020-02-14 03:46:04', '2020-02-29 17:18:54', '2020-01-17 07:51:22', '2020-03-14 00:07:08');
insert into Deliveries (order_id, usr_id, place_order_time, dr_leave_for_res, dr_arrive_res, dr_leave_res, dr_arrive_cus) values (25, 'KsK1EzaX6', '2020-01-29 12:35:41', '2020-01-06 00:28:52', '2020-03-13 23:11:10', '2020-02-16 07:56:18', '2020-03-17 21:17:48');
insert into Deliveries (order_id, usr_id, place_order_time, dr_leave_for_res, dr_arrive_res, dr_leave_res, dr_arrive_cus) values (26, '9AKX_g3HLI', '2020-03-08 15:13:22', '2020-01-25 01:17:08', '2020-02-09 20:29:25', '2020-01-27 12:13:53', '2020-01-26 12:40:09');
insert into Deliveries (order_id, usr_id, place_order_time, dr_leave_for_res, dr_arrive_res, dr_leave_res, dr_arrive_cus) values (27, '9AKX_g3HLI', '2020-01-09 06:51:01', '2020-03-16 08:41:46', '2020-03-24 19:07:39', '2020-01-19 09:39:50', '2020-01-14 22:18:59');
insert into Deliveries (order_id, usr_id, place_order_time, dr_leave_for_res, dr_arrive_res, dr_leave_res, dr_arrive_cus) values (28, '9AKX_g3HLI', '2020-02-14 00:27:34', '2020-03-11 21:20:55', '2020-02-18 17:54:49', '2020-01-20 05:33:08', '2020-01-31 04:39:22');
insert into Deliveries (order_id, usr_id, place_order_time, dr_leave_for_res, dr_arrive_res, dr_leave_res, dr_arrive_cus) values (29, '9AKX_g3HLI', '2020-03-09 00:56:11', '2020-03-06 18:52:00', '2020-03-05 12:32:12', '2020-01-14 23:59:08', '2020-02-24 20:55:07');
insert into Deliveries (order_id, usr_id, place_order_time, dr_leave_for_res, dr_arrive_res, dr_leave_res, dr_arrive_cus) values (30, '3OkiKAnqj', '2020-01-06 10:28:14', '2020-01-11 19:59:37', '2020-03-10 12:07:17', '2020-02-26 19:23:13', '2020-02-24 23:28:42');
insert into Deliveries (order_id, usr_id, place_order_time, dr_leave_for_res, dr_arrive_res, dr_leave_res, dr_arrive_cus) values (31, 'jM2AkqIXTt', '2020-02-28 11:51:35', '2020-02-17 15:39:09', '2020-01-04 21:21:20', '2020-01-02 19:14:09', '2020-03-11 00:44:35');
insert into Deliveries (order_id, usr_id, place_order_time, dr_leave_for_res, dr_arrive_res, dr_leave_res, dr_arrive_cus) values (32, 'jM2AkqIXTt', '2020-02-12 03:24:19', '2020-01-18 17:44:24', '2020-01-28 14:30:07', '2020-01-21 23:46:31', '2020-03-27 09:07:43');
insert into Deliveries (order_id, usr_id, place_order_time, dr_leave_for_res, dr_arrive_res, dr_leave_res, dr_arrive_cus) values (33, '1JZHVCXAOm', '2020-01-05 11:55:57', '2020-01-06 21:32:04', '2020-01-04 11:19:50', '2020-01-05 07:36:11', '2020-03-25 20:28:14');
insert into Deliveries (order_id, usr_id, place_order_time, dr_leave_for_res, dr_arrive_res, dr_leave_res, dr_arrive_cus) values (34, '1JZHVCXAOm', '2020-03-13 08:05:43', '2020-01-08 18:18:07', '2020-03-15 23:41:47', '2020-02-14 12:54:16', '2020-02-23 16:11:34');
insert into Deliveries (order_id, usr_id, place_order_time, dr_leave_for_res, dr_arrive_res, dr_leave_res, dr_arrive_cus) values (35, 'mjtMev9b2J', '2020-01-15 18:58:39', '2020-01-28 04:30:00', '2020-01-28 23:13:04', '2020-03-02 09:19:00', '2020-01-18 06:53:19');
insert into Deliveries (order_id, usr_id, place_order_time, dr_leave_for_res, dr_arrive_res, dr_leave_res, dr_arrive_cus) values (36, 'mjtMev9b2J', '2020-03-24 02:34:55', '2020-03-19 12:04:54', '2020-02-16 16:17:44', '2020-02-26 03:33:27', '2020-02-25 11:56:00');
insert into Deliveries (order_id, usr_id, place_order_time, dr_leave_for_res, dr_arrive_res, dr_leave_res, dr_arrive_cus) values (37, 'mjtMev9b2J', '2020-03-08 03:56:12', '2020-02-14 20:20:35', '2020-01-30 15:37:14', '2020-02-08 13:01:42', '2020-03-13 12:27:22');
insert into Deliveries (order_id, usr_id, place_order_time, dr_leave_for_res, dr_arrive_res, dr_leave_res, dr_arrive_cus) values (38, 'mjtMev9b2J', '2020-02-25 07:03:03', '2020-02-28 05:35:55', '2020-02-04 08:39:57', '2020-01-02 22:36:54', '2020-01-13 18:02:09');
insert into Deliveries (order_id, usr_id, place_order_time, dr_leave_for_res, dr_arrive_res, dr_leave_res, dr_arrive_cus) values (39, 'KsK1EzaX6', '2020-01-23 12:35:03', '2020-03-22 09:10:29', '2020-01-16 10:33:39', '2020-01-04 02:14:06', '2020-02-28 04:50:05');
insert into Deliveries (order_id, usr_id, place_order_time, dr_leave_for_res, dr_arrive_res, dr_leave_res, dr_arrive_cus) values (40, 'KsK1EzaX6', '2020-02-25 09:08:29', '2020-02-05 03:24:29', '2020-02-02 08:45:49', '2020-01-30 16:13:57', '2020-02-13 08:08:10');
insert into Deliveries (order_id, usr_id, place_order_time, dr_leave_for_res, dr_arrive_res, dr_leave_res, dr_arrive_cus) values (41, 'u2ovi2tYNo', '2020-01-02 10:50:07', '2020-02-16 15:24:09', '2020-03-09 07:53:16', '2020-02-17 15:32:31', '2020-03-01 00:19:20');
insert into Deliveries (order_id, usr_id, place_order_time, dr_leave_for_res, dr_arrive_res, dr_leave_res, dr_arrive_cus) values (42, 'VOusDnTrGj', '2020-02-18 11:10:55', '2020-02-25 13:02:56', '2020-01-23 21:08:24', '2020-01-01 03:41:42', '2020-03-14 01:43:39');
insert into Deliveries (order_id, usr_id, place_order_time, dr_leave_for_res, dr_arrive_res, dr_leave_res, dr_arrive_cus) values (43, 'CrKtHU1XDE', '2020-03-10 10:30:23', '2020-03-21 15:03:48', '2020-01-22 03:58:00', '2020-02-19 16:33:14', '2020-01-15 05:19:20');
insert into Deliveries (order_id, usr_id, place_order_time, dr_leave_for_res, dr_arrive_res, dr_leave_res, dr_arrive_cus) values (44, 'CrKtHU1XDE', '2020-01-26 02:35:16', '2020-02-16 13:41:42', '2020-01-07 21:14:04', '2020-03-07 11:01:43', '2020-01-17 07:15:13');
insert into Deliveries (order_id, usr_id, place_order_time, dr_leave_for_res, dr_arrive_res, dr_leave_res, dr_arrive_cus) values (45, 'CrKtHU1XDE', '2020-01-12 10:34:36', '2020-01-01 07:00:53', '2020-03-10 17:14:07', '2020-01-05 16:54:57', '2020-03-05 10:48:48');
insert into Deliveries (order_id, usr_id, place_order_time, dr_leave_for_res, dr_arrive_res, dr_leave_res, dr_arrive_cus) values (46, 'CrKtHU1XDE', '2020-01-31 18:08:20', '2020-01-08 08:51:26', '2020-01-19 22:54:51', '2020-01-19 15:50:24', '2020-02-21 18:09:49');
insert into Deliveries (order_id, usr_id, place_order_time, dr_leave_for_res, dr_arrive_res, dr_leave_res, dr_arrive_cus) values (47, '3OkiKAnqj', '2020-01-12 05:28:49', '2020-03-11 23:22:49', '2020-02-23 08:12:54', '2020-03-10 16:36:36', '2020-02-13 21:57:43');
insert into Deliveries (order_id, usr_id, place_order_time, dr_leave_for_res, dr_arrive_res, dr_leave_res, dr_arrive_cus) values (48, '3OkiKAnqj', '2020-03-17 06:40:30', '2020-01-05 13:05:06', '2020-03-08 01:44:39', '2020-02-13 03:38:02', '2020-01-17 00:11:35');
insert into Deliveries (order_id, usr_id, place_order_time, dr_leave_for_res, dr_arrive_res, dr_leave_res, dr_arrive_cus) values (49, '3OkiKAnqj', '2020-02-24 06:58:53', '2020-01-25 20:20:54', '2020-01-25 16:24:00', '2020-02-06 17:35:00', '2020-01-03 23:12:26');
insert into Deliveries (order_id, usr_id, place_order_time, dr_leave_for_res, dr_arrive_res, dr_leave_res, dr_arrive_cus) values (50, '3OkiKAnqj', '2020-01-30 13:45:58', '2020-02-01 11:44:09', '2020-02-12 14:32:01', '2020-01-20 15:04:59', '2020-03-23 19:40:43');

insert into CouponGroups (coupon_group_id, description, expiry_date) values (1, 'Free Delivery', '2020-11-18 21:59:38');
insert into CouponGroups (coupon_group_id, description, expiry_date) values (2, '10% off', '2020-07-08 10:58:53');
insert into CouponGroups (coupon_group_id, description, expiry_date) values (3, '50% off', '2020-10-27 00:57:58');
insert into CouponGroups (coupon_group_id, description, expiry_date) values (4, 'Free Delivery', '2020-07-26 00:58:43');
insert into CouponGroups (coupon_group_id, description, expiry_date) values (5, '50% off', '2020-11-27 22:09:50');
insert into CouponGroups (coupon_group_id, description, expiry_date) values (6, '30% off', '2020-05-07 17:18:07');
insert into CouponGroups (coupon_group_id, description, expiry_date) values (7, '10% off', '2020-05-19 13:43:16');
insert into CouponGroups (coupon_group_id, description, expiry_date) values (8, 'Free Delivery', '2020-06-27 04:17:40');
insert into CouponGroups (coupon_group_id, description, expiry_date) values (9, '30% off', '2020-05-29 21:03:58');
insert into CouponGroups (coupon_group_id, description, expiry_date) values (10, '70% off', '2020-06-21 16:45:21');
insert into CouponGroups (coupon_group_id, description, expiry_date) values (11, 'Free Delivery', '2020-09-09 14:46:54');
insert into CouponGroups (coupon_group_id, description, expiry_date) values (12, '20% off', '2020-12-22 11:57:04');
insert into CouponGroups (coupon_group_id, description, expiry_date) values (13, '10% off', '2020-08-18 23:19:22');

insert into Coupons (coupon_id, coupon_group_id, usr_id, is_used) values (1, 1, 'JthoLLSwz', false);
insert into Coupons (coupon_id, coupon_group_id, usr_id, is_used) values (2, 1, 't2uvSTlPQ', false);
insert into Coupons (coupon_id, coupon_group_id, usr_id, is_used) values (3, 1, 'j1Vcg8d_z0', false);
insert into Coupons (coupon_id, coupon_group_id, usr_id, is_used) values (4, 2, 'j1Vcg8d_z0', false);
insert into Coupons (coupon_id, coupon_group_id, usr_id, is_used) values (5, 2, 'E2hZ7b7soT', false);
insert into Coupons (coupon_id, coupon_group_id, usr_id, is_used) values (6, 4, 'E2hZ7b7soT', true);
insert into Coupons (coupon_id, coupon_group_id, usr_id, is_used) values (7, 2, '2hMyWtlK7M', true);
insert into Coupons (coupon_id, coupon_group_id, usr_id, is_used) values (8, 3, '9GCZcmWw5', true);
insert into Coupons (coupon_id, coupon_group_id, usr_id, is_used) values (9, 3, 'Y4HmY6Eu2E', false);
insert into Coupons (coupon_id, coupon_group_id, usr_id, is_used) values (10, 4, 'Y4HmY6Eu2E', false);
insert into Coupons (coupon_id, coupon_group_id, usr_id, is_used) values (11, 4, 'uxiYPnAqxS', true);
insert into Coupons (coupon_id, coupon_group_id, usr_id, is_used) values (12, 5, 'uxiYPnAqxS', false);
insert into Coupons (coupon_id, coupon_group_id, usr_id, is_used) values (13, 5, '5o87B2dpeR', false);
insert into Coupons (coupon_id, coupon_group_id, usr_id, is_used) values (14, 8, '5o87B2dpeR', true);
insert into Coupons (coupon_id, coupon_group_id, usr_id, is_used) values (15, 6, 'qnXAuDyjP9', false);
insert into Coupons (coupon_id, coupon_group_id, usr_id, is_used) values (16, 6, '3PnARfg_2Z', false);
insert into Coupons (coupon_id, coupon_group_id, usr_id, is_used) values (17, 6, 'Y4HmY6Eu2E', false);
insert into Coupons (coupon_id, coupon_group_id, usr_id, is_used) values (18, 6, 'bizhHWkw7P', true);
insert into Coupons (coupon_id, coupon_group_id, usr_id, is_used) values (19, 6, 'EiMuMqHo5J', false);
insert into Coupons (coupon_id, coupon_group_id, usr_id, is_used) values (20, 6, '9GCZcmWw5', false);
insert into Coupons (coupon_id, coupon_group_id, usr_id, is_used) values (21, 7, 'ik4E1w0YXE', false);
insert into Coupons (coupon_id, coupon_group_id, usr_id, is_used) values (22, 7, '2hMyWtlK7M', true);
insert into Coupons (coupon_id, coupon_group_id, usr_id, is_used) values (23, 3, '2hMyWtlK7M', false);
insert into Coupons (coupon_id, coupon_group_id, usr_id, is_used) values (24, 8, '1sUNGJqf6d', false);
insert into Coupons (coupon_id, coupon_group_id, usr_id, is_used) values (25, 8, '0wWQW9d9PO', false);
insert into Coupons (coupon_id, coupon_group_id, usr_id, is_used) values (26, 8, '1OijozDcuA', true);
insert into Coupons (coupon_id, coupon_group_id, usr_id, is_used) values (27, 9, '1OijozDcuA', false);
insert into Coupons (coupon_id, coupon_group_id, usr_id, is_used) values (28, 10, '1OijozDcuA', false);
insert into Coupons (coupon_id, coupon_group_id, usr_id, is_used) values (29, 8, 'ik4E1w0YXE', false);
insert into Coupons (coupon_id, coupon_group_id, usr_id, is_used) values (30, 1, 'ik4E1w0YXE', true);
insert into Coupons (coupon_id, coupon_group_id, usr_id, is_used) values (31, 2, 'Y4HmY6Eu2E', false);
insert into Coupons (coupon_id, coupon_group_id, usr_id, is_used) values (32, 9, 'Y4HmY6Eu2E', false);
insert into Coupons (coupon_id, coupon_group_id, usr_id, is_used) values (33, 9, 'bQevjTwl6q', false);
insert into Coupons (coupon_id, coupon_group_id, usr_id, is_used) values (34, 9, '2oCt6j9x1M', false);
insert into Coupons (coupon_id, coupon_group_id, usr_id, is_used) values (35, 10, 'E2hZ7b7soT', false);
insert into Coupons (coupon_id, coupon_group_id, usr_id, is_used) values (36, 10, 'lcSMkpgTXc', false);
insert into Coupons (coupon_id, coupon_group_id, usr_id, is_used) values (37, 10, 'QzDDtr0qL9', false);
insert into Coupons (coupon_id, coupon_group_id, usr_id, is_used) values (38, 10, 'nI8m8uwVwp', true);
insert into Coupons (coupon_id, coupon_group_id, usr_id, is_used) values (39, 10, 'ik4E1w0YXE', true);
insert into Coupons (coupon_id, coupon_group_id, usr_id, is_used) values (40, 11, 'ik4E1w0YXE', false);
insert into Coupons (coupon_id, coupon_group_id, usr_id, is_used) values (41, 11, 'oBbHa2qLDk', false);
insert into Coupons (coupon_id, coupon_group_id, usr_id, is_used) values (42, 12, 'oBbHa2qLDk', false);
insert into Coupons (coupon_id, coupon_group_id, usr_id, is_used) values (43, 11, 'JthoLLSwz', false);
insert into Coupons (coupon_id, coupon_group_id, usr_id, is_used) values (44, 11, 'vaphwZAzpj', false);
insert into Coupons (coupon_id, coupon_group_id, usr_id, is_used) values (45, 12, 'nI8m8uwVwp', false);
insert into Coupons (coupon_id, coupon_group_id, usr_id, is_used) values (46, 12, '3fbloaV8Qv', false);
insert into Coupons (coupon_id, coupon_group_id, usr_id, is_used) values (47, 13, '5o87B2dpeR', true);
insert into Coupons (coupon_id, coupon_group_id, usr_id, is_used) values (48, 13, 'ifGzY2qUam', true);
insert into Coupons (coupon_id, coupon_group_id, usr_id, is_used) values (49, 13, 'qnXAuDyjP9', true);
insert into Coupons (coupon_id, coupon_group_id, usr_id, is_used) values (50, 13, 'd8BmgbWqUb', false);

INSERT INTO Promotions (pid,promotype, res_id, description,start_day,end_day) VALUES (1,'RES', 3, 'DEFAULT:absolute;3;2','2020-01-31 11:45:19','2020-09-30 11:45:19');
INSERT INTO Promotions (pid,promotype,description,start_day,end_day) VALUES (2,'FDS','FDS-wide free delivery','2020-01-31 11:45:19','2020-02-07 11:45:19');
INSERT INTO Promotions (pid,promotype,description,start_day,end_day) VALUES (3,'FDS','$8 discount for a customer''s first order','2020-01-21 11:45:19','2020-01-31 11:45:19');
INSERT INTO Promotions (pid,promotype,description,start_day,end_day) VALUES (4,'FDS','25% discount for a customer''s first order','2020-03-31 12:00:19','2020-04-22 12:00:19');
INSERT INTO Promotions (pid,promotype,res_id,description,start_day,end_day) VALUES (5,'RES', 4, 'purus, in molestie tortor nibh sit amet orci. Ut sagittis lobortis mauris. Suspendisse aliquet molestie','2019-04-23 12:00:19','2019-09-30 12:00:19');
INSERT INTO Promotions (pid,promotype,res_id,description,start_day,end_day) VALUES (6,'RES', 21, 'DEFAULT:percent;3;10','2019-05-31 22:00:19','2019-08-31 22:00:19');
INSERT INTO Promotions (pid,promotype,res_id,description,start_day,end_day) VALUES (7,'RES', 32, 'DEFAULT:absolute;3;2','2020-01-01 00:00:00','2020-12-31 00:00:00');
INSERT INTO Promotions (pid,promotype,description,start_day,end_day) VALUES (8,'FDS','FDS-wide free delivery','2020-03-01 00:00:00','2020-12-31 00:00:00');
INSERT INTO Promotions (pid,promotype,description,start_day,end_day) VALUES (9,'FDS','FDS-wide free delivery','2020-04-12 00:00:00','2020-12-31 00:00:00');
INSERT INTO Promotions (pid,promotype,description,start_day,end_day) VALUES (10,'FDS','$10 discount for a customer''s first order','2019-11-03 00:00:00','2020-11-03 00:00:00');


INSERT INTO Shifts (shift_id,start_time1,start_time2,end_time1,end_time2) VALUES (1,'10:00','15:00','14:00','19:00');
INSERT INTO Shifts (shift_id,start_time1,start_time2,end_time1,end_time2) VALUES (2,'11:00','16:00','15:00','20:00');
INSERT INTO Shifts (shift_id,start_time1,start_time2,end_time1,end_time2) VALUES (3,'12:00','17:00','16:00','21:00');
INSERT INTO Shifts (shift_id,start_time1,start_time2,end_time1,end_time2) VALUES (4,'13:00','18:00','17:00','22:00');


insert into Mws (usr_id, day, shift_id) values ('FJlGy8yKsR', 1, 4);
insert into Mws (usr_id, day, shift_id) values ('TgYG4Z7NIq', 1, 3);
insert into Mws (usr_id, day, shift_id) values ('KsK1EzaX6', 1, 2);
insert into Mws (usr_id, day, shift_id) values ('JY5MXf4LND', 1, 3);
insert into Mws (usr_id, day, shift_id) values ('NdyRUmCo4X', 1, 2);
insert into Mws (usr_id, day, shift_id) values ('uInb6i1ksz', 1, 3);
insert into Mws (usr_id, day, shift_id) values ('zG4NywKiIe', 1, 1);
insert into Mws (usr_id, day, shift_id) values ('mjtMev9b2J', 1, 4);
insert into Mws (usr_id, day, shift_id) values ('gIj7uieS31', 1, 3);
insert into Mws (usr_id, day, shift_id) values ('1JZHVCXAOm', 1, 1);
insert into Mws (usr_id, day, shift_id) values ('g1CcAB-fKQ', 1, 1);
insert into Mws (usr_id, day, shift_id) values ('GqHI0NgUlx', 1, 4);
insert into Mws (usr_id, day, shift_id) values ('XiZbUmEEOJ', 1, 1);
insert into Mws (usr_id, day, shift_id) values ('u2ovi2tYNo', 1, 1);
insert into Mws (usr_id, day, shift_id) values ('PDuAFMmgRi', 1, 1);
insert into Mws (usr_id, day, shift_id) values ('6DJSOQWCYE', 1, 4);
insert into Mws (usr_id, day, shift_id) values ('iziEmvtBA', 1, 1);
insert into Mws (usr_id, day, shift_id) values ('VOusDnTrGj', 1, 4);
insert into Mws (usr_id, day, shift_id) values ('jM2AkqIXTt', 1, 4);
insert into Mws (usr_id, day, shift_id) values ('OoxTu2yVgB', 1, 3);
insert into Mws (usr_id, day, shift_id) values ('9AKX_g3HLI', 1, 3);
insert into Mws (usr_id, day, shift_id) values ('GDEKyfBX2n', 1, 4);
insert into Mws (usr_id, day, shift_id) values ('1m8gqm68RT', 1, 1);
insert into Mws (usr_id, day, shift_id) values ('QTBFUUAtkQ', 1, 1);
insert into Mws (usr_id, day, shift_id) values ('kft5sEPPfY', 1, 4);
insert into Mws (usr_id, day, shift_id) values ('DmbBGwkICv', 1, 2);

insert into Mws (usr_id, day, shift_id) values ('FJlGy8yKsR', 2, 4);
insert into Mws (usr_id, day, shift_id) values ('TgYG4Z7NIq', 2, 2);
insert into Mws (usr_id, day, shift_id) values ('KsK1EzaX6', 2, 3);
insert into Mws (usr_id, day, shift_id) values ('JY5MXf4LND', 2, 4);
insert into Mws (usr_id, day, shift_id) values ('NdyRUmCo4X', 2, 4);
insert into Mws (usr_id, day, shift_id) values ('uInb6i1ksz', 2, 4);
insert into Mws (usr_id, day, shift_id) values ('zG4NywKiIe', 2, 4);
insert into Mws (usr_id, day, shift_id) values ('mjtMev9b2J', 2, 1);
insert into Mws (usr_id, day, shift_id) values ('gIj7uieS31', 2, 2);
insert into Mws (usr_id, day, shift_id) values ('1JZHVCXAOm', 2, 2);
insert into Mws (usr_id, day, shift_id) values ('g1CcAB-fKQ', 2, 1);
insert into Mws (usr_id, day, shift_id) values ('GqHI0NgUlx', 2, 2);
insert into Mws (usr_id, day, shift_id) values ('XiZbUmEEOJ', 2, 3);
insert into Mws (usr_id, day, shift_id) values ('u2ovi2tYNo', 2, 1);
insert into Mws (usr_id, day, shift_id) values ('PDuAFMmgRi', 2, 2);
insert into Mws (usr_id, day, shift_id) values ('6DJSOQWCYE', 2, 1);
insert into Mws (usr_id, day, shift_id) values ('iziEmvtBA', 2, 4);
insert into Mws (usr_id, day, shift_id) values ('VOusDnTrGj', 2, 2);
insert into Mws (usr_id, day, shift_id) values ('jM2AkqIXTt', 2, 2);
insert into Mws (usr_id, day, shift_id) values ('OoxTu2yVgB', 2, 4);
insert into Mws (usr_id, day, shift_id) values ('9AKX_g3HLI', 2, 4);
insert into Mws (usr_id, day, shift_id) values ('GDEKyfBX2n', 2, 1);
insert into Mws (usr_id, day, shift_id) values ('1m8gqm68RT', 2, 3);
insert into Mws (usr_id, day, shift_id) values ('QTBFUUAtkQ', 2, 2);
insert into Mws (usr_id, day, shift_id) values ('kft5sEPPfY', 2, 1);
insert into Mws (usr_id, day, shift_id) values ('DmbBGwkICv', 2, 3);

insert into Wws (usr_id, dayOfWeek, week, start_time, end_time) values ('4SGV6IVoJe', 1, 1, '10:00', '14:00');
insert into Wws (usr_id, dayOfWeek, week, start_time, end_time) values ('YbbWUGXoed', 1, 1, '12:00', '13:00');
insert into Wws (usr_id, dayOfWeek, week, start_time, end_time) values ('3OkiKAnqj', 1, 1, '19:00', '22:00');
insert into Wws (usr_id, dayOfWeek, week, start_time, end_time) values ('wLYHFO52JC', 1, 1, '12:00', '14:00');
insert into Wws (usr_id, dayOfWeek, week, start_time, end_time) values ('5zd8j6ysQv', 1, 1, '13:00', '15:00');
insert into Wws (usr_id, dayOfWeek, week, start_time, end_time) values ('xtoWTyt1Yh', 1, 1, '16:00', '17:00');
insert into Wws (usr_id, dayOfWeek, week, start_time, end_time) values ('4eDkcV8i8k', 1, 1, '15:00', '16:00');
insert into Wws (usr_id, dayOfWeek, week, start_time, end_time) values ('zuXoi6HRKy', 1, 1, '12:00', '14:00');
insert into Wws (usr_id, dayOfWeek, week, start_time, end_time) values ('CrKtHU1XDE', 1, 1, '21:00', '22:00');
insert into Wws (usr_id, dayOfWeek, week, start_time, end_time) values ('D7SW7fT5E3', 1, 1, '14:00', '15:00');
insert into Wws (usr_id, dayOfWeek, week, start_time, end_time) values ('v3JTHsQndX', 1, 1, '10:00', '12:00');
insert into Wws (usr_id, dayOfWeek, week, start_time, end_time) values ('bXm9Ufgimd', 1, 1, '20:00', '22:00');
insert into Wws (usr_id, dayOfWeek, week, start_time, end_time) values ('lPUW8aUwur', 1, 1, '12:00', '15:00');
insert into Wws (usr_id, dayOfWeek, week, start_time, end_time) values ('EmyGZnqoa_', 1, 1, '15:00', '16:00');
insert into Wws (usr_id, dayOfWeek, week, start_time, end_time) values ('SZbkeax9f', 1, 1, '16:00', '19:00');
insert into Wws (usr_id, dayOfWeek, week, start_time, end_time) values ('6DCRWibjvS', 1, 1, '13:00', '14:00');
insert into Wws (usr_id, dayOfWeek, week, start_time, end_time) values ('Ta5tsU0vBA', 1, 1, '11:00', '15:00');
insert into Wws (usr_id, dayOfWeek, week, start_time, end_time) values ('s3SgHuuQ_l', 1, 1, '13:00', '17:00');
insert into Wws (usr_id, dayOfWeek, week, start_time, end_time) values ('Q-oQOZL5nV', 1, 1, '17:00', '18:00');
insert into Wws (usr_id, dayOfWeek, week, start_time, end_time) values ('wx6pB3szeu', 1, 1, '14:00', '17:00');
insert into Wws (usr_id, dayOfWeek, week, start_time, end_time) values ('XCIscvzR-H', 1, 1, '12:00', '14:00');
insert into Wws (usr_id, dayOfWeek, week, start_time, end_time) values ('mrIK5e3A-4', 1, 1, '20:00', '21:00');
insert into Wws (usr_id, dayOfWeek, week, start_time, end_time) values ('GWwnEfu3nC', 1, 1, '11:00', '14:00');
insert into Wws (usr_id, dayOfWeek, week, start_time, end_time) values ('AmcgucKoDC', 1, 1, '19:00', '20:00');
insert into Wws (usr_id, dayOfWeek, week, start_time, end_time) values ('GMHtneWRAn', 1, 1, '21:00', '22:00');
insert into Wws (usr_id, dayOfWeek, week, start_time, end_time) values ('4SGV6IVoJe', 1, 2, '10:00', '14:00');
insert into Wws (usr_id, dayOfWeek, week, start_time, end_time) values ('YbbWUGXoed', 1, 2, '12:00', '13:00');
insert into Wws (usr_id, dayOfWeek, week, start_time, end_time) values ('3OkiKAnqj', 1, 2, '19:00', '22:00');
insert into Wws (usr_id, dayOfWeek, week, start_time, end_time) values ('wLYHFO52JC', 1, 2, '12:00', '14:00');
insert into Wws (usr_id, dayOfWeek, week, start_time, end_time) values ('5zd8j6ysQv', 1, 2, '13:00', '15:00');
insert into Wws (usr_id, dayOfWeek, week, start_time, end_time) values ('xtoWTyt1Yh', 1, 2, '16:00', '17:00');
insert into Wws (usr_id, dayOfWeek, week, start_time, end_time) values ('4eDkcV8i8k', 1, 2, '15:00', '16:00');
insert into Wws (usr_id, dayOfWeek, week, start_time, end_time) values ('zuXoi6HRKy', 1, 2, '12:00', '14:00');
insert into Wws (usr_id, dayOfWeek, week, start_time, end_time) values ('CrKtHU1XDE', 1, 2, '21:00', '22:00');
insert into Wws (usr_id, dayOfWeek, week, start_time, end_time) values ('D7SW7fT5E3', 1, 2, '14:00', '15:00');
insert into Wws (usr_id, dayOfWeek, week, start_time, end_time) values ('v3JTHsQndX', 1, 2, '10:00', '12:00');
insert into Wws (usr_id, dayOfWeek, week, start_time, end_time) values ('bXm9Ufgimd', 1, 2, '20:00', '22:00');
insert into Wws (usr_id, dayOfWeek, week, start_time, end_time) values ('lPUW8aUwur', 1, 2, '12:00', '15:00');
insert into Wws (usr_id, dayOfWeek, week, start_time, end_time) values ('EmyGZnqoa_', 1, 2, '15:00', '16:00');
insert into Wws (usr_id, dayOfWeek, week, start_time, end_time) values ('SZbkeax9f', 1, 2, '16:00', '19:00');
insert into Wws (usr_id, dayOfWeek, week, start_time, end_time) values ('6DCRWibjvS', 1, 2, '13:00', '14:00');
insert into Wws (usr_id, dayOfWeek, week, start_time, end_time) values ('Ta5tsU0vBA', 1, 2, '11:00', '15:00');
insert into Wws (usr_id, dayOfWeek, week, start_time, end_time) values ('s3SgHuuQ_l', 1, 2, '13:00', '17:00');
insert into Wws (usr_id, dayOfWeek, week, start_time, end_time) values ('Q-oQOZL5nV', 1, 2, '17:00', '18:00');
insert into Wws (usr_id, dayOfWeek, week, start_time, end_time) values ('wx6pB3szeu', 1, 2, '14:00', '17:00');
insert into Wws (usr_id, dayOfWeek, week, start_time, end_time) values ('XCIscvzR-H', 1, 2, '12:00', '14:00');
insert into Wws (usr_id, dayOfWeek, week, start_time, end_time) values ('mrIK5e3A-4', 1, 2, '20:00', '21:00');
insert into Wws (usr_id, dayOfWeek, week, start_time, end_time) values ('GWwnEfu3nC', 1, 2, '11:00', '14:00');
insert into Wws (usr_id, dayOfWeek, week, start_time, end_time) values ('AmcgucKoDC', 1, 2, '19:00', '20:00');
insert into Wws (usr_id, dayOfWeek, week, start_time, end_time) values ('GMHtneWRAn', 1, 2, '21:00', '22:00');
insert into Wws (usr_id, dayOfWeek, week, start_time, end_time) values ('4SGV6IVoJe', 1, 3, '10:00', '14:00');
insert into Wws (usr_id, dayOfWeek, week, start_time, end_time) values ('YbbWUGXoed', 1, 3, '12:00', '13:00');
insert into Wws (usr_id, dayOfWeek, week, start_time, end_time) values ('3OkiKAnqj', 1, 3, '19:00', '22:00');
insert into Wws (usr_id, dayOfWeek, week, start_time, end_time) values ('wLYHFO52JC', 1, 3, '12:00', '14:00');
insert into Wws (usr_id, dayOfWeek, week, start_time, end_time) values ('5zd8j6ysQv', 1, 3, '13:00', '15:00');
insert into Wws (usr_id, dayOfWeek, week, start_time, end_time) values ('xtoWTyt1Yh', 1, 3, '16:00', '17:00');
insert into Wws (usr_id, dayOfWeek, week, start_time, end_time) values ('4eDkcV8i8k', 1, 3, '15:00', '16:00');
insert into Wws (usr_id, dayOfWeek, week, start_time, end_time) values ('zuXoi6HRKy', 1, 3, '12:00', '14:00');
insert into Wws (usr_id, dayOfWeek, week, start_time, end_time) values ('CrKtHU1XDE', 1, 3, '21:00', '22:00');
insert into Wws (usr_id, dayOfWeek, week, start_time, end_time) values ('D7SW7fT5E3', 1, 3, '14:00', '15:00');
insert into Wws (usr_id, dayOfWeek, week, start_time, end_time) values ('v3JTHsQndX', 1, 3, '10:00', '12:00');
insert into Wws (usr_id, dayOfWeek, week, start_time, end_time) values ('bXm9Ufgimd', 1, 3, '20:00', '22:00');
insert into Wws (usr_id, dayOfWeek, week, start_time, end_time) values ('lPUW8aUwur', 1, 3, '12:00', '15:00');
insert into Wws (usr_id, dayOfWeek, week, start_time, end_time) values ('EmyGZnqoa_', 1, 3, '15:00', '16:00');
insert into Wws (usr_id, dayOfWeek, week, start_time, end_time) values ('SZbkeax9f', 1, 3, '16:00', '19:00');
insert into Wws (usr_id, dayOfWeek, week, start_time, end_time) values ('6DCRWibjvS', 1, 3, '13:00', '14:00');
insert into Wws (usr_id, dayOfWeek, week, start_time, end_time) values ('Ta5tsU0vBA', 1, 3, '11:00', '15:00');
insert into Wws (usr_id, dayOfWeek, week, start_time, end_time) values ('s3SgHuuQ_l', 1, 3, '13:00', '17:00');
insert into Wws (usr_id, dayOfWeek, week, start_time, end_time) values ('Q-oQOZL5nV', 1, 3, '17:00', '18:00');
insert into Wws (usr_id, dayOfWeek, week, start_time, end_time) values ('wx6pB3szeu', 1, 3, '14:00', '17:00');
insert into Wws (usr_id, dayOfWeek, week, start_time, end_time) values ('XCIscvzR-H', 1, 3, '12:00', '14:00');
insert into Wws (usr_id, dayOfWeek, week, start_time, end_time) values ('mrIK5e3A-4', 1, 3, '20:00', '21:00');
insert into Wws (usr_id, dayOfWeek, week, start_time, end_time) values ('GWwnEfu3nC', 1, 3, '11:00', '14:00');
insert into Wws (usr_id, dayOfWeek, week, start_time, end_time) values ('AmcgucKoDC', 1, 3, '19:00', '20:00');
insert into Wws (usr_id, dayOfWeek, week, start_time, end_time) values ('GMHtneWRAn', 1, 3, '21:00', '22:00');
insert into Wws (usr_id, dayOfWeek, week, start_time, end_time) values ('4SGV6IVoJe', 1, 4, '10:00', '14:00');
insert into Wws (usr_id, dayOfWeek, week, start_time, end_time) values ('SZbkeax9f', 1, 4, '16:00', '19:00');
insert into Wws (usr_id, dayOfWeek, week, start_time, end_time) values ('6DCRWibjvS', 1, 4, '13:00', '14:00');
insert into Wws (usr_id, dayOfWeek, week, start_time, end_time) values ('Ta5tsU0vBA', 1, 4, '11:00', '15:00');
insert into Wws (usr_id, dayOfWeek, week, start_time, end_time) values ('s3SgHuuQ_l', 1, 4, '13:00', '17:00');
insert into Wws (usr_id, dayOfWeek, week, start_time, end_time) values ('Q-oQOZL5nV', 1, 4, '17:00', '18:00');
insert into Wws (usr_id, dayOfWeek, week, start_time, end_time) values ('wx6pB3szeu', 1, 4, '14:00', '17:00');
insert into Wws (usr_id, dayOfWeek, week, start_time, end_time) values ('XCIscvzR-H', 1, 4, '12:00', '14:00');
insert into Wws (usr_id, dayOfWeek, week, start_time, end_time) values ('mrIK5e3A-4', 1, 4, '20:00', '21:00');
insert into Wws (usr_id, dayOfWeek, week, start_time, end_time) values ('GWwnEfu3nC', 1, 4, '11:00', '14:00');
insert into Wws (usr_id, dayOfWeek, week, start_time, end_time) values ('AmcgucKoDC', 1, 4, '19:00', '20:00');
insert into Wws (usr_id, dayOfWeek, week, start_time, end_time) values ('GMHtneWRAn', 1, 4, '21:00', '22:00');
insert into Wws (usr_id, dayOfWeek, week, start_time, end_time) values ('YbbWUGXoed', 1, 5, '12:00', '13:00');
insert into Wws (usr_id, dayOfWeek, week, start_time, end_time) values ('3OkiKAnqj', 1, 5, '19:00', '22:00');
insert into Wws (usr_id, dayOfWeek, week, start_time, end_time) values ('wLYHFO52JC', 1, 5, '12:00', '14:00');
insert into Wws (usr_id, dayOfWeek, week, start_time, end_time) values ('5zd8j6ysQv', 1, 5, '13:00', '15:00');
insert into Wws (usr_id, dayOfWeek, week, start_time, end_time) values ('xtoWTyt1Yh', 1, 5, '16:00', '17:00');
insert into Wws (usr_id, dayOfWeek, week, start_time, end_time) values ('4eDkcV8i8k', 1, 5, '15:00', '16:00');
insert into Wws (usr_id, dayOfWeek, week, start_time, end_time) values ('zuXoi6HRKy', 1, 5, '12:00', '14:00');
insert into Wws (usr_id, dayOfWeek, week, start_time, end_time) values ('CrKtHU1XDE', 1, 5, '21:00', '22:00');
insert into Wws (usr_id, dayOfWeek, week, start_time, end_time) values ('D7SW7fT5E3', 1, 5, '14:00', '15:00');
insert into Wws (usr_id, dayOfWeek, week, start_time, end_time) values ('v3JTHsQndX', 1, 5, '10:00', '12:00');
insert into Wws (usr_id, dayOfWeek, week, start_time, end_time) values ('bXm9Ufgimd', 1, 5, '20:00', '22:00');
insert into Wws (usr_id, dayOfWeek, week, start_time, end_time) values ('lPUW8aUwur', 1, 6, '12:00', '15:00');
insert into Wws (usr_id, dayOfWeek, week, start_time, end_time) values ('4SGV6IVoJe', 1, 6, '10:00', '14:00');
insert into Wws (usr_id, dayOfWeek, week, start_time, end_time) values ('YbbWUGXoed', 1, 6, '12:00', '13:00');
insert into Wws (usr_id, dayOfWeek, week, start_time, end_time) values ('3OkiKAnqj', 1, 6, '19:00', '22:00');
insert into Wws (usr_id, dayOfWeek, week, start_time, end_time) values ('wLYHFO52JC', 1, 6, '12:00', '14:00');
insert into Wws (usr_id, dayOfWeek, week, start_time, end_time) values ('5zd8j6ysQv', 1, 6, '13:00', '15:00');
insert into Wws (usr_id, dayOfWeek, week, start_time, end_time) values ('xtoWTyt1Yh', 1, 6, '16:00', '17:00');
insert into Wws (usr_id, dayOfWeek, week, start_time, end_time) values ('4eDkcV8i8k', 1, 6, '15:00', '16:00');
insert into Wws (usr_id, dayOfWeek, week, start_time, end_time) values ('zuXoi6HRKy', 1, 6, '12:00', '14:00');
insert into Wws (usr_id, dayOfWeek, week, start_time, end_time) values ('CrKtHU1XDE', 1, 6, '21:00', '22:00');
insert into Wws (usr_id, dayOfWeek, week, start_time, end_time) values ('D7SW7fT5E3', 1, 6, '14:00', '15:00');
insert into Wws (usr_id, dayOfWeek, week, start_time, end_time) values ('v3JTHsQndX', 1, 6, '10:00', '12:00');
insert into Wws (usr_id, dayOfWeek, week, start_time, end_time) values ('bXm9Ufgimd', 1, 6, '20:00', '22:00');
insert into Wws (usr_id, dayOfWeek, week, start_time, end_time) values ('lPUW8aUwur', 1, 7, '12:00', '15:00');
insert into Wws (usr_id, dayOfWeek, week, start_time, end_time) values ('EmyGZnqoa_', 1, 7, '15:00', '16:00');
insert into Wws (usr_id, dayOfWeek, week, start_time, end_time) values ('SZbkeax9f', 1, 7, '16:00', '19:00');
insert into Wws (usr_id, dayOfWeek, week, start_time, end_time) values ('6DCRWibjvS', 1, 7, '13:00', '14:00');
insert into Wws (usr_id, dayOfWeek, week, start_time, end_time) values ('Ta5tsU0vBA', 1, 7, '11:00', '15:00');
insert into Wws (usr_id, dayOfWeek, week, start_time, end_time) values ('s3SgHuuQ_l', 1, 7, '13:00', '17:00');
insert into Wws (usr_id, dayOfWeek, week, start_time, end_time) values ('Q-oQOZL5nV', 1, 7, '17:00', '18:00');
insert into Wws (usr_id, dayOfWeek, week, start_time, end_time) values ('wx6pB3szeu', 1, 7, '14:00', '17:00');
insert into Wws (usr_id, dayOfWeek, week, start_time, end_time) values ('XCIscvzR-H', 1, 7, '12:00', '14:00');
insert into Wws (usr_id, dayOfWeek, week, start_time, end_time) values ('mrIK5e3A-4', 1, 7, '20:00', '21:00');
insert into Wws (usr_id, dayOfWeek, week, start_time, end_time) values ('GWwnEfu3nC', 1, 7, '11:00', '14:00');
insert into Wws (usr_id, dayOfWeek, week, start_time, end_time) values ('AmcgucKoDC', 1, 7, '19:00', '20:00');
insert into Wws (usr_id, dayOfWeek, week, start_time, end_time) values ('GMHtneWRAn', 1, 7, '21:00', '22:00');


insert into Wws (usr_id, dayOfWeek, week, start_time, end_time) values ('4SGV6IVoJe', 2, 1, '10:00', '14:00');
insert into Wws (usr_id, dayOfWeek, week, start_time, end_time) values ('YbbWUGXoed', 2, 1, '12:00', '13:00');
insert into Wws (usr_id, dayOfWeek, week, start_time, end_time) values ('3OkiKAnqj', 2, 1, '19:00', '22:00');
insert into Wws (usr_id, dayOfWeek, week, start_time, end_time) values ('wLYHFO52JC', 2, 1, '12:00', '14:00');
insert into Wws (usr_id, dayOfWeek, week, start_time, end_time) values ('5zd8j6ysQv', 2, 1, '13:00', '15:00');
insert into Wws (usr_id, dayOfWeek, week, start_time, end_time) values ('xtoWTyt1Yh', 2, 1, '16:00', '17:00');
insert into Wws (usr_id, dayOfWeek, week, start_time, end_time) values ('4eDkcV8i8k', 2, 1, '15:00', '16:00');
insert into Wws (usr_id, dayOfWeek, week, start_time, end_time) values ('zuXoi6HRKy', 2, 1, '12:00', '14:00');
insert into Wws (usr_id, dayOfWeek, week, start_time, end_time) values ('CrKtHU1XDE', 2, 1, '21:00', '22:00');
insert into Wws (usr_id, dayOfWeek, week, start_time, end_time) values ('D7SW7fT5E3', 2, 1, '14:00', '15:00');
insert into Wws (usr_id, dayOfWeek, week, start_time, end_time) values ('v3JTHsQndX', 2, 1, '10:00', '12:00');
insert into Wws (usr_id, dayOfWeek, week, start_time, end_time) values ('bXm9Ufgimd', 2, 1, '20:00', '22:00');
insert into Wws (usr_id, dayOfWeek, week, start_time, end_time) values ('lPUW8aUwur', 2, 1, '12:00', '15:00');
insert into Wws (usr_id, dayOfWeek, week, start_time, end_time) values ('EmyGZnqoa_', 2, 1, '15:00', '16:00');
insert into Wws (usr_id, dayOfWeek, week, start_time, end_time) values ('SZbkeax9f', 2, 1, '16:00', '19:00');
insert into Wws (usr_id, dayOfWeek, week, start_time, end_time) values ('6DCRWibjvS', 2, 1, '13:00', '14:00');
insert into Wws (usr_id, dayOfWeek, week, start_time, end_time) values ('Ta5tsU0vBA', 2, 1, '11:00', '15:00');
insert into Wws (usr_id, dayOfWeek, week, start_time, end_time) values ('s3SgHuuQ_l', 2, 1, '13:00', '17:00');
insert into Wws (usr_id, dayOfWeek, week, start_time, end_time) values ('Q-oQOZL5nV', 2, 1, '17:00', '18:00');
insert into Wws (usr_id, dayOfWeek, week, start_time, end_time) values ('wx6pB3szeu', 2, 1, '14:00', '17:00');
insert into Wws (usr_id, dayOfWeek, week, start_time, end_time) values ('XCIscvzR-H', 2, 1, '12:00', '14:00');
insert into Wws (usr_id, dayOfWeek, week, start_time, end_time) values ('mrIK5e3A-4', 2, 1, '20:00', '21:00');
insert into Wws (usr_id, dayOfWeek, week, start_time, end_time) values ('GWwnEfu3nC', 2, 1, '11:00', '14:00');
insert into Wws (usr_id, dayOfWeek, week, start_time, end_time) values ('AmcgucKoDC', 2, 1, '19:00', '20:00');
insert into Wws (usr_id, dayOfWeek, week, start_time, end_time) values ('GMHtneWRAn', 2, 1, '21:00', '22:00');
insert into Wws (usr_id, dayOfWeek, week, start_time, end_time) values ('4SGV6IVoJe', 2, 2, '10:00', '14:00');
insert into Wws (usr_id, dayOfWeek, week, start_time, end_time) values ('YbbWUGXoed', 2, 2, '12:00', '13:00');
insert into Wws (usr_id, dayOfWeek, week, start_time, end_time) values ('3OkiKAnqj', 2, 2, '19:00', '22:00');
insert into Wws (usr_id, dayOfWeek, week, start_time, end_time) values ('wLYHFO52JC', 2, 2, '12:00', '14:00');
insert into Wws (usr_id, dayOfWeek, week, start_time, end_time) values ('5zd8j6ysQv', 2, 2, '13:00', '15:00');
insert into Wws (usr_id, dayOfWeek, week, start_time, end_time) values ('xtoWTyt1Yh', 2, 2, '16:00', '17:00');
insert into Wws (usr_id, dayOfWeek, week, start_time, end_time) values ('4eDkcV8i8k', 2, 2, '15:00', '16:00');
insert into Wws (usr_id, dayOfWeek, week, start_time, end_time) values ('zuXoi6HRKy', 2, 2, '12:00', '14:00');
insert into Wws (usr_id, dayOfWeek, week, start_time, end_time) values ('CrKtHU1XDE', 2, 2, '21:00', '22:00');
insert into Wws (usr_id, dayOfWeek, week, start_time, end_time) values ('D7SW7fT5E3', 2, 2, '14:00', '15:00');
insert into Wws (usr_id, dayOfWeek, week, start_time, end_time) values ('v3JTHsQndX', 2, 2, '10:00', '12:00');
insert into Wws (usr_id, dayOfWeek, week, start_time, end_time) values ('bXm9Ufgimd', 2, 2, '20:00', '22:00');
insert into Wws (usr_id, dayOfWeek, week, start_time, end_time) values ('lPUW8aUwur', 2, 2, '12:00', '15:00');
insert into Wws (usr_id, dayOfWeek, week, start_time, end_time) values ('EmyGZnqoa_', 2, 2, '15:00', '16:00');
insert into Wws (usr_id, dayOfWeek, week, start_time, end_time) values ('SZbkeax9f', 2, 2, '16:00', '19:00');
insert into Wws (usr_id, dayOfWeek, week, start_time, end_time) values ('6DCRWibjvS', 2, 2, '13:00', '14:00');
insert into Wws (usr_id, dayOfWeek, week, start_time, end_time) values ('Ta5tsU0vBA', 2, 2, '11:00', '15:00');
insert into Wws (usr_id, dayOfWeek, week, start_time, end_time) values ('s3SgHuuQ_l', 2, 2, '13:00', '17:00');
insert into Wws (usr_id, dayOfWeek, week, start_time, end_time) values ('Q-oQOZL5nV', 2, 2, '17:00', '18:00');
insert into Wws (usr_id, dayOfWeek, week, start_time, end_time) values ('wx6pB3szeu', 2, 2, '14:00', '17:00');
insert into Wws (usr_id, dayOfWeek, week, start_time, end_time) values ('XCIscvzR-H', 2, 2, '12:00', '14:00');
insert into Wws (usr_id, dayOfWeek, week, start_time, end_time) values ('mrIK5e3A-4', 2, 2, '20:00', '21:00');
insert into Wws (usr_id, dayOfWeek, week, start_time, end_time) values ('GWwnEfu3nC', 2, 2, '11:00', '14:00');
insert into Wws (usr_id, dayOfWeek, week, start_time, end_time) values ('AmcgucKoDC', 2, 2, '19:00', '20:00');
insert into Wws (usr_id, dayOfWeek, week, start_time, end_time) values ('GMHtneWRAn', 2, 2, '21:00', '22:00');
insert into Wws (usr_id, dayOfWeek, week, start_time, end_time) values ('4SGV6IVoJe', 2, 3, '10:00', '14:00');
insert into Wws (usr_id, dayOfWeek, week, start_time, end_time) values ('YbbWUGXoed', 2, 3, '12:00', '13:00');
insert into Wws (usr_id, dayOfWeek, week, start_time, end_time) values ('3OkiKAnqj', 2, 3, '19:00', '22:00');
insert into Wws (usr_id, dayOfWeek, week, start_time, end_time) values ('wLYHFO52JC', 2, 3, '12:00', '14:00');
insert into Wws (usr_id, dayOfWeek, week, start_time, end_time) values ('5zd8j6ysQv', 2, 3, '13:00', '15:00');
insert into Wws (usr_id, dayOfWeek, week, start_time, end_time) values ('xtoWTyt1Yh', 2, 3, '16:00', '17:00');
insert into Wws (usr_id, dayOfWeek, week, start_time, end_time) values ('4eDkcV8i8k', 2, 3, '15:00', '16:00');
insert into Wws (usr_id, dayOfWeek, week, start_time, end_time) values ('zuXoi6HRKy', 2, 3, '12:00', '14:00');
insert into Wws (usr_id, dayOfWeek, week, start_time, end_time) values ('CrKtHU1XDE', 2, 3, '21:00', '22:00');
insert into Wws (usr_id, dayOfWeek, week, start_time, end_time) values ('D7SW7fT5E3', 2, 3, '14:00', '15:00');
insert into Wws (usr_id, dayOfWeek, week, start_time, end_time) values ('v3JTHsQndX', 2, 3, '10:00', '12:00');
insert into Wws (usr_id, dayOfWeek, week, start_time, end_time) values ('bXm9Ufgimd', 2, 3, '20:00', '22:00');
insert into Wws (usr_id, dayOfWeek, week, start_time, end_time) values ('lPUW8aUwur', 2, 3, '12:00', '15:00');
insert into Wws (usr_id, dayOfWeek, week, start_time, end_time) values ('EmyGZnqoa_', 2, 3, '15:00', '16:00');
insert into Wws (usr_id, dayOfWeek, week, start_time, end_time) values ('SZbkeax9f', 2, 3, '16:00', '19:00');
insert into Wws (usr_id, dayOfWeek, week, start_time, end_time) values ('6DCRWibjvS', 2, 3, '13:00', '14:00');
insert into Wws (usr_id, dayOfWeek, week, start_time, end_time) values ('Ta5tsU0vBA', 2, 3, '11:00', '15:00');
insert into Wws (usr_id, dayOfWeek, week, start_time, end_time) values ('s3SgHuuQ_l', 2, 3, '13:00', '17:00');
insert into Wws (usr_id, dayOfWeek, week, start_time, end_time) values ('Q-oQOZL5nV', 2, 3, '17:00', '18:00');
insert into Wws (usr_id, dayOfWeek, week, start_time, end_time) values ('wx6pB3szeu', 2, 3, '14:00', '17:00');
insert into Wws (usr_id, dayOfWeek, week, start_time, end_time) values ('XCIscvzR-H', 2, 3, '12:00', '14:00');
insert into Wws (usr_id, dayOfWeek, week, start_time, end_time) values ('mrIK5e3A-4', 2, 3, '20:00', '21:00');
insert into Wws (usr_id, dayOfWeek, week, start_time, end_time) values ('GWwnEfu3nC', 2, 3, '11:00', '14:00');
insert into Wws (usr_id, dayOfWeek, week, start_time, end_time) values ('AmcgucKoDC', 2, 3, '19:00', '20:00');
insert into Wws (usr_id, dayOfWeek, week, start_time, end_time) values ('GMHtneWRAn', 2, 3, '21:00', '22:00');
insert into Wws (usr_id, dayOfWeek, week, start_time, end_time) values ('4SGV6IVoJe', 2, 4, '10:00', '14:00');
insert into Wws (usr_id, dayOfWeek, week, start_time, end_time) values ('SZbkeax9f', 2, 4, '16:00', '19:00');
insert into Wws (usr_id, dayOfWeek, week, start_time, end_time) values ('6DCRWibjvS', 2, 4, '13:00', '14:00');
insert into Wws (usr_id, dayOfWeek, week, start_time, end_time) values ('Ta5tsU0vBA', 2, 4, '11:00', '15:00');
insert into Wws (usr_id, dayOfWeek, week, start_time, end_time) values ('s3SgHuuQ_l', 2, 4, '13:00', '17:00');
insert into Wws (usr_id, dayOfWeek, week, start_time, end_time) values ('Q-oQOZL5nV', 2, 4, '17:00', '18:00');
insert into Wws (usr_id, dayOfWeek, week, start_time, end_time) values ('wx6pB3szeu', 2, 4, '14:00', '17:00');
insert into Wws (usr_id, dayOfWeek, week, start_time, end_time) values ('XCIscvzR-H', 2, 4, '12:00', '14:00');
insert into Wws (usr_id, dayOfWeek, week, start_time, end_time) values ('mrIK5e3A-4', 2, 4, '20:00', '21:00');
insert into Wws (usr_id, dayOfWeek, week, start_time, end_time) values ('GWwnEfu3nC', 2, 4, '11:00', '14:00');
insert into Wws (usr_id, dayOfWeek, week, start_time, end_time) values ('AmcgucKoDC', 2, 4, '19:00', '20:00');
insert into Wws (usr_id, dayOfWeek, week, start_time, end_time) values ('GMHtneWRAn', 2, 4, '21:00', '22:00');
insert into Wws (usr_id, dayOfWeek, week, start_time, end_time) values ('YbbWUGXoed', 2, 5, '12:00', '13:00');
insert into Wws (usr_id, dayOfWeek, week, start_time, end_time) values ('3OkiKAnqj', 2, 5, '19:00', '22:00');
insert into Wws (usr_id, dayOfWeek, week, start_time, end_time) values ('wLYHFO52JC', 2, 5, '12:00', '14:00');
insert into Wws (usr_id, dayOfWeek, week, start_time, end_time) values ('5zd8j6ysQv', 2, 5, '13:00', '15:00');
insert into Wws (usr_id, dayOfWeek, week, start_time, end_time) values ('xtoWTyt1Yh', 2, 5, '16:00', '17:00');
insert into Wws (usr_id, dayOfWeek, week, start_time, end_time) values ('4eDkcV8i8k', 2, 5, '15:00', '16:00');
insert into Wws (usr_id, dayOfWeek, week, start_time, end_time) values ('zuXoi6HRKy', 2, 5, '12:00', '14:00');
insert into Wws (usr_id, dayOfWeek, week, start_time, end_time) values ('CrKtHU1XDE', 2, 5, '21:00', '22:00');
insert into Wws (usr_id, dayOfWeek, week, start_time, end_time) values ('D7SW7fT5E3', 2, 5, '14:00', '15:00');
insert into Wws (usr_id, dayOfWeek, week, start_time, end_time) values ('v3JTHsQndX', 2, 5, '10:00', '12:00');
insert into Wws (usr_id, dayOfWeek, week, start_time, end_time) values ('bXm9Ufgimd', 2, 5, '20:00', '22:00');
insert into Wws (usr_id, dayOfWeek, week, start_time, end_time) values ('lPUW8aUwur', 2, 6, '12:00', '15:00');
insert into Wws (usr_id, dayOfWeek, week, start_time, end_time) values ('4SGV6IVoJe', 2, 6, '10:00', '14:00');
insert into Wws (usr_id, dayOfWeek, week, start_time, end_time) values ('YbbWUGXoed', 2, 6, '12:00', '13:00');
insert into Wws (usr_id, dayOfWeek, week, start_time, end_time) values ('3OkiKAnqj', 2, 6, '19:00', '22:00');
insert into Wws (usr_id, dayOfWeek, week, start_time, end_time) values ('wLYHFO52JC', 2, 6, '12:00', '14:00');
insert into Wws (usr_id, dayOfWeek, week, start_time, end_time) values ('5zd8j6ysQv', 2, 6, '13:00', '15:00');
insert into Wws (usr_id, dayOfWeek, week, start_time, end_time) values ('xtoWTyt1Yh', 2, 6, '16:00', '17:00');
insert into Wws (usr_id, dayOfWeek, week, start_time, end_time) values ('4eDkcV8i8k', 2, 6, '15:00', '16:00');
insert into Wws (usr_id, dayOfWeek, week, start_time, end_time) values ('zuXoi6HRKy', 2, 6, '12:00', '14:00');
insert into Wws (usr_id, dayOfWeek, week, start_time, end_time) values ('CrKtHU1XDE', 2, 6, '21:00', '22:00');
insert into Wws (usr_id, dayOfWeek, week, start_time, end_time) values ('D7SW7fT5E3', 2, 6, '14:00', '15:00');
insert into Wws (usr_id, dayOfWeek, week, start_time, end_time) values ('v3JTHsQndX', 2, 6, '10:00', '12:00');
insert into Wws (usr_id, dayOfWeek, week, start_time, end_time) values ('bXm9Ufgimd', 2, 6, '20:00', '22:00');
insert into Wws (usr_id, dayOfWeek, week, start_time, end_time) values ('lPUW8aUwur', 2, 7, '12:00', '15:00');
insert into Wws (usr_id, dayOfWeek, week, start_time, end_time) values ('EmyGZnqoa_', 2, 7, '15:00', '16:00');
insert into Wws (usr_id, dayOfWeek, week, start_time, end_time) values ('SZbkeax9f', 2, 7, '16:00', '19:00');
insert into Wws (usr_id, dayOfWeek, week, start_time, end_time) values ('6DCRWibjvS', 2, 7, '13:00', '14:00');
insert into Wws (usr_id, dayOfWeek, week, start_time, end_time) values ('Ta5tsU0vBA', 2, 7, '11:00', '15:00');
insert into Wws (usr_id, dayOfWeek, week, start_time, end_time) values ('s3SgHuuQ_l', 2, 7, '13:00', '17:00');
insert into Wws (usr_id, dayOfWeek, week, start_time, end_time) values ('Q-oQOZL5nV', 2, 7, '17:00', '18:00');
insert into Wws (usr_id, dayOfWeek, week, start_time, end_time) values ('wx6pB3szeu', 2, 7, '14:00', '17:00');
insert into Wws (usr_id, dayOfWeek, week, start_time, end_time) values ('XCIscvzR-H', 2, 7, '12:00', '14:00');
insert into Wws (usr_id, dayOfWeek, week, start_time, end_time) values ('mrIK5e3A-4', 2, 7, '20:00', '21:00');
insert into Wws (usr_id, dayOfWeek, week, start_time, end_time) values ('GWwnEfu3nC', 2, 7, '11:00', '14:00');
insert into Wws (usr_id, dayOfWeek, week, start_time, end_time) values ('AmcgucKoDC', 2, 7, '19:00', '20:00');
insert into Wws (usr_id, dayOfWeek, week, start_time, end_time) values ('GMHtneWRAn', 2, 7, '21:00', '22:00');


insert into Wws (usr_id, dayOfWeek, week, start_time, end_time) values ('4SGV6IVoJe', 3, 1, '10:00', '14:00');
insert into Wws (usr_id, dayOfWeek, week, start_time, end_time) values ('YbbWUGXoed', 3, 1, '12:00', '13:00');
insert into Wws (usr_id, dayOfWeek, week, start_time, end_time) values ('3OkiKAnqj', 3, 1, '19:00', '22:00');
insert into Wws (usr_id, dayOfWeek, week, start_time, end_time) values ('wLYHFO52JC', 3, 1, '12:00', '14:00');
insert into Wws (usr_id, dayOfWeek, week, start_time, end_time) values ('5zd8j6ysQv', 3, 1, '13:00', '15:00');
insert into Wws (usr_id, dayOfWeek, week, start_time, end_time) values ('xtoWTyt1Yh', 3, 1, '16:00', '17:00');
insert into Wws (usr_id, dayOfWeek, week, start_time, end_time) values ('4eDkcV8i8k', 3, 1, '15:00', '16:00');
insert into Wws (usr_id, dayOfWeek, week, start_time, end_time) values ('zuXoi6HRKy', 3, 1, '12:00', '14:00');
insert into Wws (usr_id, dayOfWeek, week, start_time, end_time) values ('CrKtHU1XDE', 3, 1, '21:00', '22:00');
insert into Wws (usr_id, dayOfWeek, week, start_time, end_time) values ('D7SW7fT5E3', 3, 1, '14:00', '15:00');
insert into Wws (usr_id, dayOfWeek, week, start_time, end_time) values ('v3JTHsQndX', 3, 1, '10:00', '12:00');
insert into Wws (usr_id, dayOfWeek, week, start_time, end_time) values ('bXm9Ufgimd', 3, 1, '20:00', '22:00');
insert into Wws (usr_id, dayOfWeek, week, start_time, end_time) values ('lPUW8aUwur', 3, 1, '12:00', '15:00');
insert into Wws (usr_id, dayOfWeek, week, start_time, end_time) values ('EmyGZnqoa_', 3, 1, '15:00', '16:00');
insert into Wws (usr_id, dayOfWeek, week, start_time, end_time) values ('SZbkeax9f', 3, 1, '16:00', '19:00');
insert into Wws (usr_id, dayOfWeek, week, start_time, end_time) values ('6DCRWibjvS', 3, 1, '13:00', '14:00');
insert into Wws (usr_id, dayOfWeek, week, start_time, end_time) values ('Ta5tsU0vBA', 3, 1, '11:00', '15:00');
insert into Wws (usr_id, dayOfWeek, week, start_time, end_time) values ('s3SgHuuQ_l', 3, 1, '13:00', '17:00');
insert into Wws (usr_id, dayOfWeek, week, start_time, end_time) values ('Q-oQOZL5nV', 3, 1, '17:00', '18:00');
insert into Wws (usr_id, dayOfWeek, week, start_time, end_time) values ('wx6pB3szeu', 3, 1, '14:00', '17:00');
insert into Wws (usr_id, dayOfWeek, week, start_time, end_time) values ('XCIscvzR-H', 3, 1, '12:00', '14:00');
insert into Wws (usr_id, dayOfWeek, week, start_time, end_time) values ('mrIK5e3A-4', 3, 1, '20:00', '21:00');
insert into Wws (usr_id, dayOfWeek, week, start_time, end_time) values ('GWwnEfu3nC', 3, 1, '11:00', '14:00');
insert into Wws (usr_id, dayOfWeek, week, start_time, end_time) values ('AmcgucKoDC', 3, 1, '19:00', '20:00');
insert into Wws (usr_id, dayOfWeek, week, start_time, end_time) values ('GMHtneWRAn', 3, 1, '21:00', '22:00');
insert into Wws (usr_id, dayOfWeek, week, start_time, end_time) values ('4SGV6IVoJe', 3, 2, '10:00', '14:00');
insert into Wws (usr_id, dayOfWeek, week, start_time, end_time) values ('YbbWUGXoed', 3, 2, '12:00', '13:00');
insert into Wws (usr_id, dayOfWeek, week, start_time, end_time) values ('3OkiKAnqj', 3, 2, '19:00', '22:00');
insert into Wws (usr_id, dayOfWeek, week, start_time, end_time) values ('wLYHFO52JC', 3, 2, '12:00', '14:00');
insert into Wws (usr_id, dayOfWeek, week, start_time, end_time) values ('5zd8j6ysQv', 3, 2, '13:00', '15:00');
insert into Wws (usr_id, dayOfWeek, week, start_time, end_time) values ('xtoWTyt1Yh', 3, 2, '16:00', '17:00');
insert into Wws (usr_id, dayOfWeek, week, start_time, end_time) values ('4eDkcV8i8k', 3, 2, '15:00', '16:00');
insert into Wws (usr_id, dayOfWeek, week, start_time, end_time) values ('zuXoi6HRKy', 3, 2, '12:00', '14:00');
insert into Wws (usr_id, dayOfWeek, week, start_time, end_time) values ('CrKtHU1XDE', 3, 2, '21:00', '22:00');
insert into Wws (usr_id, dayOfWeek, week, start_time, end_time) values ('D7SW7fT5E3', 3, 2, '14:00', '15:00');
insert into Wws (usr_id, dayOfWeek, week, start_time, end_time) values ('v3JTHsQndX', 3, 2, '10:00', '12:00');
insert into Wws (usr_id, dayOfWeek, week, start_time, end_time) values ('bXm9Ufgimd', 3, 2, '20:00', '22:00');
insert into Wws (usr_id, dayOfWeek, week, start_time, end_time) values ('lPUW8aUwur', 3, 2, '12:00', '15:00');
insert into Wws (usr_id, dayOfWeek, week, start_time, end_time) values ('EmyGZnqoa_', 3, 2, '15:00', '16:00');
insert into Wws (usr_id, dayOfWeek, week, start_time, end_time) values ('SZbkeax9f', 3, 2, '16:00', '19:00');
insert into Wws (usr_id, dayOfWeek, week, start_time, end_time) values ('6DCRWibjvS', 3, 2, '13:00', '14:00');
insert into Wws (usr_id, dayOfWeek, week, start_time, end_time) values ('Ta5tsU0vBA', 3, 2, '11:00', '15:00');
insert into Wws (usr_id, dayOfWeek, week, start_time, end_time) values ('s3SgHuuQ_l', 3, 2, '13:00', '17:00');
insert into Wws (usr_id, dayOfWeek, week, start_time, end_time) values ('Q-oQOZL5nV', 3, 2, '17:00', '18:00');
insert into Wws (usr_id, dayOfWeek, week, start_time, end_time) values ('wx6pB3szeu', 3, 2, '14:00', '17:00');
insert into Wws (usr_id, dayOfWeek, week, start_time, end_time) values ('XCIscvzR-H', 3, 2, '12:00', '14:00');
insert into Wws (usr_id, dayOfWeek, week, start_time, end_time) values ('mrIK5e3A-4', 3, 2, '20:00', '21:00');
insert into Wws (usr_id, dayOfWeek, week, start_time, end_time) values ('GWwnEfu3nC', 3, 2, '11:00', '14:00');
insert into Wws (usr_id, dayOfWeek, week, start_time, end_time) values ('AmcgucKoDC', 3, 2, '19:00', '20:00');
insert into Wws (usr_id, dayOfWeek, week, start_time, end_time) values ('GMHtneWRAn', 3, 2, '21:00', '22:00');
insert into Wws (usr_id, dayOfWeek, week, start_time, end_time) values ('4SGV6IVoJe', 3, 3, '10:00', '14:00');
insert into Wws (usr_id, dayOfWeek, week, start_time, end_time) values ('YbbWUGXoed', 3, 3, '12:00', '13:00');
insert into Wws (usr_id, dayOfWeek, week, start_time, end_time) values ('3OkiKAnqj', 3, 3, '19:00', '22:00');
insert into Wws (usr_id, dayOfWeek, week, start_time, end_time) values ('wLYHFO52JC', 3, 3, '12:00', '14:00');
insert into Wws (usr_id, dayOfWeek, week, start_time, end_time) values ('5zd8j6ysQv', 3, 3, '13:00', '15:00');
insert into Wws (usr_id, dayOfWeek, week, start_time, end_time) values ('xtoWTyt1Yh', 3, 3, '16:00', '17:00');
insert into Wws (usr_id, dayOfWeek, week, start_time, end_time) values ('4eDkcV8i8k', 3, 3, '15:00', '16:00');
insert into Wws (usr_id, dayOfWeek, week, start_time, end_time) values ('zuXoi6HRKy', 3, 3, '12:00', '14:00');
insert into Wws (usr_id, dayOfWeek, week, start_time, end_time) values ('CrKtHU1XDE', 3, 3, '21:00', '22:00');
insert into Wws (usr_id, dayOfWeek, week, start_time, end_time) values ('D7SW7fT5E3', 3, 3, '14:00', '15:00');
insert into Wws (usr_id, dayOfWeek, week, start_time, end_time) values ('v3JTHsQndX', 3, 3, '10:00', '12:00');
insert into Wws (usr_id, dayOfWeek, week, start_time, end_time) values ('bXm9Ufgimd', 3, 3, '20:00', '22:00');
insert into Wws (usr_id, dayOfWeek, week, start_time, end_time) values ('lPUW8aUwur', 3, 3, '12:00', '15:00');
insert into Wws (usr_id, dayOfWeek, week, start_time, end_time) values ('EmyGZnqoa_', 3, 3, '15:00', '16:00');
insert into Wws (usr_id, dayOfWeek, week, start_time, end_time) values ('SZbkeax9f', 3, 3, '16:00', '19:00');
insert into Wws (usr_id, dayOfWeek, week, start_time, end_time) values ('6DCRWibjvS', 3, 3, '13:00', '14:00');
insert into Wws (usr_id, dayOfWeek, week, start_time, end_time) values ('Ta5tsU0vBA', 3, 3, '11:00', '15:00');
insert into Wws (usr_id, dayOfWeek, week, start_time, end_time) values ('s3SgHuuQ_l', 3, 3, '13:00', '17:00');
insert into Wws (usr_id, dayOfWeek, week, start_time, end_time) values ('Q-oQOZL5nV', 3, 3, '17:00', '18:00');
insert into Wws (usr_id, dayOfWeek, week, start_time, end_time) values ('wx6pB3szeu', 3, 3, '14:00', '17:00');
insert into Wws (usr_id, dayOfWeek, week, start_time, end_time) values ('XCIscvzR-H', 3, 3, '12:00', '14:00');
insert into Wws (usr_id, dayOfWeek, week, start_time, end_time) values ('mrIK5e3A-4', 3, 3, '20:00', '21:00');
insert into Wws (usr_id, dayOfWeek, week, start_time, end_time) values ('GWwnEfu3nC', 3, 3, '11:00', '14:00');
insert into Wws (usr_id, dayOfWeek, week, start_time, end_time) values ('AmcgucKoDC', 3, 3, '19:00', '20:00');
insert into Wws (usr_id, dayOfWeek, week, start_time, end_time) values ('GMHtneWRAn', 3, 3, '21:00', '22:00');
insert into Wws (usr_id, dayOfWeek, week, start_time, end_time) values ('4SGV6IVoJe', 3, 4, '10:00', '14:00');
insert into Wws (usr_id, dayOfWeek, week, start_time, end_time) values ('SZbkeax9f', 3, 4, '16:00', '19:00');
insert into Wws (usr_id, dayOfWeek, week, start_time, end_time) values ('6DCRWibjvS', 3, 4, '13:00', '14:00');
insert into Wws (usr_id, dayOfWeek, week, start_time, end_time) values ('Ta5tsU0vBA', 3, 4, '11:00', '15:00');
insert into Wws (usr_id, dayOfWeek, week, start_time, end_time) values ('s3SgHuuQ_l', 3, 4, '13:00', '17:00');
insert into Wws (usr_id, dayOfWeek, week, start_time, end_time) values ('Q-oQOZL5nV', 3, 4, '17:00', '18:00');
insert into Wws (usr_id, dayOfWeek, week, start_time, end_time) values ('wx6pB3szeu', 3, 4, '14:00', '17:00');
insert into Wws (usr_id, dayOfWeek, week, start_time, end_time) values ('XCIscvzR-H', 3, 4, '12:00', '14:00');
insert into Wws (usr_id, dayOfWeek, week, start_time, end_time) values ('mrIK5e3A-4', 3, 4, '20:00', '21:00');
insert into Wws (usr_id, dayOfWeek, week, start_time, end_time) values ('GWwnEfu3nC', 3, 4, '11:00', '14:00');
insert into Wws (usr_id, dayOfWeek, week, start_time, end_time) values ('AmcgucKoDC', 3, 4, '19:00', '20:00');
insert into Wws (usr_id, dayOfWeek, week, start_time, end_time) values ('GMHtneWRAn', 3, 4, '21:00', '22:00');
insert into Wws (usr_id, dayOfWeek, week, start_time, end_time) values ('YbbWUGXoed', 3, 5, '12:00', '13:00');
insert into Wws (usr_id, dayOfWeek, week, start_time, end_time) values ('3OkiKAnqj', 3, 5, '19:00', '22:00');
insert into Wws (usr_id, dayOfWeek, week, start_time, end_time) values ('wLYHFO52JC', 3, 5, '12:00', '14:00');
insert into Wws (usr_id, dayOfWeek, week, start_time, end_time) values ('5zd8j6ysQv', 3, 5, '13:00', '15:00');
insert into Wws (usr_id, dayOfWeek, week, start_time, end_time) values ('xtoWTyt1Yh', 3, 5, '16:00', '17:00');
insert into Wws (usr_id, dayOfWeek, week, start_time, end_time) values ('4eDkcV8i8k', 3, 5, '15:00', '16:00');
insert into Wws (usr_id, dayOfWeek, week, start_time, end_time) values ('zuXoi6HRKy', 3, 5, '12:00', '14:00');
insert into Wws (usr_id, dayOfWeek, week, start_time, end_time) values ('CrKtHU1XDE', 3, 5, '21:00', '22:00');
insert into Wws (usr_id, dayOfWeek, week, start_time, end_time) values ('D7SW7fT5E3', 3, 5, '14:00', '15:00');
insert into Wws (usr_id, dayOfWeek, week, start_time, end_time) values ('v3JTHsQndX', 3, 5, '10:00', '12:00');
insert into Wws (usr_id, dayOfWeek, week, start_time, end_time) values ('bXm9Ufgimd', 3, 5, '20:00', '22:00');
insert into Wws (usr_id, dayOfWeek, week, start_time, end_time) values ('lPUW8aUwur', 3, 6, '12:00', '15:00');
insert into Wws (usr_id, dayOfWeek, week, start_time, end_time) values ('4SGV6IVoJe', 3, 6, '10:00', '14:00');
insert into Wws (usr_id, dayOfWeek, week, start_time, end_time) values ('YbbWUGXoed', 3, 6, '12:00', '13:00');
insert into Wws (usr_id, dayOfWeek, week, start_time, end_time) values ('3OkiKAnqj', 3, 6, '19:00', '22:00');
insert into Wws (usr_id, dayOfWeek, week, start_time, end_time) values ('wLYHFO52JC', 3, 6, '12:00', '14:00');
insert into Wws (usr_id, dayOfWeek, week, start_time, end_time) values ('5zd8j6ysQv', 3, 6, '13:00', '15:00');
insert into Wws (usr_id, dayOfWeek, week, start_time, end_time) values ('xtoWTyt1Yh', 3, 6, '16:00', '17:00');
insert into Wws (usr_id, dayOfWeek, week, start_time, end_time) values ('4eDkcV8i8k', 3, 6, '15:00', '16:00');
insert into Wws (usr_id, dayOfWeek, week, start_time, end_time) values ('zuXoi6HRKy', 3, 6, '12:00', '14:00');
insert into Wws (usr_id, dayOfWeek, week, start_time, end_time) values ('CrKtHU1XDE', 3, 6, '21:00', '22:00');
insert into Wws (usr_id, dayOfWeek, week, start_time, end_time) values ('D7SW7fT5E3', 3, 6, '14:00', '15:00');
insert into Wws (usr_id, dayOfWeek, week, start_time, end_time) values ('v3JTHsQndX', 3, 6, '10:00', '12:00');
insert into Wws (usr_id, dayOfWeek, week, start_time, end_time) values ('bXm9Ufgimd', 3, 6, '20:00', '22:00');
insert into Wws (usr_id, dayOfWeek, week, start_time, end_time) values ('lPUW8aUwur', 3, 7, '12:00', '15:00');
insert into Wws (usr_id, dayOfWeek, week, start_time, end_time) values ('EmyGZnqoa_', 3, 7, '15:00', '16:00');
insert into Wws (usr_id, dayOfWeek, week, start_time, end_time) values ('SZbkeax9f', 3, 7, '16:00', '19:00');
insert into Wws (usr_id, dayOfWeek, week, start_time, end_time) values ('6DCRWibjvS', 3, 7, '13:00', '14:00');
insert into Wws (usr_id, dayOfWeek, week, start_time, end_time) values ('Ta5tsU0vBA', 3, 7, '11:00', '15:00');
insert into Wws (usr_id, dayOfWeek, week, start_time, end_time) values ('s3SgHuuQ_l', 3, 7, '13:00', '17:00');
insert into Wws (usr_id, dayOfWeek, week, start_time, end_time) values ('Q-oQOZL5nV', 3, 7, '17:00', '18:00');
insert into Wws (usr_id, dayOfWeek, week, start_time, end_time) values ('wx6pB3szeu', 3, 7, '14:00', '17:00');
insert into Wws (usr_id, dayOfWeek, week, start_time, end_time) values ('XCIscvzR-H', 3, 7, '12:00', '14:00');
insert into Wws (usr_id, dayOfWeek, week, start_time, end_time) values ('mrIK5e3A-4', 3, 7, '20:00', '21:00');
insert into Wws (usr_id, dayOfWeek, week, start_time, end_time) values ('GWwnEfu3nC', 3, 7, '11:00', '14:00');
insert into Wws (usr_id, dayOfWeek, week, start_time, end_time) values ('AmcgucKoDC', 3, 7, '19:00', '20:00');
insert into Wws (usr_id, dayOfWeek, week, start_time, end_time) values ('GMHtneWRAn', 3, 7, '21:00', '22:00');


insert into Wws (usr_id, dayOfWeek, week, start_time, end_time) values ('4SGV6IVoJe', 4, 1, '10:00', '14:00');
insert into Wws (usr_id, dayOfWeek, week, start_time, end_time) values ('YbbWUGXoed', 4, 1, '12:00', '13:00');
insert into Wws (usr_id, dayOfWeek, week, start_time, end_time) values ('3OkiKAnqj', 4, 1, '19:00', '22:00');
insert into Wws (usr_id, dayOfWeek, week, start_time, end_time) values ('wLYHFO52JC', 4, 1, '12:00', '14:00');
insert into Wws (usr_id, dayOfWeek, week, start_time, end_time) values ('5zd8j6ysQv', 4, 1, '13:00', '15:00');
insert into Wws (usr_id, dayOfWeek, week, start_time, end_time) values ('xtoWTyt1Yh', 4, 1, '16:00', '17:00');
insert into Wws (usr_id, dayOfWeek, week, start_time, end_time) values ('4eDkcV8i8k', 4, 1, '15:00', '16:00');
insert into Wws (usr_id, dayOfWeek, week, start_time, end_time) values ('zuXoi6HRKy', 4, 1, '12:00', '14:00');
insert into Wws (usr_id, dayOfWeek, week, start_time, end_time) values ('CrKtHU1XDE', 4, 1, '21:00', '22:00');
insert into Wws (usr_id, dayOfWeek, week, start_time, end_time) values ('D7SW7fT5E3', 4, 1, '14:00', '15:00');
insert into Wws (usr_id, dayOfWeek, week, start_time, end_time) values ('v3JTHsQndX', 4, 1, '10:00', '12:00');
insert into Wws (usr_id, dayOfWeek, week, start_time, end_time) values ('bXm9Ufgimd', 4, 1, '20:00', '22:00');
insert into Wws (usr_id, dayOfWeek, week, start_time, end_time) values ('lPUW8aUwur', 4, 1, '12:00', '15:00');
insert into Wws (usr_id, dayOfWeek, week, start_time, end_time) values ('EmyGZnqoa_', 4, 1, '15:00', '16:00');
insert into Wws (usr_id, dayOfWeek, week, start_time, end_time) values ('SZbkeax9f', 4, 1, '16:00', '19:00');
insert into Wws (usr_id, dayOfWeek, week, start_time, end_time) values ('6DCRWibjvS', 4, 1, '13:00', '14:00');
insert into Wws (usr_id, dayOfWeek, week, start_time, end_time) values ('Ta5tsU0vBA', 4, 1, '11:00', '15:00');
insert into Wws (usr_id, dayOfWeek, week, start_time, end_time) values ('s3SgHuuQ_l', 4, 1, '13:00', '17:00');
insert into Wws (usr_id, dayOfWeek, week, start_time, end_time) values ('Q-oQOZL5nV', 4, 1, '17:00', '18:00');
insert into Wws (usr_id, dayOfWeek, week, start_time, end_time) values ('wx6pB3szeu', 4, 1, '14:00', '17:00');
insert into Wws (usr_id, dayOfWeek, week, start_time, end_time) values ('XCIscvzR-H', 4, 1, '12:00', '14:00');
insert into Wws (usr_id, dayOfWeek, week, start_time, end_time) values ('mrIK5e3A-4', 4, 1, '20:00', '21:00');
insert into Wws (usr_id, dayOfWeek, week, start_time, end_time) values ('GWwnEfu3nC', 4, 1, '11:00', '14:00');
insert into Wws (usr_id, dayOfWeek, week, start_time, end_time) values ('AmcgucKoDC', 4, 1, '19:00', '20:00');
insert into Wws (usr_id, dayOfWeek, week, start_time, end_time) values ('GMHtneWRAn', 4, 1, '21:00', '22:00');
insert into Wws (usr_id, dayOfWeek, week, start_time, end_time) values ('4SGV6IVoJe', 4, 2, '10:00', '14:00');
insert into Wws (usr_id, dayOfWeek, week, start_time, end_time) values ('YbbWUGXoed', 4, 2, '12:00', '13:00');
insert into Wws (usr_id, dayOfWeek, week, start_time, end_time) values ('3OkiKAnqj', 4, 2, '19:00', '22:00');
insert into Wws (usr_id, dayOfWeek, week, start_time, end_time) values ('wLYHFO52JC', 4, 2, '12:00', '14:00');
insert into Wws (usr_id, dayOfWeek, week, start_time, end_time) values ('5zd8j6ysQv', 4, 2, '13:00', '15:00');
insert into Wws (usr_id, dayOfWeek, week, start_time, end_time) values ('xtoWTyt1Yh', 4, 2, '16:00', '17:00');
insert into Wws (usr_id, dayOfWeek, week, start_time, end_time) values ('4eDkcV8i8k', 4, 2, '15:00', '16:00');
insert into Wws (usr_id, dayOfWeek, week, start_time, end_time) values ('zuXoi6HRKy', 4, 2, '12:00', '14:00');
insert into Wws (usr_id, dayOfWeek, week, start_time, end_time) values ('CrKtHU1XDE', 4, 2, '21:00', '22:00');
insert into Wws (usr_id, dayOfWeek, week, start_time, end_time) values ('D7SW7fT5E3', 4, 2, '14:00', '15:00');
insert into Wws (usr_id, dayOfWeek, week, start_time, end_time) values ('v3JTHsQndX', 4, 2, '10:00', '12:00');
insert into Wws (usr_id, dayOfWeek, week, start_time, end_time) values ('bXm9Ufgimd', 4, 2, '20:00', '22:00');
insert into Wws (usr_id, dayOfWeek, week, start_time, end_time) values ('lPUW8aUwur', 4, 2, '12:00', '15:00');
insert into Wws (usr_id, dayOfWeek, week, start_time, end_time) values ('EmyGZnqoa_', 4, 2, '15:00', '16:00');
insert into Wws (usr_id, dayOfWeek, week, start_time, end_time) values ('SZbkeax9f', 4, 2, '16:00', '19:00');
insert into Wws (usr_id, dayOfWeek, week, start_time, end_time) values ('6DCRWibjvS', 4, 2, '13:00', '14:00');
insert into Wws (usr_id, dayOfWeek, week, start_time, end_time) values ('Ta5tsU0vBA', 4, 2, '11:00', '15:00');
insert into Wws (usr_id, dayOfWeek, week, start_time, end_time) values ('s3SgHuuQ_l', 4, 2, '13:00', '17:00');
insert into Wws (usr_id, dayOfWeek, week, start_time, end_time) values ('Q-oQOZL5nV', 4, 2, '17:00', '18:00');
insert into Wws (usr_id, dayOfWeek, week, start_time, end_time) values ('wx6pB3szeu', 4, 2, '14:00', '17:00');
insert into Wws (usr_id, dayOfWeek, week, start_time, end_time) values ('XCIscvzR-H', 4, 2, '12:00', '14:00');
insert into Wws (usr_id, dayOfWeek, week, start_time, end_time) values ('mrIK5e3A-4', 4, 2, '20:00', '21:00');
insert into Wws (usr_id, dayOfWeek, week, start_time, end_time) values ('GWwnEfu3nC', 4, 2, '11:00', '14:00');
insert into Wws (usr_id, dayOfWeek, week, start_time, end_time) values ('AmcgucKoDC', 4, 2, '19:00', '20:00');
insert into Wws (usr_id, dayOfWeek, week, start_time, end_time) values ('GMHtneWRAn', 4, 2, '21:00', '22:00');
insert into Wws (usr_id, dayOfWeek, week, start_time, end_time) values ('4SGV6IVoJe', 4, 3, '10:00', '14:00');
insert into Wws (usr_id, dayOfWeek, week, start_time, end_time) values ('YbbWUGXoed', 4, 3, '12:00', '13:00');
insert into Wws (usr_id, dayOfWeek, week, start_time, end_time) values ('3OkiKAnqj', 4, 3, '19:00', '22:00');
insert into Wws (usr_id, dayOfWeek, week, start_time, end_time) values ('wLYHFO52JC', 4, 3, '12:00', '14:00');
insert into Wws (usr_id, dayOfWeek, week, start_time, end_time) values ('5zd8j6ysQv', 4, 3, '13:00', '15:00');
insert into Wws (usr_id, dayOfWeek, week, start_time, end_time) values ('xtoWTyt1Yh', 4, 3, '16:00', '17:00');
insert into Wws (usr_id, dayOfWeek, week, start_time, end_time) values ('4eDkcV8i8k', 4, 3, '15:00', '16:00');
insert into Wws (usr_id, dayOfWeek, week, start_time, end_time) values ('zuXoi6HRKy', 4, 3, '12:00', '14:00');
insert into Wws (usr_id, dayOfWeek, week, start_time, end_time) values ('CrKtHU1XDE', 4, 3, '21:00', '22:00');
insert into Wws (usr_id, dayOfWeek, week, start_time, end_time) values ('D7SW7fT5E3', 4, 3, '14:00', '15:00');
insert into Wws (usr_id, dayOfWeek, week, start_time, end_time) values ('v3JTHsQndX', 4, 3, '10:00', '12:00');
insert into Wws (usr_id, dayOfWeek, week, start_time, end_time) values ('bXm9Ufgimd', 4, 3, '20:00', '22:00');
insert into Wws (usr_id, dayOfWeek, week, start_time, end_time) values ('lPUW8aUwur', 4, 3, '12:00', '15:00');
insert into Wws (usr_id, dayOfWeek, week, start_time, end_time) values ('EmyGZnqoa_', 4, 3, '15:00', '16:00');
insert into Wws (usr_id, dayOfWeek, week, start_time, end_time) values ('SZbkeax9f', 4, 3, '16:00', '19:00');
insert into Wws (usr_id, dayOfWeek, week, start_time, end_time) values ('6DCRWibjvS', 4, 3, '13:00', '14:00');
insert into Wws (usr_id, dayOfWeek, week, start_time, end_time) values ('Ta5tsU0vBA', 4, 3, '11:00', '15:00');
insert into Wws (usr_id, dayOfWeek, week, start_time, end_time) values ('s3SgHuuQ_l', 4, 3, '13:00', '17:00');
insert into Wws (usr_id, dayOfWeek, week, start_time, end_time) values ('Q-oQOZL5nV', 4, 3, '17:00', '18:00');
insert into Wws (usr_id, dayOfWeek, week, start_time, end_time) values ('wx6pB3szeu', 4, 3, '14:00', '17:00');
insert into Wws (usr_id, dayOfWeek, week, start_time, end_time) values ('XCIscvzR-H', 4, 3, '12:00', '14:00');
insert into Wws (usr_id, dayOfWeek, week, start_time, end_time) values ('mrIK5e3A-4', 4, 3, '20:00', '21:00');
insert into Wws (usr_id, dayOfWeek, week, start_time, end_time) values ('GWwnEfu3nC', 4, 3, '11:00', '14:00');
insert into Wws (usr_id, dayOfWeek, week, start_time, end_time) values ('AmcgucKoDC', 4, 3, '19:00', '20:00');
insert into Wws (usr_id, dayOfWeek, week, start_time, end_time) values ('GMHtneWRAn', 4, 3, '21:00', '22:00');
insert into Wws (usr_id, dayOfWeek, week, start_time, end_time) values ('4SGV6IVoJe', 4, 4, '10:00', '14:00');
insert into Wws (usr_id, dayOfWeek, week, start_time, end_time) values ('SZbkeax9f', 4, 4, '16:00', '19:00');
insert into Wws (usr_id, dayOfWeek, week, start_time, end_time) values ('6DCRWibjvS', 4, 4, '13:00', '14:00');
insert into Wws (usr_id, dayOfWeek, week, start_time, end_time) values ('Ta5tsU0vBA', 4, 4, '11:00', '15:00');
insert into Wws (usr_id, dayOfWeek, week, start_time, end_time) values ('s3SgHuuQ_l', 4, 4, '13:00', '17:00');
insert into Wws (usr_id, dayOfWeek, week, start_time, end_time) values ('Q-oQOZL5nV', 4, 4, '17:00', '18:00');
insert into Wws (usr_id, dayOfWeek, week, start_time, end_time) values ('wx6pB3szeu', 4, 4, '14:00', '17:00');
insert into Wws (usr_id, dayOfWeek, week, start_time, end_time) values ('XCIscvzR-H', 4, 4, '12:00', '14:00');
insert into Wws (usr_id, dayOfWeek, week, start_time, end_time) values ('mrIK5e3A-4', 4, 4, '20:00', '21:00');
insert into Wws (usr_id, dayOfWeek, week, start_time, end_time) values ('GWwnEfu3nC', 4, 4, '11:00', '14:00');
insert into Wws (usr_id, dayOfWeek, week, start_time, end_time) values ('AmcgucKoDC', 4, 4, '19:00', '20:00');
insert into Wws (usr_id, dayOfWeek, week, start_time, end_time) values ('GMHtneWRAn', 4, 4, '21:00', '22:00');
insert into Wws (usr_id, dayOfWeek, week, start_time, end_time) values ('YbbWUGXoed', 4, 5, '12:00', '13:00');
insert into Wws (usr_id, dayOfWeek, week, start_time, end_time) values ('3OkiKAnqj', 4, 5, '19:00', '22:00');
insert into Wws (usr_id, dayOfWeek, week, start_time, end_time) values ('wLYHFO52JC', 4, 5, '12:00', '14:00');
insert into Wws (usr_id, dayOfWeek, week, start_time, end_time) values ('5zd8j6ysQv', 4, 5, '13:00', '15:00');
insert into Wws (usr_id, dayOfWeek, week, start_time, end_time) values ('xtoWTyt1Yh', 4, 5, '16:00', '17:00');
insert into Wws (usr_id, dayOfWeek, week, start_time, end_time) values ('4eDkcV8i8k', 4, 5, '15:00', '16:00');
insert into Wws (usr_id, dayOfWeek, week, start_time, end_time) values ('zuXoi6HRKy', 4, 5, '12:00', '14:00');
insert into Wws (usr_id, dayOfWeek, week, start_time, end_time) values ('CrKtHU1XDE', 4, 5, '21:00', '22:00');
insert into Wws (usr_id, dayOfWeek, week, start_time, end_time) values ('D7SW7fT5E3', 4, 5, '14:00', '15:00');
insert into Wws (usr_id, dayOfWeek, week, start_time, end_time) values ('v3JTHsQndX', 4, 5, '10:00', '12:00');
insert into Wws (usr_id, dayOfWeek, week, start_time, end_time) values ('bXm9Ufgimd', 4, 5, '20:00', '22:00');
insert into Wws (usr_id, dayOfWeek, week, start_time, end_time) values ('lPUW8aUwur', 4, 6, '12:00', '15:00');
insert into Wws (usr_id, dayOfWeek, week, start_time, end_time) values ('4SGV6IVoJe', 4, 6, '10:00', '14:00');
insert into Wws (usr_id, dayOfWeek, week, start_time, end_time) values ('YbbWUGXoed', 4, 6, '12:00', '13:00');
insert into Wws (usr_id, dayOfWeek, week, start_time, end_time) values ('3OkiKAnqj', 4, 6, '19:00', '22:00');
insert into Wws (usr_id, dayOfWeek, week, start_time, end_time) values ('wLYHFO52JC', 4, 6, '12:00', '14:00');
insert into Wws (usr_id, dayOfWeek, week, start_time, end_time) values ('5zd8j6ysQv', 4, 6, '13:00', '15:00');
insert into Wws (usr_id, dayOfWeek, week, start_time, end_time) values ('xtoWTyt1Yh', 4, 6, '16:00', '17:00');
insert into Wws (usr_id, dayOfWeek, week, start_time, end_time) values ('4eDkcV8i8k', 4, 6, '15:00', '16:00');
insert into Wws (usr_id, dayOfWeek, week, start_time, end_time) values ('zuXoi6HRKy', 4, 6, '12:00', '14:00');
insert into Wws (usr_id, dayOfWeek, week, start_time, end_time) values ('CrKtHU1XDE', 4, 6, '21:00', '22:00');
insert into Wws (usr_id, dayOfWeek, week, start_time, end_time) values ('D7SW7fT5E3', 4, 6, '14:00', '15:00');
insert into Wws (usr_id, dayOfWeek, week, start_time, end_time) values ('v3JTHsQndX', 4, 6, '10:00', '12:00');
insert into Wws (usr_id, dayOfWeek, week, start_time, end_time) values ('bXm9Ufgimd', 4, 6, '20:00', '22:00');
insert into Wws (usr_id, dayOfWeek, week, start_time, end_time) values ('lPUW8aUwur', 4, 7, '12:00', '15:00');
insert into Wws (usr_id, dayOfWeek, week, start_time, end_time) values ('EmyGZnqoa_', 4, 7, '15:00', '16:00');
insert into Wws (usr_id, dayOfWeek, week, start_time, end_time) values ('SZbkeax9f', 4, 7, '16:00', '19:00');
insert into Wws (usr_id, dayOfWeek, week, start_time, end_time) values ('6DCRWibjvS', 4, 7, '13:00', '14:00');
insert into Wws (usr_id, dayOfWeek, week, start_time, end_time) values ('Ta5tsU0vBA', 4, 7, '11:00', '15:00');
insert into Wws (usr_id, dayOfWeek, week, start_time, end_time) values ('s3SgHuuQ_l', 4, 7, '13:00', '17:00');
insert into Wws (usr_id, dayOfWeek, week, start_time, end_time) values ('Q-oQOZL5nV', 4, 7, '17:00', '18:00');
insert into Wws (usr_id, dayOfWeek, week, start_time, end_time) values ('wx6pB3szeu', 4, 7, '14:00', '17:00');
insert into Wws (usr_id, dayOfWeek, week, start_time, end_time) values ('XCIscvzR-H', 4, 7, '12:00', '14:00');
insert into Wws (usr_id, dayOfWeek, week, start_time, end_time) values ('mrIK5e3A-4', 4, 7, '20:00', '21:00');
insert into Wws (usr_id, dayOfWeek, week, start_time, end_time) values ('GWwnEfu3nC', 4, 7, '11:00', '14:00');
insert into Wws (usr_id, dayOfWeek, week, start_time, end_time) values ('AmcgucKoDC', 4, 7, '19:00', '20:00');
insert into Wws (usr_id, dayOfWeek, week, start_time, end_time) values ('GMHtneWRAn', 4, 7, '21:00', '22:00');
